{
  "id" : "gr3yir8dynuvvrwp39ox",
  "name" : "snowcast_wormhole",
  "description" : "The complete workflow for snowcast workflow creation, train, test, validation, deploy, predict.",
  "owner" : "111111",
  "confidential" : "FALSE",
  "edges" : "[{\"source\":{\"color\":\"grey\",\"x\":906.2921447753906,\"y\":229.2899169921875,\"skip\":false,\"id\":\"mi3e5n-ayEOE\",\"title\":\"model_comparison\"},\"target\":{\"color\":\"grey\",\"x\":909.5406036376953,\"y\":391.37754249572754,\"skip\":false,\"id\":\"2wkl6e-MtyUU\",\"title\":\"service_deployment\"}},{\"source\":{\"color\":\"grey\",\"x\":909.5406036376953,\"y\":391.37754249572754,\"skip\":false,\"id\":\"2wkl6e-MtyUU\",\"title\":\"service_deployment\"},\"target\":{\"color\":\"grey\",\"x\":911.1682739257812,\"y\":562.8247222900391,\"skip\":false,\"id\":\"i2fynz-5tAuo\",\"title\":\"service_prediction\"}},{\"source\":{\"color\":\"grey\",\"x\":903.8374328613281,\"y\":-118.93993759155273,\"id\":\"e8k4wq-NpGXw\",\"title\":\"model_train_validate\"},\"target\":{\"color\":\"grey\",\"x\":904.258056640625,\"y\":67.80362701416016,\"skip\":false,\"id\":\"h1qp9v-hoOny\",\"title\":\"model_predict\"}},{\"source\":{\"color\":\"grey\",\"x\":904.258056640625,\"y\":67.80362701416016,\"skip\":false,\"id\":\"h1qp9v-hoOny\",\"title\":\"model_predict\"},\"target\":{\"color\":\"grey\",\"x\":906.2921447753906,\"y\":229.2899169921875,\"skip\":false,\"id\":\"mi3e5n-ayEOE\",\"title\":\"model_comparison\"}},{\"source\":{\"color\":\"grey\",\"x\":-24.579291343688965,\"y\":-118.66191864013672,\"skip\":false,\"id\":\"u7xh2p-OKVl7\",\"title\":\"data_integration\"},\"target\":{\"color\":\"grey\",\"x\":903.8374328613281,\"y\":-118.93993759155273,\"id\":\"e8k4wq-NpGXw\",\"title\":\"model_train_validate\"}},{\"source\":{\"color\":\"grey\",\"x\":635.9966278076172,\"y\":-308.12730884552,\"skip\":false,\"id\":\"c2xkhz-1awEG\",\"title\":\"model_creation_rf\"},\"target\":{\"color\":\"grey\",\"x\":903.8374328613281,\"y\":-118.93993759155273,\"id\":\"e8k4wq-NpGXw\",\"title\":\"model_train_validate\"}},{\"source\":{\"color\":\"grey\",\"x\":-27.190040588378906,\"y\":-497.7861785888672,\"skip\":\"false\",\"id\":\"rmxece-vt2eo\",\"title\":\"data_associate_station_grid_cell\"},\"target\":{\"color\":\"grey\",\"x\":-403.32128143310547,\"y\":-688.2344818115234,\"skip\":\"false\",\"id\":\"7temiv-Jczqq\",\"title\":\"data_gee_sentinel1_station_only\"}},{\"source\":{\"color\":\"grey\",\"x\":-27.190040588378906,\"y\":-497.7861785888672,\"skip\":\"false\",\"id\":\"rmxece-vt2eo\",\"title\":\"data_associate_station_grid_cell\"},\"target\":{\"color\":\"grey\",\"x\":-26.54155921936035,\"y\":-689.9634094238281,\"skip\":\"false\",\"id\":\"525l8q-po1Pp\",\"title\":\"data_gee_modis_station_only\"}},{\"source\":{\"color\":\"grey\",\"x\":-27.190040588378906,\"y\":-497.7861785888672,\"skip\":\"false\",\"id\":\"rmxece-vt2eo\",\"title\":\"data_associate_station_grid_cell\"},\"target\":{\"color\":\"grey\",\"x\":305.4110107421875,\"y\":-675.2048797607422,\"skip\":\"false\",\"id\":\"urd0nk-W7SI1\",\"title\":\"data_terrainFeatures\"}},{\"source\":{\"color\":\"grey\",\"x\":-27.190040588378906,\"y\":-497.7861785888672,\"skip\":\"false\",\"id\":\"rmxece-vt2eo\",\"title\":\"data_associate_station_grid_cell\"},\"target\":{\"color\":\"grey\",\"x\":339.6159420013428,\"y\":-495.5141124725342,\"skip\":\"false\",\"id\":\"78vedq-gHIhY\",\"title\":\"data_sentinel2\"}},{\"source\":{\"color\":\"grey\",\"x\":-27.190040588378906,\"y\":-497.7861785888672,\"skip\":\"false\",\"id\":\"rmxece-vt2eo\",\"title\":\"data_associate_station_grid_cell\"},\"target\":{\"color\":\"grey\",\"x\":-26.011062622070312,\"y\":-308.8345642089844,\"skip\":false,\"id\":\"a8p3n7-6pzFa\",\"title\":\"data_gee_gridmet_station_only\"}},{\"source\":{\"color\":\"grey\",\"x\":-26.011062622070312,\"y\":-308.8345642089844,\"skip\":false,\"id\":\"a8p3n7-6pzFa\",\"title\":\"data_gee_gridmet_station_only\"},\"target\":{\"color\":\"grey\",\"x\":-24.579291343688965,\"y\":-118.66191864013672,\"skip\":false,\"id\":\"u7xh2p-OKVl7\",\"title\":\"data_integration\"}},{\"source\":{\"color\":\"grey\",\"x\":904.2027587890625,\"y\":-508.36915588378906,\"skip\":false,\"id\":\"y7nb46-JXnHl\",\"title\":\"base_hole\"},\"target\":{\"color\":\"grey\",\"x\":635.9966278076172,\"y\":-308.12730884552,\"skip\":false,\"id\":\"c2xkhz-1awEG\",\"title\":\"model_creation_rf\"}},{\"source\":{\"color\":\"grey\",\"x\":906.248779296875,\"y\":-308.599760055542,\"skip\":false,\"id\":\"4i0sop-KxaIW\",\"title\":\"model_creation_xgboost\"},\"target\":{\"color\":\"grey\",\"x\":903.8374328613281,\"y\":-118.93993759155273,\"id\":\"e8k4wq-NpGXw\",\"title\":\"model_train_validate\"}},{\"source\":{\"color\":\"grey\",\"x\":635.9966278076172,\"y\":-308.12730884552,\"skip\":false,\"id\":\"c2xkhz-1awEG\",\"title\":\"model_creation_rf\"},\"target\":{\"color\":\"grey\",\"x\":906.248779296875,\"y\":-308.599760055542,\"skip\":false,\"id\":\"4i0sop-KxaIW\",\"title\":\"model_creation_xgboost\"}},{\"source\":{\"color\":\"grey\",\"x\":-27.52823829650879,\"y\":69.52156066894531,\"skip\":false,\"id\":\"illwc1-a7JJA\",\"title\":\"data_gee_modis_real_time\"},\"target\":{\"color\":\"grey\",\"x\":435.49627685546875,\"y\":68.8785629272461,\"skip\":false,\"id\":\"b63prf-rJm7p\",\"title\":\"testing_data_integration\"}},{\"source\":{\"color\":\"grey\",\"x\":-27.019752502441406,\"y\":212.81556701660156,\"skip\":false,\"id\":\"sjs5by-Fdhhs\",\"title\":\"data_gee_sentinel1_real_time\"},\"target\":{\"color\":\"grey\",\"x\":435.49627685546875,\"y\":68.8785629272461,\"skip\":false,\"id\":\"b63prf-rJm7p\",\"title\":\"testing_data_integration\"}},{\"source\":{\"color\":\"grey\",\"x\":-25.061655044555664,\"y\":339.22694396972656,\"skip\":false,\"id\":\"smsdr0-xjmRL\",\"title\":\"data_gee_gridmet_real_time\"},\"target\":{\"color\":\"grey\",\"x\":435.49627685546875,\"y\":68.8785629272461,\"skip\":false,\"id\":\"b63prf-rJm7p\",\"title\":\"testing_data_integration\"}},{\"source\":{\"color\":\"grey\",\"x\":435.49627685546875,\"y\":68.8785629272461,\"skip\":false,\"id\":\"b63prf-rJm7p\",\"title\":\"testing_data_integration\"},\"target\":{\"color\":\"grey\",\"x\":904.258056640625,\"y\":67.80362701416016,\"skip\":false,\"id\":\"h1qp9v-hoOny\",\"title\":\"model_predict\"}},{\"source\":{\"color\":\"grey\",\"x\":-404.2965316772461,\"y\":67.21940612792969,\"skip\":false,\"id\":\"zh38b6-27QP2\",\"title\":\"snowcast_utils\"},\"target\":{\"color\":\"grey\",\"x\":-25.061655044555664,\"y\":339.22694396972656,\"skip\":false,\"id\":\"smsdr0-xjmRL\",\"title\":\"data_gee_gridmet_real_time\"}},{\"source\":{\"color\":\"grey\",\"x\":-404.2965316772461,\"y\":67.21940612792969,\"skip\":false,\"id\":\"zh38b6-27QP2\",\"title\":\"snowcast_utils\"},\"target\":{\"color\":\"grey\",\"x\":-27.019752502441406,\"y\":212.81556701660156,\"skip\":false,\"id\":\"sjs5by-Fdhhs\",\"title\":\"data_gee_sentinel1_real_time\"}},{\"source\":{\"color\":\"grey\",\"x\":-404.2965316772461,\"y\":67.21940612792969,\"skip\":false,\"id\":\"zh38b6-27QP2\",\"title\":\"snowcast_utils\"},\"target\":{\"color\":\"grey\",\"x\":-27.52823829650879,\"y\":69.52156066894531,\"skip\":false,\"id\":\"illwc1-a7JJA\",\"title\":\"data_gee_modis_real_time\"}},{\"source\":{\"color\":\"grey\",\"x\":1202.5730285644531,\"y\":-118.060706615448,\"skip\":false,\"id\":\"wdh394-8SWut\",\"title\":\"model_create_kehan\"},\"target\":{\"color\":\"grey\",\"x\":903.8374328613281,\"y\":-118.93993759155273,\"id\":\"e8k4wq-NpGXw\",\"title\":\"model_train_validate\"}},{\"source\":{\"color\":\"grey\",\"x\":-404.2965316772461,\"y\":67.21940612792969,\"skip\":false,\"id\":\"zh38b6-27QP2\",\"title\":\"snowcast_utils\"},\"target\":{\"color\":\"grey\",\"x\":-23.96510601043701,\"y\":478.42083740234375,\"skip\":false,\"id\":\"p87wh1-qxSI7\",\"title\":\"data_snotel_real_time\"}},{\"source\":{\"color\":\"grey\",\"x\":-23.96510601043701,\"y\":478.42083740234375,\"skip\":false,\"id\":\"p87wh1-qxSI7\",\"title\":\"data_snotel_real_time\"},\"target\":{\"color\":\"grey\",\"x\":435.49627685546875,\"y\":68.8785629272461,\"skip\":false,\"id\":\"b63prf-rJm7p\",\"title\":\"testing_data_integration\"}},{\"source\":{\"color\":\"grey\",\"x\":-401.4717483520508,\"y\":238.6702423095703,\"skip\":false,\"id\":\"ilbqzg-LK9Mi\",\"title\":\"all_dependencies\"},\"target\":{\"color\":\"grey\",\"x\":-404.2965316772461,\"y\":67.21940612792969,\"skip\":false,\"id\":\"zh38b6-27QP2\",\"title\":\"snowcast_utils\"}},{\"source\":{\"color\":\"grey\",\"x\":-27.190040588378906,\"y\":-497.7861785888672,\"skip\":\"false\",\"id\":\"rmxece-vt2eo\",\"title\":\"data_associate_station_grid_cell\"},\"target\":{\"color\":\"grey\",\"x\":335.8880615234375,\"y\":-307.9323272705078,\"skip\":false,\"id\":\"do86ae-0INNj\",\"title\":\"data_WUS_UCLA_SR\"}},{\"source\":{\"color\":\"grey\",\"x\":335.8880615234375,\"y\":-307.9323272705078,\"skip\":false,\"id\":\"do86ae-0INNj\",\"title\":\"data_WUS_UCLA_SR\"},\"target\":{\"color\":\"grey\",\"x\":-24.579291343688965,\"y\":-118.66191864013672,\"skip\":false,\"id\":\"u7xh2p-OKVl7\",\"title\":\"data_integration\"}},{\"source\":{\"color\":\"grey\",\"x\":904.2027587890625,\"y\":-508.36915588378906,\"skip\":false,\"id\":\"y7nb46-JXnHl\",\"title\":\"base_hole\"},\"target\":{\"color\":\"grey\",\"x\":906.248779296875,\"y\":-308.599760055542,\"skip\":false,\"id\":\"4i0sop-KxaIW\",\"title\":\"model_creation_xgboost\"}},{\"source\":{\"color\":\"grey\",\"x\":904.2027587890625,\"y\":-508.36915588378906,\"skip\":false,\"id\":\"y7nb46-JXnHl\",\"title\":\"base_hole\"},\"target\":{\"color\":\"grey\",\"x\":1201.8993530273438,\"y\":-503.3538131713867,\"skip\":false,\"id\":\"rauqsh-O5e8L\",\"title\":\"model_creation_ghostnet\"}},{\"source\":{\"color\":\"grey\",\"x\":904.2027587890625,\"y\":-508.36915588378906,\"skip\":false,\"id\":\"y7nb46-JXnHl\",\"title\":\"base_hole\"},\"target\":{\"color\":\"grey\",\"x\":1203.904294013977,\"y\":-645.0264663696289,\"skip\":false,\"id\":\"mxpyqt-56igl\",\"title\":\"model_creation_lstm\"}},{\"source\":{\"color\":\"grey\",\"x\":-27.190040588378906,\"y\":-497.7861785888672,\"skip\":\"false\",\"id\":\"rmxece-vt2eo\",\"title\":\"data_associate_station_grid_cell\"},\"target\":{\"color\":\"grey\",\"x\":-327.4630126953125,\"y\":-310.197265625,\"skip\":false,\"id\":\"gkhtc0-oDz2d\",\"title\":\"data_nsidc_4km_swe\"}},{\"source\":{\"color\":\"grey\",\"x\":-327.4630126953125,\"y\":-310.197265625,\"skip\":false,\"id\":\"gkhtc0-oDz2d\",\"title\":\"data_nsidc_4km_swe\"},\"target\":{\"color\":\"grey\",\"x\":-24.579291343688965,\"y\":-118.66191864013672,\"skip\":false,\"id\":\"u7xh2p-OKVl7\",\"title\":\"data_integration\"}},{\"source\":{\"color\":\"grey\",\"x\":904.2027587890625,\"y\":-508.36915588378906,\"skip\":false,\"id\":\"y7nb46-JXnHl\",\"title\":\"base_hole\"},\"target\":{\"color\":\"grey\",\"x\":1200.7693481445312,\"y\":-307.75345611572266,\"skip\":false,\"id\":\"lbd6cp-FpmOC\",\"title\":\"model_creation_et\"}},{\"source\":{\"color\":\"grey\",\"x\":1200.7693481445312,\"y\":-307.75345611572266,\"skip\":false,\"id\":\"lbd6cp-FpmOC\",\"title\":\"model_creation_et\"},\"target\":{\"color\":\"grey\",\"x\":903.8374328613281,\"y\":-118.93993759155273,\"id\":\"e8k4wq-NpGXw\",\"title\":\"model_train_validate\"}}]",
  "nodes" : "[{\"color\":\"grey\",\"x\":339.6159420013428,\"y\":-495.5141124725342,\"skip\":\"false\",\"id\":\"78vedq-gHIhY\",\"title\":\"data_sentinel2\"},{\"color\":\"grey\",\"x\":1203.904294013977,\"y\":-645.0264663696289,\"skip\":false,\"id\":\"mxpyqt-56igl\",\"title\":\"model_creation_lstm\"},{\"color\":\"grey\",\"x\":635.9966278076172,\"y\":-308.12730884552,\"skip\":false,\"id\":\"c2xkhz-1awEG\",\"title\":\"model_creation_rf\"},{\"color\":\"grey\",\"x\":1201.8993530273438,\"y\":-503.3538131713867,\"skip\":false,\"id\":\"rauqsh-O5e8L\",\"title\":\"model_creation_ghostnet\"},{\"color\":\"grey\",\"x\":906.2921447753906,\"y\":229.2899169921875,\"skip\":false,\"id\":\"mi3e5n-ayEOE\",\"title\":\"model_comparison\"},{\"color\":\"grey\",\"x\":-24.579291343688965,\"y\":-118.66191864013672,\"skip\":false,\"id\":\"u7xh2p-OKVl7\",\"title\":\"data_integration\"},{\"color\":\"grey\",\"x\":909.5406036376953,\"y\":391.37754249572754,\"skip\":false,\"id\":\"2wkl6e-MtyUU\",\"title\":\"service_deployment\"},{\"color\":\"grey\",\"x\":911.1682739257812,\"y\":562.8247222900391,\"skip\":false,\"id\":\"i2fynz-5tAuo\",\"title\":\"service_prediction\"},{\"color\":\"grey\",\"x\":903.8374328613281,\"y\":-118.93993759155273,\"id\":\"e8k4wq-NpGXw\",\"title\":\"model_train_validate\"},{\"color\":\"grey\",\"x\":904.258056640625,\"y\":67.80362701416016,\"skip\":false,\"id\":\"h1qp9v-hoOny\",\"title\":\"model_predict\"},{\"color\":\"grey\",\"x\":305.4110107421875,\"y\":-675.2048797607422,\"skip\":\"false\",\"id\":\"urd0nk-W7SI1\",\"title\":\"data_terrainFeatures\"},{\"color\":\"grey\",\"x\":-26.54155921936035,\"y\":-689.9634094238281,\"skip\":\"false\",\"id\":\"525l8q-po1Pp\",\"title\":\"data_gee_modis_station_only\"},{\"color\":\"grey\",\"x\":-403.32128143310547,\"y\":-688.2344818115234,\"skip\":\"false\",\"id\":\"7temiv-Jczqq\",\"title\":\"data_gee_sentinel1_station_only\"},{\"color\":\"grey\",\"x\":-27.190040588378906,\"y\":-497.7861785888672,\"skip\":\"false\",\"id\":\"rmxece-vt2eo\",\"title\":\"data_associate_station_grid_cell\"},{\"color\":\"grey\",\"x\":-27.52823829650879,\"y\":69.52156066894531,\"skip\":false,\"id\":\"illwc1-a7JJA\",\"title\":\"data_gee_modis_real_time\"},{\"color\":\"grey\",\"x\":-27.019752502441406,\"y\":212.81556701660156,\"skip\":false,\"id\":\"sjs5by-Fdhhs\",\"title\":\"data_gee_sentinel1_real_time\"},{\"color\":\"grey\",\"x\":904.2027587890625,\"y\":-508.36915588378906,\"skip\":false,\"id\":\"y7nb46-JXnHl\",\"title\":\"base_hole\"},{\"color\":\"grey\",\"x\":-26.011062622070312,\"y\":-308.8345642089844,\"skip\":false,\"id\":\"a8p3n7-6pzFa\",\"title\":\"data_gee_gridmet_station_only\"},{\"color\":\"grey\",\"x\":-25.061655044555664,\"y\":339.22694396972656,\"skip\":false,\"id\":\"smsdr0-xjmRL\",\"title\":\"data_gee_gridmet_real_time\"},{\"color\":\"grey\",\"x\":906.248779296875,\"y\":-308.599760055542,\"skip\":false,\"id\":\"4i0sop-KxaIW\",\"title\":\"model_creation_xgboost\"},{\"color\":\"grey\",\"x\":435.49627685546875,\"y\":68.8785629272461,\"skip\":false,\"id\":\"b63prf-rJm7p\",\"title\":\"testing_data_integration\"},{\"color\":\"grey\",\"x\":-404.2965316772461,\"y\":67.21940612792969,\"skip\":false,\"id\":\"zh38b6-27QP2\",\"title\":\"snowcast_utils\"},{\"color\":\"grey\",\"x\":1202.5730285644531,\"y\":-118.060706615448,\"skip\":false,\"id\":\"wdh394-8SWut\",\"title\":\"model_create_kehan\"},{\"color\":\"grey\",\"x\":-23.96510601043701,\"y\":478.42083740234375,\"skip\":false,\"id\":\"p87wh1-qxSI7\",\"title\":\"data_snotel_real_time\"},{\"color\":\"grey\",\"x\":-401.4717483520508,\"y\":238.6702423095703,\"skip\":false,\"id\":\"ilbqzg-LK9Mi\",\"title\":\"all_dependencies\"},{\"color\":\"grey\",\"x\":335.8880615234375,\"y\":-307.9323272705078,\"skip\":false,\"id\":\"do86ae-0INNj\",\"title\":\"data_WUS_UCLA_SR\"},{\"color\":\"grey\",\"x\":-327.4630126953125,\"y\":-310.197265625,\"skip\":false,\"id\":\"gkhtc0-oDz2d\",\"title\":\"data_nsidc_4km_swe\"},{\"color\":\"grey\",\"x\":1200.7693481445312,\"y\":-307.75345611572266,\"skip\":false,\"id\":\"lbd6cp-FpmOC\",\"title\":\"model_creation_et\"},{\"x\":1476.9480590820312,\"y\":-304.23553466796875,\"skip\":\"true\",\"id\":\"lbd6cp-1xOrZ\",\"title\":\"model_creation_et\",\"color\":\"darkseagreen\"}]"
}
