[{
  "history_id" : "8b9og8wqsyk",
  "history_input" : null,
  "history_output" : null,
  "history_begin_time" : null,
  "history_end_time" : 1677958754087,
  "history_notes" : null,
  "history_process" : "78vedq",
  "host_id" : "45wlwr",
  "indicator" : "Stopped"
},{
  "history_id" : "p0n9ivxty9b",
  "history_input" : null,
  "history_output" : null,
  "history_begin_time" : null,
  "history_end_time" : 1677958754093,
  "history_notes" : null,
  "history_process" : "mxpyqt",
  "host_id" : "45wlwr",
  "indicator" : "Stopped"
},{
  "history_id" : "o87dc78w9kx",
  "history_input" : null,
  "history_output" : null,
  "history_begin_time" : null,
  "history_end_time" : 1677958754095,
  "history_notes" : null,
  "history_process" : "c2xkhz",
  "host_id" : "45wlwr",
  "indicator" : "Stopped"
},{
  "history_id" : "0512r7rpfd3",
  "history_input" : null,
  "history_output" : null,
  "history_begin_time" : null,
  "history_end_time" : 1677958754096,
  "history_notes" : null,
  "history_process" : "rauqsh",
  "host_id" : "45wlwr",
  "indicator" : "Stopped"
},{
  "history_id" : "1u4jpx2sqme",
  "history_input" : null,
  "history_output" : null,
  "history_begin_time" : null,
  "history_end_time" : 1677958754098,
  "history_notes" : null,
  "history_process" : "mi3e5n",
  "host_id" : "45wlwr",
  "indicator" : "Stopped"
},{
  "history_id" : "dfxtlgzpsqc",
  "history_input" : null,
  "history_output" : null,
  "history_begin_time" : null,
  "history_end_time" : 1677958754099,
  "history_notes" : null,
  "history_process" : "u7xh2p",
  "host_id" : "45wlwr",
  "indicator" : "Stopped"
},{
  "history_id" : "rwwhycxlkia",
  "history_input" : null,
  "history_output" : null,
  "history_begin_time" : null,
  "history_end_time" : 1677958754101,
  "history_notes" : null,
  "history_process" : "2wkl6e",
  "host_id" : "45wlwr",
  "indicator" : "Stopped"
},{
  "history_id" : "f7suez7hpu3",
  "history_input" : null,
  "history_output" : null,
  "history_begin_time" : null,
  "history_end_time" : 1677958754101,
  "history_notes" : null,
  "history_process" : "i2fynz",
  "host_id" : "45wlwr",
  "indicator" : "Stopped"
},{
  "history_id" : "9p4y36l07ac",
  "history_input" : null,
  "history_output" : null,
  "history_begin_time" : null,
  "history_end_time" : 1677958754102,
  "history_notes" : null,
  "history_process" : "e8k4wq",
  "host_id" : "45wlwr",
  "indicator" : "Stopped"
},{
  "history_id" : "z2ijhfovc0z",
  "history_input" : null,
  "history_output" : null,
  "history_begin_time" : null,
  "history_end_time" : 1677958754104,
  "history_notes" : null,
  "history_process" : "h1qp9v",
  "host_id" : "45wlwr",
  "indicator" : "Stopped"
},{
  "history_id" : "df0o6z2t6k3",
  "history_input" : null,
  "history_output" : null,
  "history_begin_time" : null,
  "history_end_time" : 1677958754105,
  "history_notes" : null,
  "history_process" : "urd0nk",
  "host_id" : "45wlwr",
  "indicator" : "Stopped"
},{
  "history_id" : "448awhiofbc",
  "history_input" : null,
  "history_output" : null,
  "history_begin_time" : null,
  "history_end_time" : 1677958754107,
  "history_notes" : null,
  "history_process" : "525l8q",
  "host_id" : "45wlwr",
  "indicator" : "Stopped"
},{
  "history_id" : "uubg1ol9whl",
  "history_input" : null,
  "history_output" : null,
  "history_begin_time" : null,
  "history_end_time" : 1677958754108,
  "history_notes" : null,
  "history_process" : "7temiv",
  "host_id" : "45wlwr",
  "indicator" : "Stopped"
},{
  "history_id" : "2z3amwd0wfs",
  "history_input" : null,
  "history_output" : null,
  "history_begin_time" : null,
  "history_end_time" : 1677958754109,
  "history_notes" : null,
  "history_process" : "rmxece",
  "host_id" : "45wlwr",
  "indicator" : "Stopped"
},{
  "history_id" : "jcs51lnd5i2",
  "history_input" : null,
  "history_output" : null,
  "history_begin_time" : null,
  "history_end_time" : 1677958754111,
  "history_notes" : null,
  "history_process" : "illwc1",
  "host_id" : "45wlwr",
  "indicator" : "Stopped"
},{
  "history_id" : "gsv7gyooxho",
  "history_input" : null,
  "history_output" : null,
  "history_begin_time" : null,
  "history_end_time" : 1677958754112,
  "history_notes" : null,
  "history_process" : "sjs5by",
  "host_id" : "45wlwr",
  "indicator" : "Stopped"
},{
  "history_id" : "xyp2jskk145",
  "history_input" : null,
  "history_output" : null,
  "history_begin_time" : null,
  "history_end_time" : 1677958754114,
  "history_notes" : null,
  "history_process" : "y7nb46",
  "host_id" : "45wlwr",
  "indicator" : "Stopped"
},{
  "history_id" : "ut14p0fenae",
  "history_input" : null,
  "history_output" : null,
  "history_begin_time" : null,
  "history_end_time" : 1677958754116,
  "history_notes" : null,
  "history_process" : "a8p3n7",
  "host_id" : "45wlwr",
  "indicator" : "Stopped"
},{
  "history_id" : "mr0hq8i5uyb",
  "history_input" : null,
  "history_output" : null,
  "history_begin_time" : null,
  "history_end_time" : 1677958754119,
  "history_notes" : null,
  "history_process" : "smsdr0",
  "host_id" : "45wlwr",
  "indicator" : "Stopped"
},{
  "history_id" : "mabwwrrm13t",
  "history_input" : null,
  "history_output" : null,
  "history_begin_time" : null,
  "history_end_time" : 1677958754120,
  "history_notes" : null,
  "history_process" : "4i0sop",
  "host_id" : "45wlwr",
  "indicator" : "Stopped"
},{
  "history_id" : "uvrlfthbrua",
  "history_input" : null,
  "history_output" : null,
  "history_begin_time" : null,
  "history_end_time" : 1677958754121,
  "history_notes" : null,
  "history_process" : "b63prf",
  "host_id" : "45wlwr",
  "indicator" : "Stopped"
},{
  "history_id" : "ql412351wlt",
  "history_input" : null,
  "history_output" : null,
  "history_begin_time" : null,
  "history_end_time" : 1677958754123,
  "history_notes" : null,
  "history_process" : "zh38b6",
  "host_id" : "45wlwr",
  "indicator" : "Stopped"
},{
  "history_id" : "tu1d392dc3n",
  "history_input" : null,
  "history_output" : null,
  "history_begin_time" : null,
  "history_end_time" : 1677958754125,
  "history_notes" : null,
  "history_process" : "wdh394",
  "host_id" : "45wlwr",
  "indicator" : "Stopped"
},{
  "history_id" : "pnhf4bk9ued",
  "history_input" : null,
  "history_output" : null,
  "history_begin_time" : null,
  "history_end_time" : 1677958754127,
  "history_notes" : null,
  "history_process" : "p87wh1",
  "host_id" : "45wlwr",
  "indicator" : "Stopped"
},{
  "history_id" : "dfp1ke8azpp",
  "history_input" : null,
  "history_output" : null,
  "history_begin_time" : null,
  "history_end_time" : 1677958754128,
  "history_notes" : null,
  "history_process" : "ilbqzg",
  "host_id" : "45wlwr",
  "indicator" : "Stopped"
},{
  "history_id" : "zsi4wi3k1qs",
  "history_input" : null,
  "history_output" : null,
  "history_begin_time" : null,
  "history_end_time" : 1677958754129,
  "history_notes" : null,
  "history_process" : "do86ae",
  "host_id" : "45wlwr",
  "indicator" : "Stopped"
},{
  "history_id" : "r1z5a3k501y",
  "history_input" : null,
  "history_output" : null,
  "history_begin_time" : null,
  "history_end_time" : 1677958754130,
  "history_notes" : null,
  "history_process" : "gkhtc0",
  "host_id" : "45wlwr",
  "indicator" : "Stopped"
},{
  "history_id" : "sn34u2x6zi2",
  "history_input" : null,
  "history_output" : null,
  "history_begin_time" : null,
  "history_end_time" : 1677958754131,
  "history_notes" : null,
  "history_process" : "lbd6cp",
  "host_id" : "45wlwr",
  "indicator" : "Stopped"
},{
  "history_id" : "j54wcvp6q0h",
  "history_input" : "No code saved",
  "history_output" : "Skipped",
  "history_begin_time" : 1677958735471,
  "history_end_time" : 1677958754132,
  "history_notes" : null,
  "history_process" : "lbd6cp",
  "host_id" : "45wlwr",
  "indicator" : "Stopped"
}]
