[{
  "history_id" : "wrxd0ulc4zr",
  "history_input" : "No code saved",
  "history_output" : "Skipped",
  "history_begin_time" : 1677013908361,
  "history_end_time" : 1677013908361,
  "history_notes" : null,
  "history_process" : "78vedq",
  "host_id" : "45wlwr",
  "indicator" : "Skipped"
},{
  "history_id" : "fhkphu7ii4d",
  "history_input" : "No code saved",
  "history_output" : "Skipped",
  "history_begin_time" : 1677013908364,
  "history_end_time" : 1677013908364,
  "history_notes" : null,
  "history_process" : "mxpyqt",
  "host_id" : "45wlwr",
  "indicator" : "Skipped"
},{
  "history_id" : "k3nnhc0vxg5",
  "history_input" : "No code saved",
  "history_output" : "Skipped",
  "history_begin_time" : 1677013908368,
  "history_end_time" : 1677013908368,
  "history_notes" : null,
  "history_process" : "c2xkhz",
  "host_id" : "45wlwr",
  "indicator" : "Skipped"
},{
  "history_id" : "ok4xce8vzl6",
  "history_input" : "No code saved",
  "history_output" : "Skipped",
  "history_begin_time" : 1677013908371,
  "history_end_time" : 1677013908371,
  "history_notes" : null,
  "history_process" : "rauqsh",
  "host_id" : "45wlwr",
  "indicator" : "Skipped"
},{
  "history_id" : "iegdv5zie4u",
  "history_input" : "No code saved",
  "history_output" : "Skipped",
  "history_begin_time" : 1677013908375,
  "history_end_time" : 1677013908375,
  "history_notes" : null,
  "history_process" : "mi3e5n",
  "host_id" : "45wlwr",
  "indicator" : "Skipped"
},{
  "history_id" : "cohq3c15q4j",
  "history_input" : "No code saved",
  "history_output" : "Skipped",
  "history_begin_time" : 1677013908387,
  "history_end_time" : 1677013908387,
  "history_notes" : null,
  "history_process" : "2wkl6e",
  "host_id" : "45wlwr",
  "indicator" : "Skipped"
},{
  "history_id" : "yide64owho8",
  "history_input" : "No code saved",
  "history_output" : "Skipped",
  "history_begin_time" : 1677013908390,
  "history_end_time" : 1677013908390,
  "history_notes" : null,
  "history_process" : "i2fynz",
  "host_id" : "45wlwr",
  "indicator" : "Skipped"
},{
  "history_id" : "846dk20b7qr",
  "history_input" : "No code saved",
  "history_output" : "Skipped",
  "history_begin_time" : 1677013908403,
  "history_end_time" : 1677013908403,
  "history_notes" : null,
  "history_process" : "h1qp9v",
  "host_id" : "45wlwr",
  "indicator" : "Skipped"
},{
  "history_id" : "unllvw26rj6",
  "history_input" : "No code saved",
  "history_output" : "Skipped",
  "history_begin_time" : 1677013908406,
  "history_end_time" : 1677013908406,
  "history_notes" : null,
  "history_process" : "urd0nk",
  "host_id" : "45wlwr",
  "indicator" : "Skipped"
},{
  "history_id" : "93ruwnv57fk",
  "history_input" : "No code saved",
  "history_output" : "Skipped",
  "history_begin_time" : 1677013908411,
  "history_end_time" : 1677013908411,
  "history_notes" : null,
  "history_process" : "525l8q",
  "host_id" : "45wlwr",
  "indicator" : "Skipped"
},{
  "history_id" : "rp6jhshfdta",
  "history_input" : "No code saved",
  "history_output" : "Skipped",
  "history_begin_time" : 1677013908413,
  "history_end_time" : 1677013908413,
  "history_notes" : null,
  "history_process" : "7temiv",
  "host_id" : "45wlwr",
  "indicator" : "Skipped"
},{
  "history_id" : "lo15qu41gxg",
  "history_input" : "No code saved",
  "history_output" : "Skipped",
  "history_begin_time" : 1677013908416,
  "history_end_time" : 1677013908416,
  "history_notes" : null,
  "history_process" : "rmxece",
  "host_id" : "45wlwr",
  "indicator" : "Skipped"
},{
  "history_id" : "ktn04rc7i6j",
  "history_input" : "No code saved",
  "history_output" : "Skipped",
  "history_begin_time" : 1677013908418,
  "history_end_time" : 1677013908418,
  "history_notes" : null,
  "history_process" : "illwc1",
  "host_id" : "45wlwr",
  "indicator" : "Skipped"
},{
  "history_id" : "0s3dy4eetzi",
  "history_input" : "No code saved",
  "history_output" : "Skipped",
  "history_begin_time" : 1677013908421,
  "history_end_time" : 1677013908421,
  "history_notes" : null,
  "history_process" : "sjs5by",
  "host_id" : "45wlwr",
  "indicator" : "Skipped"
},{
  "history_id" : "zn2di98ztrk",
  "history_input" : "No code saved",
  "history_output" : "Skipped",
  "history_begin_time" : 1677013908425,
  "history_end_time" : 1677013908425,
  "history_notes" : null,
  "history_process" : "y7nb46",
  "host_id" : "45wlwr",
  "indicator" : "Skipped"
},{
  "history_id" : "98oiguyxz0f",
  "history_input" : "No code saved",
  "history_output" : "Skipped",
  "history_begin_time" : 1677013908437,
  "history_end_time" : 1677013908437,
  "history_notes" : null,
  "history_process" : "smsdr0",
  "host_id" : "45wlwr",
  "indicator" : "Skipped"
},{
  "history_id" : "sbrtl26qpxc",
  "history_input" : "No code saved",
  "history_output" : "Skipped",
  "history_begin_time" : 1677013908439,
  "history_end_time" : 1677013908439,
  "history_notes" : null,
  "history_process" : "4i0sop",
  "host_id" : "45wlwr",
  "indicator" : "Skipped"
},{
  "history_id" : "te1ogg1zxuc",
  "history_input" : "No code saved",
  "history_output" : "Skipped",
  "history_begin_time" : 1677013908441,
  "history_end_time" : 1677013908441,
  "history_notes" : null,
  "history_process" : "b63prf",
  "host_id" : "45wlwr",
  "indicator" : "Skipped"
},{
  "history_id" : "7ow071dxtw5",
  "history_input" : "No code saved",
  "history_output" : "Skipped",
  "history_begin_time" : 1677013908444,
  "history_end_time" : 1677013908444,
  "history_notes" : null,
  "history_process" : "zh38b6",
  "host_id" : "45wlwr",
  "indicator" : "Skipped"
},{
  "history_id" : "mnakew6t31j",
  "history_input" : "No code saved",
  "history_output" : "Skipped",
  "history_begin_time" : 1677013908446,
  "history_end_time" : 1677013908446,
  "history_notes" : null,
  "history_process" : "wdh394",
  "host_id" : "45wlwr",
  "indicator" : "Skipped"
},{
  "history_id" : "l4b9wxxiurt",
  "history_input" : "No code saved",
  "history_output" : "Skipped",
  "history_begin_time" : 1677013908450,
  "history_end_time" : 1677013908450,
  "history_notes" : null,
  "history_process" : "p87wh1",
  "host_id" : "45wlwr",
  "indicator" : "Skipped"
},{
  "history_id" : "s6uw7y4ykzr",
  "history_input" : "No code saved",
  "history_output" : "Skipped",
  "history_begin_time" : 1677013908452,
  "history_end_time" : 1677013908452,
  "history_notes" : null,
  "history_process" : "ilbqzg",
  "host_id" : "45wlwr",
  "indicator" : "Skipped"
},{
  "history_id" : "2dbq9c9p8o3",
  "history_input" : "No code saved",
  "history_output" : "Skipped",
  "history_begin_time" : 1677013908455,
  "history_end_time" : 1677013908455,
  "history_notes" : null,
  "history_process" : "do86ae",
  "host_id" : "45wlwr",
  "indicator" : "Skipped"
},{
  "history_id" : "gq4qu6p72lj",
  "history_input" : "No code saved",
  "history_output" : "Skipped",
  "history_begin_time" : 1677013908469,
  "history_end_time" : 1677013908469,
  "history_notes" : null,
  "history_process" : "lbd6cp",
  "host_id" : "45wlwr",
  "indicator" : "Skipped"
}]
