[{
  "history_id" : "8szs1mf8v1c",
  "history_input" : "No code saved",
  "history_output" : "Skipped",
  "history_begin_time" : 1677107524958,
  "history_end_time" : 1677107538152,
  "history_notes" : null,
  "history_process" : "78vedq",
  "host_id" : "45wlwr",
  "indicator" : "Stopped"
},{
  "history_id" : "7n57mn3mzip",
  "history_input" : "No code saved",
  "history_output" : "Skipped",
  "history_begin_time" : 1677107524959,
  "history_end_time" : 1677107538153,
  "history_notes" : null,
  "history_process" : "mxpyqt",
  "host_id" : "45wlwr",
  "indicator" : "Stopped"
},{
  "history_id" : "q15vz6dnnz6",
  "history_input" : "No code saved",
  "history_output" : "Skipped",
  "history_begin_time" : 1677107524960,
  "history_end_time" : 1677107538153,
  "history_notes" : null,
  "history_process" : "c2xkhz",
  "host_id" : "45wlwr",
  "indicator" : "Stopped"
},{
  "history_id" : "0qoj74sqriy",
  "history_input" : "No code saved",
  "history_output" : "Skipped",
  "history_begin_time" : 1677107524961,
  "history_end_time" : 1677107538153,
  "history_notes" : null,
  "history_process" : "rauqsh",
  "host_id" : "45wlwr",
  "indicator" : "Stopped"
},{
  "history_id" : "uhwak8r3thl",
  "history_input" : "No code saved",
  "history_output" : "Skipped",
  "history_begin_time" : 1677107524962,
  "history_end_time" : 1677107538153,
  "history_notes" : null,
  "history_process" : "mi3e5n",
  "host_id" : "45wlwr",
  "indicator" : "Stopped"
},{
  "history_id" : "aqwvib76zgy",
  "history_input" : null,
  "history_output" : null,
  "history_begin_time" : null,
  "history_end_time" : 1677107538154,
  "history_notes" : null,
  "history_process" : "u7xh2p",
  "host_id" : "45wlwr",
  "indicator" : "Stopped"
},{
  "history_id" : "x6yhpn2d21s",
  "history_input" : "No code saved",
  "history_output" : "Skipped",
  "history_begin_time" : 1677107524967,
  "history_end_time" : 1677107538156,
  "history_notes" : null,
  "history_process" : "2wkl6e",
  "host_id" : "45wlwr",
  "indicator" : "Stopped"
},{
  "history_id" : "1wf3xw9e8u6",
  "history_input" : "No code saved",
  "history_output" : "Skipped",
  "history_begin_time" : 1677107524969,
  "history_end_time" : 1677107538157,
  "history_notes" : null,
  "history_process" : "i2fynz",
  "host_id" : "45wlwr",
  "indicator" : "Stopped"
},{
  "history_id" : "q0tcjh7n0na",
  "history_input" : null,
  "history_output" : null,
  "history_begin_time" : null,
  "history_end_time" : 1677107538157,
  "history_notes" : null,
  "history_process" : "e8k4wq",
  "host_id" : "45wlwr",
  "indicator" : "Stopped"
},{
  "history_id" : "dtwclyebu4z",
  "history_input" : "No code saved",
  "history_output" : "Skipped",
  "history_begin_time" : 1677107524974,
  "history_end_time" : 1677107538158,
  "history_notes" : null,
  "history_process" : "h1qp9v",
  "host_id" : "45wlwr",
  "indicator" : "Stopped"
},{
  "history_id" : "7y34oh9w62k",
  "history_input" : "No code saved",
  "history_output" : "Skipped",
  "history_begin_time" : 1677107524976,
  "history_end_time" : 1677107538158,
  "history_notes" : null,
  "history_process" : "urd0nk",
  "host_id" : "45wlwr",
  "indicator" : "Stopped"
},{
  "history_id" : "naozw8xoru3",
  "history_input" : "No code saved",
  "history_output" : "Skipped",
  "history_begin_time" : 1677107524977,
  "history_end_time" : 1677107538160,
  "history_notes" : null,
  "history_process" : "525l8q",
  "host_id" : "45wlwr",
  "indicator" : "Stopped"
},{
  "history_id" : "ueh97z978l0",
  "history_input" : "No code saved",
  "history_output" : "Skipped",
  "history_begin_time" : 1677107524980,
  "history_end_time" : 1677107538160,
  "history_notes" : null,
  "history_process" : "7temiv",
  "host_id" : "45wlwr",
  "indicator" : "Stopped"
},{
  "history_id" : "4hrsbocwxmf",
  "history_input" : "No code saved",
  "history_output" : "Skipped",
  "history_begin_time" : 1677107524981,
  "history_end_time" : 1677107538160,
  "history_notes" : null,
  "history_process" : "rmxece",
  "host_id" : "45wlwr",
  "indicator" : "Stopped"
},{
  "history_id" : "5528a3k0fyn",
  "history_input" : "No code saved",
  "history_output" : "Skipped",
  "history_begin_time" : 1677107524983,
  "history_end_time" : 1677107538161,
  "history_notes" : null,
  "history_process" : "illwc1",
  "host_id" : "45wlwr",
  "indicator" : "Stopped"
},{
  "history_id" : "f90g8rajsb7",
  "history_input" : "No code saved",
  "history_output" : "Skipped",
  "history_begin_time" : 1677107524985,
  "history_end_time" : 1677107538161,
  "history_notes" : null,
  "history_process" : "sjs5by",
  "host_id" : "45wlwr",
  "indicator" : "Stopped"
},{
  "history_id" : "83ce2c4ump2",
  "history_input" : "No code saved",
  "history_output" : "Skipped",
  "history_begin_time" : 1677107524986,
  "history_end_time" : 1677107538161,
  "history_notes" : null,
  "history_process" : "y7nb46",
  "host_id" : "45wlwr",
  "indicator" : "Stopped"
},{
  "history_id" : "2zl7pfqr2t4",
  "history_input" : "import json\nimport pandas as pd\nimport ee\nimport seaborn as sns\nimport matplotlib.pyplot as plt\nimport os\nimport geopandas as gpd\nimport geojson\nimport numpy as np\nimport os.path\n\n# exit() # uncomment to download new files\n\ntry:\n    ee.Initialize()\nexcept Exception as e:\n    ee.Authenticate() # this must be run in terminal instead of Geoweaver. Geoweaver doesn't support prompt.\n    ee.Initialize()\n\n# read the grid geometry file\nhomedir = os.path.expanduser('~')\nprint(homedir)\n# read grid cell\ngithub_dir = os.path.join(homedir, 'Documents', 'GitHub', 'SnowCast')\n# read grid cell\nstation_cell_mapper_file = f\"{github_dir}/data/ready_for_training/station_cell_mapping.csv\"\nstation_cell_mapper_df = pd.read_csv(station_cell_mapper_file)\n\n#org_name = 'modis'\n#product_name = f'MODIS/006/MOD10A1'\n#var_name = 'NDSI'\n#column_name = 'mod10a1_ndsi'\n\norg_name = 'gridmet'\nproduct_name = 'IDAHO_EPSCOR/GRIDMET'\nstart_date = '2018-10-01'\nend_date = '2019-09-30'\n\nvar_list = ['tmmn', 'tmmx', 'pr', 'vpd', 'eto', 'rmax', 'rmin', 'vs']\n\nfor var in var_list:\n\n    var_name = var\n    column_name = var\n\n    dfolder = f\"{homedir}/Documents/GitHub/SnowCast/data/sim_training/{org_name}/\"\n    if not os.path.exists(dfolder):\n        os.makedirs(dfolder)\n\n    all_cell_df = pd.DataFrame(columns = ['date', column_name, 'cell_id', 'latitude', 'longitude'])\n\n    for ind in station_cell_mapper_df.index:\n\n        try:\n\n          current_cell_id = station_cell_mapper_df['cell_id'][ind]\n          print(\"collecting \", current_cell_id)\n          single_csv_file = f\"{dfolder}/{column_name}_{current_cell_id}.csv\"\n\n          if os.path.exists(single_csv_file):\n              print(\"exists skipping..\")\n              continue\n\n          longitude = station_cell_mapper_df['lon'][ind]\n          latitude = station_cell_mapper_df['lat'][ind]\n\n          # identify a 500 meter buffer around our Point Of Interest (POI)\n          poi = ee.Geometry.Point(longitude, latitude).buffer(1000)\n          viirs = ee.ImageCollection(product_name).filterDate(start_date, end_date).filterBounds(poi).select(var_name)\n\n          def poi_mean(img):\n              reducer = img.reduceRegion(reducer=ee.Reducer.mean(), geometry=poi, scale=1000)\n              mean = reducer.get(var_name)\n              return img.set('date', img.date().format()).set(column_name,mean)\n\n\n          poi_reduced_imgs = viirs.map(poi_mean)\n\n          nested_list = poi_reduced_imgs.reduceColumns(ee.Reducer.toList(2), ['date',column_name]).values().get(0)\n\n          # dont forget we need to call the callback method \"getInfo\" to retrieve the data\n          df = pd.DataFrame(nested_list.getInfo(), columns=['date',column_name])\n\n          df['date'] = pd.to_datetime(df['date'])\n          df = df.set_index('date')\n\n          df['cell_id'] = current_cell_id\n          df['latitude'] = latitude\n          df['longitude'] = longitude\n          df.to_csv(single_csv_file)\n\n          df_list = [all_cell_df, df]\n          all_cell_df = pd.concat(df_list) # merge into big dataframe\n\n        except Exception as e:\n\n          print(e)\n          pass\n    \n    all_cell_df.to_csv(f\"{dfolder}/{column_name}.csv\")  ",
  "history_output" : "sh: /usr/local/lib/python3.6: Is a directory\n",
  "history_begin_time" : 1677107525095,
  "history_end_time" : 1677107538161,
  "history_notes" : null,
  "history_process" : "a8p3n7",
  "host_id" : "45wlwr",
  "indicator" : "Stopped"
},{
  "history_id" : "9nfqn9m86g0",
  "history_input" : "No code saved",
  "history_output" : "Skipped",
  "history_begin_time" : 1677107524994,
  "history_end_time" : 1677107538162,
  "history_notes" : null,
  "history_process" : "smsdr0",
  "host_id" : "45wlwr",
  "indicator" : "Stopped"
},{
  "history_id" : "bt9m7zap38w",
  "history_input" : "No code saved",
  "history_output" : "Skipped",
  "history_begin_time" : 1677107524996,
  "history_end_time" : 1677107538162,
  "history_notes" : null,
  "history_process" : "4i0sop",
  "host_id" : "45wlwr",
  "indicator" : "Stopped"
},{
  "history_id" : "8aymhe1f8je",
  "history_input" : "No code saved",
  "history_output" : "Skipped",
  "history_begin_time" : 1677107524997,
  "history_end_time" : 1677107538162,
  "history_notes" : null,
  "history_process" : "b63prf",
  "host_id" : "45wlwr",
  "indicator" : "Stopped"
},{
  "history_id" : "kn98pu6lfpy",
  "history_input" : "No code saved",
  "history_output" : "Skipped",
  "history_begin_time" : 1677107524999,
  "history_end_time" : 1677107538162,
  "history_notes" : null,
  "history_process" : "zh38b6",
  "host_id" : "45wlwr",
  "indicator" : "Stopped"
},{
  "history_id" : "pmrf7a2h0sg",
  "history_input" : "No code saved",
  "history_output" : "Skipped",
  "history_begin_time" : 1677107525001,
  "history_end_time" : 1677107538162,
  "history_notes" : null,
  "history_process" : "wdh394",
  "host_id" : "45wlwr",
  "indicator" : "Stopped"
},{
  "history_id" : "ypadw029m3d",
  "history_input" : "No code saved",
  "history_output" : "Skipped",
  "history_begin_time" : 1677107525003,
  "history_end_time" : 1677107538163,
  "history_notes" : null,
  "history_process" : "p87wh1",
  "host_id" : "45wlwr",
  "indicator" : "Stopped"
},{
  "history_id" : "senup4t8lqu",
  "history_input" : "No code saved",
  "history_output" : "Skipped",
  "history_begin_time" : 1677107525005,
  "history_end_time" : 1677107538163,
  "history_notes" : null,
  "history_process" : "ilbqzg",
  "host_id" : "45wlwr",
  "indicator" : "Stopped"
},{
  "history_id" : "jyjig67isvv",
  "history_input" : "No code saved",
  "history_output" : "Skipped",
  "history_begin_time" : 1677107525012,
  "history_end_time" : 1677107538163,
  "history_notes" : null,
  "history_process" : "do86ae",
  "host_id" : "45wlwr",
  "indicator" : "Stopped"
},{
  "history_id" : "hn522y58xdx",
  "history_input" : null,
  "history_output" : null,
  "history_begin_time" : null,
  "history_end_time" : 1677107538163,
  "history_notes" : null,
  "history_process" : "gkhtc0",
  "host_id" : "45wlwr",
  "indicator" : "Stopped"
},{
  "history_id" : "3htm8c52oe9",
  "history_input" : "No code saved",
  "history_output" : "Skipped",
  "history_begin_time" : 1677107525024,
  "history_end_time" : 1677107538165,
  "history_notes" : null,
  "history_process" : "lbd6cp",
  "host_id" : "45wlwr",
  "indicator" : "Stopped"
}]
