[{
  "history_id" : "64wcjvxsl1g",
  "history_input" : null,
  "history_output" : null,
  "history_begin_time" : null,
  "history_end_time" : 1677959583105,
  "history_notes" : null,
  "history_process" : "78vedq",
  "host_id" : "45wlwr",
  "indicator" : "Stopped"
},{
  "history_id" : "bxz3ujrnh59",
  "history_input" : null,
  "history_output" : null,
  "history_begin_time" : null,
  "history_end_time" : 1677959583108,
  "history_notes" : null,
  "history_process" : "mxpyqt",
  "host_id" : "45wlwr",
  "indicator" : "Stopped"
},{
  "history_id" : "1ovm1r5b5hi",
  "history_input" : null,
  "history_output" : null,
  "history_begin_time" : null,
  "history_end_time" : 1677959583109,
  "history_notes" : null,
  "history_process" : "c2xkhz",
  "host_id" : "45wlwr",
  "indicator" : "Stopped"
},{
  "history_id" : "64xp4iqgohr",
  "history_input" : null,
  "history_output" : null,
  "history_begin_time" : null,
  "history_end_time" : 1677959583111,
  "history_notes" : null,
  "history_process" : "rauqsh",
  "host_id" : "45wlwr",
  "indicator" : "Stopped"
},{
  "history_id" : "7js4jzaco6z",
  "history_input" : null,
  "history_output" : null,
  "history_begin_time" : null,
  "history_end_time" : 1677959583112,
  "history_notes" : null,
  "history_process" : "mi3e5n",
  "host_id" : "45wlwr",
  "indicator" : "Stopped"
},{
  "history_id" : "24kqeben9k6",
  "history_input" : null,
  "history_output" : null,
  "history_begin_time" : null,
  "history_end_time" : 1677959583114,
  "history_notes" : null,
  "history_process" : "u7xh2p",
  "host_id" : "45wlwr",
  "indicator" : "Stopped"
},{
  "history_id" : "8g8fjg44qot",
  "history_input" : null,
  "history_output" : null,
  "history_begin_time" : null,
  "history_end_time" : 1677959583115,
  "history_notes" : null,
  "history_process" : "2wkl6e",
  "host_id" : "45wlwr",
  "indicator" : "Stopped"
},{
  "history_id" : "el9ec72zhx8",
  "history_input" : null,
  "history_output" : null,
  "history_begin_time" : null,
  "history_end_time" : 1677959583116,
  "history_notes" : null,
  "history_process" : "i2fynz",
  "host_id" : "45wlwr",
  "indicator" : "Stopped"
},{
  "history_id" : "sv07f93cuvg",
  "history_input" : null,
  "history_output" : null,
  "history_begin_time" : null,
  "history_end_time" : 1677959583118,
  "history_notes" : null,
  "history_process" : "e8k4wq",
  "host_id" : "45wlwr",
  "indicator" : "Stopped"
},{
  "history_id" : "5f4eglxj015",
  "history_input" : null,
  "history_output" : null,
  "history_begin_time" : null,
  "history_end_time" : 1677959583120,
  "history_notes" : null,
  "history_process" : "h1qp9v",
  "host_id" : "45wlwr",
  "indicator" : "Stopped"
},{
  "history_id" : "3dx6kxw2p2x",
  "history_input" : null,
  "history_output" : null,
  "history_begin_time" : null,
  "history_end_time" : 1677959583121,
  "history_notes" : null,
  "history_process" : "urd0nk",
  "host_id" : "45wlwr",
  "indicator" : "Stopped"
},{
  "history_id" : "ak8yord6yys",
  "history_input" : null,
  "history_output" : null,
  "history_begin_time" : null,
  "history_end_time" : 1677959583123,
  "history_notes" : null,
  "history_process" : "525l8q",
  "host_id" : "45wlwr",
  "indicator" : "Stopped"
},{
  "history_id" : "odlsprmjibo",
  "history_input" : null,
  "history_output" : null,
  "history_begin_time" : null,
  "history_end_time" : 1677959583126,
  "history_notes" : null,
  "history_process" : "7temiv",
  "host_id" : "45wlwr",
  "indicator" : "Stopped"
},{
  "history_id" : "ro432atmvop",
  "history_input" : null,
  "history_output" : null,
  "history_begin_time" : null,
  "history_end_time" : 1677959583128,
  "history_notes" : null,
  "history_process" : "rmxece",
  "host_id" : "45wlwr",
  "indicator" : "Stopped"
},{
  "history_id" : "3oz6anv1f77",
  "history_input" : null,
  "history_output" : null,
  "history_begin_time" : null,
  "history_end_time" : 1677959583130,
  "history_notes" : null,
  "history_process" : "illwc1",
  "host_id" : "45wlwr",
  "indicator" : "Stopped"
},{
  "history_id" : "2gzni5dhejn",
  "history_input" : null,
  "history_output" : null,
  "history_begin_time" : null,
  "history_end_time" : 1677959583131,
  "history_notes" : null,
  "history_process" : "sjs5by",
  "host_id" : "45wlwr",
  "indicator" : "Stopped"
},{
  "history_id" : "r631tjohulw",
  "history_input" : null,
  "history_output" : null,
  "history_begin_time" : null,
  "history_end_time" : 1677959583133,
  "history_notes" : null,
  "history_process" : "y7nb46",
  "host_id" : "45wlwr",
  "indicator" : "Stopped"
},{
  "history_id" : "4wdpc3dmc1m",
  "history_input" : null,
  "history_output" : null,
  "history_begin_time" : null,
  "history_end_time" : 1677959583134,
  "history_notes" : null,
  "history_process" : "a8p3n7",
  "host_id" : "45wlwr",
  "indicator" : "Stopped"
},{
  "history_id" : "6vi4kvyqjl3",
  "history_input" : null,
  "history_output" : null,
  "history_begin_time" : null,
  "history_end_time" : 1677959583136,
  "history_notes" : null,
  "history_process" : "smsdr0",
  "host_id" : "45wlwr",
  "indicator" : "Stopped"
},{
  "history_id" : "g26o0f627uo",
  "history_input" : null,
  "history_output" : null,
  "history_begin_time" : null,
  "history_end_time" : 1677959583137,
  "history_notes" : null,
  "history_process" : "4i0sop",
  "host_id" : "45wlwr",
  "indicator" : "Stopped"
},{
  "history_id" : "lp473qnak8f",
  "history_input" : null,
  "history_output" : null,
  "history_begin_time" : null,
  "history_end_time" : 1677959583137,
  "history_notes" : null,
  "history_process" : "b63prf",
  "host_id" : "45wlwr",
  "indicator" : "Stopped"
},{
  "history_id" : "kf4x0wa9ako",
  "history_input" : null,
  "history_output" : null,
  "history_begin_time" : null,
  "history_end_time" : 1677959583139,
  "history_notes" : null,
  "history_process" : "zh38b6",
  "host_id" : "45wlwr",
  "indicator" : "Stopped"
},{
  "history_id" : "ro3s8jcgjfo",
  "history_input" : null,
  "history_output" : null,
  "history_begin_time" : null,
  "history_end_time" : 1677959583140,
  "history_notes" : null,
  "history_process" : "wdh394",
  "host_id" : "45wlwr",
  "indicator" : "Stopped"
},{
  "history_id" : "j10ls6r0rrl",
  "history_input" : null,
  "history_output" : null,
  "history_begin_time" : null,
  "history_end_time" : 1677959583146,
  "history_notes" : null,
  "history_process" : "p87wh1",
  "host_id" : "45wlwr",
  "indicator" : "Stopped"
},{
  "history_id" : "vze7bps9cqx",
  "history_input" : null,
  "history_output" : null,
  "history_begin_time" : null,
  "history_end_time" : 1677959583148,
  "history_notes" : null,
  "history_process" : "ilbqzg",
  "host_id" : "45wlwr",
  "indicator" : "Stopped"
},{
  "history_id" : "sv6reupva5f",
  "history_input" : null,
  "history_output" : null,
  "history_begin_time" : null,
  "history_end_time" : 1677959583151,
  "history_notes" : null,
  "history_process" : "do86ae",
  "host_id" : "45wlwr",
  "indicator" : "Stopped"
},{
  "history_id" : "sb0i5suzfkn",
  "history_input" : null,
  "history_output" : null,
  "history_begin_time" : null,
  "history_end_time" : 1677959583154,
  "history_notes" : null,
  "history_process" : "gkhtc0",
  "host_id" : "45wlwr",
  "indicator" : "Stopped"
},{
  "history_id" : "sz3cnzsa0ua",
  "history_input" : null,
  "history_output" : null,
  "history_begin_time" : null,
  "history_end_time" : 1677959583156,
  "history_notes" : null,
  "history_process" : "lbd6cp",
  "host_id" : "45wlwr",
  "indicator" : "Stopped"
},{
  "history_id" : "p2ank3i8ner",
  "history_input" : "No code saved",
  "history_output" : "Skipped",
  "history_begin_time" : 1677959568303,
  "history_end_time" : 1677959583158,
  "history_notes" : null,
  "history_process" : "lbd6cp",
  "host_id" : "45wlwr",
  "indicator" : "Stopped"
}]
