[{
  "history_id" : "ldybqlfcft4",
  "history_input" : null,
  "history_output" : null,
  "history_begin_time" : null,
  "history_end_time" : 1677958849860,
  "history_notes" : null,
  "history_process" : "78vedq",
  "host_id" : "45wlwr",
  "indicator" : "Stopped"
},{
  "history_id" : "7y2vf9cs7le",
  "history_input" : null,
  "history_output" : null,
  "history_begin_time" : null,
  "history_end_time" : 1677958849863,
  "history_notes" : null,
  "history_process" : "mxpyqt",
  "host_id" : "45wlwr",
  "indicator" : "Stopped"
},{
  "history_id" : "jc59sh8y2rc",
  "history_input" : null,
  "history_output" : null,
  "history_begin_time" : null,
  "history_end_time" : 1677958849864,
  "history_notes" : null,
  "history_process" : "c2xkhz",
  "host_id" : "45wlwr",
  "indicator" : "Stopped"
},{
  "history_id" : "yyvclfd1hcr",
  "history_input" : null,
  "history_output" : null,
  "history_begin_time" : null,
  "history_end_time" : 1677958849865,
  "history_notes" : null,
  "history_process" : "rauqsh",
  "host_id" : "45wlwr",
  "indicator" : "Stopped"
},{
  "history_id" : "wdy6w4v6px5",
  "history_input" : null,
  "history_output" : null,
  "history_begin_time" : null,
  "history_end_time" : 1677958849866,
  "history_notes" : null,
  "history_process" : "mi3e5n",
  "host_id" : "45wlwr",
  "indicator" : "Stopped"
},{
  "history_id" : "m8js7b712sm",
  "history_input" : null,
  "history_output" : null,
  "history_begin_time" : null,
  "history_end_time" : 1677958849868,
  "history_notes" : null,
  "history_process" : "u7xh2p",
  "host_id" : "45wlwr",
  "indicator" : "Stopped"
},{
  "history_id" : "gz3r5lbsea4",
  "history_input" : null,
  "history_output" : null,
  "history_begin_time" : null,
  "history_end_time" : 1677958849869,
  "history_notes" : null,
  "history_process" : "2wkl6e",
  "host_id" : "45wlwr",
  "indicator" : "Stopped"
},{
  "history_id" : "0mgawcd2urp",
  "history_input" : null,
  "history_output" : null,
  "history_begin_time" : null,
  "history_end_time" : 1677958849869,
  "history_notes" : null,
  "history_process" : "i2fynz",
  "host_id" : "45wlwr",
  "indicator" : "Stopped"
},{
  "history_id" : "mezx4x7lfmh",
  "history_input" : null,
  "history_output" : null,
  "history_begin_time" : null,
  "history_end_time" : 1677958849871,
  "history_notes" : null,
  "history_process" : "e8k4wq",
  "host_id" : "45wlwr",
  "indicator" : "Stopped"
},{
  "history_id" : "gzn2rm94zl9",
  "history_input" : null,
  "history_output" : null,
  "history_begin_time" : null,
  "history_end_time" : 1677958849872,
  "history_notes" : null,
  "history_process" : "h1qp9v",
  "host_id" : "45wlwr",
  "indicator" : "Stopped"
},{
  "history_id" : "718wbr0p1hk",
  "history_input" : null,
  "history_output" : null,
  "history_begin_time" : null,
  "history_end_time" : 1677958849873,
  "history_notes" : null,
  "history_process" : "urd0nk",
  "host_id" : "45wlwr",
  "indicator" : "Stopped"
},{
  "history_id" : "ziis63zxwzn",
  "history_input" : null,
  "history_output" : null,
  "history_begin_time" : null,
  "history_end_time" : 1677958849874,
  "history_notes" : null,
  "history_process" : "525l8q",
  "host_id" : "45wlwr",
  "indicator" : "Stopped"
},{
  "history_id" : "tgkxz1c76a4",
  "history_input" : null,
  "history_output" : null,
  "history_begin_time" : null,
  "history_end_time" : 1677958849876,
  "history_notes" : null,
  "history_process" : "7temiv",
  "host_id" : "45wlwr",
  "indicator" : "Stopped"
},{
  "history_id" : "qlfkmz739el",
  "history_input" : null,
  "history_output" : null,
  "history_begin_time" : null,
  "history_end_time" : 1677958849877,
  "history_notes" : null,
  "history_process" : "rmxece",
  "host_id" : "45wlwr",
  "indicator" : "Stopped"
},{
  "history_id" : "wh2zxbpv3oq",
  "history_input" : null,
  "history_output" : null,
  "history_begin_time" : null,
  "history_end_time" : 1677958849879,
  "history_notes" : null,
  "history_process" : "illwc1",
  "host_id" : "45wlwr",
  "indicator" : "Stopped"
},{
  "history_id" : "vvvj3m2s2tx",
  "history_input" : null,
  "history_output" : null,
  "history_begin_time" : null,
  "history_end_time" : 1677958849879,
  "history_notes" : null,
  "history_process" : "sjs5by",
  "host_id" : "45wlwr",
  "indicator" : "Stopped"
},{
  "history_id" : "1c79v5p546y",
  "history_input" : null,
  "history_output" : null,
  "history_begin_time" : null,
  "history_end_time" : 1677958849880,
  "history_notes" : null,
  "history_process" : "y7nb46",
  "host_id" : "45wlwr",
  "indicator" : "Stopped"
},{
  "history_id" : "ojih1ea7ojf",
  "history_input" : null,
  "history_output" : null,
  "history_begin_time" : null,
  "history_end_time" : 1677958849881,
  "history_notes" : null,
  "history_process" : "a8p3n7",
  "host_id" : "45wlwr",
  "indicator" : "Stopped"
},{
  "history_id" : "yisvqb9hwuw",
  "history_input" : null,
  "history_output" : null,
  "history_begin_time" : null,
  "history_end_time" : 1677958849882,
  "history_notes" : null,
  "history_process" : "smsdr0",
  "host_id" : "45wlwr",
  "indicator" : "Stopped"
},{
  "history_id" : "t1qpidxrzwd",
  "history_input" : null,
  "history_output" : null,
  "history_begin_time" : null,
  "history_end_time" : 1677958849882,
  "history_notes" : null,
  "history_process" : "4i0sop",
  "host_id" : "45wlwr",
  "indicator" : "Stopped"
},{
  "history_id" : "9cp115l91o1",
  "history_input" : null,
  "history_output" : null,
  "history_begin_time" : null,
  "history_end_time" : 1677958849883,
  "history_notes" : null,
  "history_process" : "b63prf",
  "host_id" : "45wlwr",
  "indicator" : "Stopped"
},{
  "history_id" : "enk38hoiwr3",
  "history_input" : null,
  "history_output" : null,
  "history_begin_time" : null,
  "history_end_time" : 1677958849885,
  "history_notes" : null,
  "history_process" : "zh38b6",
  "host_id" : "45wlwr",
  "indicator" : "Stopped"
},{
  "history_id" : "s9r57g6s0so",
  "history_input" : null,
  "history_output" : null,
  "history_begin_time" : null,
  "history_end_time" : 1677958849886,
  "history_notes" : null,
  "history_process" : "wdh394",
  "host_id" : "45wlwr",
  "indicator" : "Stopped"
},{
  "history_id" : "lbs8g6pi10s",
  "history_input" : null,
  "history_output" : null,
  "history_begin_time" : null,
  "history_end_time" : 1677958849887,
  "history_notes" : null,
  "history_process" : "p87wh1",
  "host_id" : "45wlwr",
  "indicator" : "Stopped"
},{
  "history_id" : "6xwke7up0ag",
  "history_input" : null,
  "history_output" : null,
  "history_begin_time" : null,
  "history_end_time" : 1677958849889,
  "history_notes" : null,
  "history_process" : "ilbqzg",
  "host_id" : "45wlwr",
  "indicator" : "Stopped"
},{
  "history_id" : "rm4t3zt28hv",
  "history_input" : null,
  "history_output" : null,
  "history_begin_time" : null,
  "history_end_time" : 1677958849890,
  "history_notes" : null,
  "history_process" : "do86ae",
  "host_id" : "45wlwr",
  "indicator" : "Stopped"
},{
  "history_id" : "1cwo0lqudbw",
  "history_input" : null,
  "history_output" : null,
  "history_begin_time" : null,
  "history_end_time" : 1677958849891,
  "history_notes" : null,
  "history_process" : "gkhtc0",
  "host_id" : "45wlwr",
  "indicator" : "Stopped"
},{
  "history_id" : "j0jk3ys184q",
  "history_input" : null,
  "history_output" : null,
  "history_begin_time" : null,
  "history_end_time" : 1677958849892,
  "history_notes" : null,
  "history_process" : "lbd6cp",
  "host_id" : "45wlwr",
  "indicator" : "Stopped"
},{
  "history_id" : "78ovvdm45oc",
  "history_input" : "No code saved",
  "history_output" : "Skipped",
  "history_begin_time" : 1677958842103,
  "history_end_time" : 1677958849893,
  "history_notes" : null,
  "history_process" : "lbd6cp",
  "host_id" : "45wlwr",
  "indicator" : "Stopped"
}]
