[{
  "history_id" : "lz29x5tvdy3",
  "history_input" : null,
  "history_output" : null,
  "history_begin_time" : null,
  "history_end_time" : 1677958291163,
  "history_notes" : null,
  "history_process" : "78vedq",
  "host_id" : "45wlwr",
  "indicator" : "Stopped"
},{
  "history_id" : "lsdeutzbj4l",
  "history_input" : null,
  "history_output" : null,
  "history_begin_time" : null,
  "history_end_time" : 1677958291169,
  "history_notes" : null,
  "history_process" : "mxpyqt",
  "host_id" : "45wlwr",
  "indicator" : "Stopped"
},{
  "history_id" : "jx5e0bc12qq",
  "history_input" : null,
  "history_output" : null,
  "history_begin_time" : null,
  "history_end_time" : 1677958291171,
  "history_notes" : null,
  "history_process" : "c2xkhz",
  "host_id" : "45wlwr",
  "indicator" : "Stopped"
},{
  "history_id" : "jw559t0p4k3",
  "history_input" : null,
  "history_output" : null,
  "history_begin_time" : null,
  "history_end_time" : 1677958291173,
  "history_notes" : null,
  "history_process" : "rauqsh",
  "host_id" : "45wlwr",
  "indicator" : "Stopped"
},{
  "history_id" : "vdrqd1op3pl",
  "history_input" : null,
  "history_output" : null,
  "history_begin_time" : null,
  "history_end_time" : 1677958291175,
  "history_notes" : null,
  "history_process" : "mi3e5n",
  "host_id" : "45wlwr",
  "indicator" : "Stopped"
},{
  "history_id" : "mh1z3qm2vi4",
  "history_input" : null,
  "history_output" : null,
  "history_begin_time" : null,
  "history_end_time" : 1677958291177,
  "history_notes" : null,
  "history_process" : "u7xh2p",
  "host_id" : "45wlwr",
  "indicator" : "Stopped"
},{
  "history_id" : "go9hw1tbtsx",
  "history_input" : null,
  "history_output" : null,
  "history_begin_time" : null,
  "history_end_time" : 1677958291180,
  "history_notes" : null,
  "history_process" : "2wkl6e",
  "host_id" : "45wlwr",
  "indicator" : "Stopped"
},{
  "history_id" : "g688sgwmo2e",
  "history_input" : null,
  "history_output" : null,
  "history_begin_time" : null,
  "history_end_time" : 1677958291183,
  "history_notes" : null,
  "history_process" : "i2fynz",
  "host_id" : "45wlwr",
  "indicator" : "Stopped"
},{
  "history_id" : "91s09zu2k4r",
  "history_input" : null,
  "history_output" : null,
  "history_begin_time" : null,
  "history_end_time" : 1677958291184,
  "history_notes" : null,
  "history_process" : "e8k4wq",
  "host_id" : "45wlwr",
  "indicator" : "Stopped"
},{
  "history_id" : "2t7ojp38poy",
  "history_input" : null,
  "history_output" : null,
  "history_begin_time" : null,
  "history_end_time" : 1677958291185,
  "history_notes" : null,
  "history_process" : "h1qp9v",
  "host_id" : "45wlwr",
  "indicator" : "Stopped"
},{
  "history_id" : "e26zd8g8o7h",
  "history_input" : null,
  "history_output" : null,
  "history_begin_time" : null,
  "history_end_time" : 1677958291189,
  "history_notes" : null,
  "history_process" : "urd0nk",
  "host_id" : "45wlwr",
  "indicator" : "Stopped"
},{
  "history_id" : "e7h6r7oar4a",
  "history_input" : null,
  "history_output" : null,
  "history_begin_time" : null,
  "history_end_time" : 1677958291190,
  "history_notes" : null,
  "history_process" : "525l8q",
  "host_id" : "45wlwr",
  "indicator" : "Stopped"
},{
  "history_id" : "9hk21wrs5tl",
  "history_input" : null,
  "history_output" : null,
  "history_begin_time" : null,
  "history_end_time" : 1677958291191,
  "history_notes" : null,
  "history_process" : "7temiv",
  "host_id" : "45wlwr",
  "indicator" : "Stopped"
},{
  "history_id" : "956jdw0cykx",
  "history_input" : null,
  "history_output" : null,
  "history_begin_time" : null,
  "history_end_time" : 1677958291193,
  "history_notes" : null,
  "history_process" : "rmxece",
  "host_id" : "45wlwr",
  "indicator" : "Stopped"
},{
  "history_id" : "id5yhu8oiic",
  "history_input" : null,
  "history_output" : null,
  "history_begin_time" : null,
  "history_end_time" : 1677958291194,
  "history_notes" : null,
  "history_process" : "illwc1",
  "host_id" : "45wlwr",
  "indicator" : "Stopped"
},{
  "history_id" : "uc8sxuxvsa7",
  "history_input" : null,
  "history_output" : null,
  "history_begin_time" : null,
  "history_end_time" : 1677958291195,
  "history_notes" : null,
  "history_process" : "sjs5by",
  "host_id" : "45wlwr",
  "indicator" : "Stopped"
},{
  "history_id" : "0q6q7gzeekx",
  "history_input" : null,
  "history_output" : null,
  "history_begin_time" : null,
  "history_end_time" : 1677958291196,
  "history_notes" : null,
  "history_process" : "y7nb46",
  "host_id" : "45wlwr",
  "indicator" : "Stopped"
},{
  "history_id" : "tj1qashb685",
  "history_input" : null,
  "history_output" : null,
  "history_begin_time" : null,
  "history_end_time" : 1677958291197,
  "history_notes" : null,
  "history_process" : "a8p3n7",
  "host_id" : "45wlwr",
  "indicator" : "Stopped"
},{
  "history_id" : "1k8ua6jpg8e",
  "history_input" : null,
  "history_output" : null,
  "history_begin_time" : null,
  "history_end_time" : 1677958291198,
  "history_notes" : null,
  "history_process" : "smsdr0",
  "host_id" : "45wlwr",
  "indicator" : "Stopped"
},{
  "history_id" : "fsapglvfnvc",
  "history_input" : null,
  "history_output" : null,
  "history_begin_time" : null,
  "history_end_time" : 1677958291199,
  "history_notes" : null,
  "history_process" : "4i0sop",
  "host_id" : "45wlwr",
  "indicator" : "Stopped"
},{
  "history_id" : "y48q4limcg2",
  "history_input" : null,
  "history_output" : null,
  "history_begin_time" : null,
  "history_end_time" : 1677958291200,
  "history_notes" : null,
  "history_process" : "b63prf",
  "host_id" : "45wlwr",
  "indicator" : "Stopped"
},{
  "history_id" : "5yjmfmmv63c",
  "history_input" : null,
  "history_output" : null,
  "history_begin_time" : null,
  "history_end_time" : 1677958291201,
  "history_notes" : null,
  "history_process" : "zh38b6",
  "host_id" : "45wlwr",
  "indicator" : "Stopped"
},{
  "history_id" : "ax5uuipquiz",
  "history_input" : null,
  "history_output" : null,
  "history_begin_time" : null,
  "history_end_time" : 1677958291203,
  "history_notes" : null,
  "history_process" : "wdh394",
  "host_id" : "45wlwr",
  "indicator" : "Stopped"
},{
  "history_id" : "oo39bdh3syu",
  "history_input" : null,
  "history_output" : null,
  "history_begin_time" : null,
  "history_end_time" : 1677958291204,
  "history_notes" : null,
  "history_process" : "p87wh1",
  "host_id" : "45wlwr",
  "indicator" : "Stopped"
},{
  "history_id" : "4uggbyuq2ew",
  "history_input" : null,
  "history_output" : null,
  "history_begin_time" : null,
  "history_end_time" : 1677958291213,
  "history_notes" : null,
  "history_process" : "ilbqzg",
  "host_id" : "45wlwr",
  "indicator" : "Stopped"
},{
  "history_id" : "a547ptzmitp",
  "history_input" : null,
  "history_output" : null,
  "history_begin_time" : null,
  "history_end_time" : 1677958291215,
  "history_notes" : null,
  "history_process" : "do86ae",
  "host_id" : "45wlwr",
  "indicator" : "Stopped"
},{
  "history_id" : "kj8d88t1pah",
  "history_input" : null,
  "history_output" : null,
  "history_begin_time" : null,
  "history_end_time" : 1677958291216,
  "history_notes" : null,
  "history_process" : "gkhtc0",
  "host_id" : "45wlwr",
  "indicator" : "Stopped"
},{
  "history_id" : "s0xi6r85xh4",
  "history_input" : null,
  "history_output" : null,
  "history_begin_time" : null,
  "history_end_time" : 1677958291218,
  "history_notes" : null,
  "history_process" : "lbd6cp",
  "host_id" : "45wlwr",
  "indicator" : "Stopped"
},{
  "history_id" : "5qpliw6brrq",
  "history_input" : "No code saved",
  "history_output" : "Skipped",
  "history_begin_time" : 1677958274938,
  "history_end_time" : 1677958291220,
  "history_notes" : null,
  "history_process" : "lbd6cp",
  "host_id" : "45wlwr",
  "indicator" : "Stopped"
}]
