[{
  "history_id" : "aqr9svuut8b",
  "history_input" : "# Data Preparation for Sentinel 2\n\nprint(\"Not ready yet..Prepare sentinel 2 into .csv\")\n\n",
  "history_output" : "Not ready yet..Prepare sentinel 2 into .csv\n",
  "history_begin_time" : 1677958274984,
  "history_end_time" : 1677958277918,
  "history_notes" : null,
  "history_process" : "78vedq",
  "host_id" : "45wlwr",
  "indicator" : "Done"
},{
  "history_id" : "4ia4mec2ueg",
  "history_input" : "\n\n# reminder that if you are installing libraries in a Google Colab instance you will be prompted to restart your kernal\n\nimport json\nimport pandas as pd\nimport ee\nimport seaborn as sns\nimport matplotlib.pyplot as plt\nimport os\nimport geopandas as gpd\nimport geojson\nimport numpy as np\nimport os.path\nimport eeauth as e\n\n#exit() # done, uncomment if you want to download new files.\n\ntry:\n    ee.Initialize(e.creds())\nexcept Exception as e:\n    ee.Authenticate() # this must be run in terminal instead of Geoweaver. Geoweaver doesn't support prompt.\n    ee.Initialize()\n\n# read the grid geometry file\nhomedir = os.path.expanduser('~')\nprint(homedir)\ngithub_dir = f\"{homedir}/Documents/GitHub/SnowCast\"\n# read grid cell\nstation_cell_mapper_file = f\"{github_dir}/data/ready_for_training/station_cell_mapping.csv\"\n\norg_name = 'modis'\nproduct_name = f'MODIS/006/MOD10A1'\nvar_name = 'NDSI'\ncolumn_name = 'mod10a1_ndsi'\n\n#org_name = 'sentinel1'\n#product_name = 'COPERNICUS/S1_GRD'\n#var_name = 'VV'\n#column_name = 's1_grd_vv'\n\nstation_cell_mapper_df = pd.read_csv(station_cell_mapper_file)\n\nall_cell_df = pd.DataFrame(columns = ['date', column_name, 'cell_id', 'latitude', 'longitude'])\n\nfor ind in station_cell_mapper_df.index:\n    \n    try:\n      \n  \t  print(station_cell_mapper_df['station_id'][ind], station_cell_mapper_df['cell_id'][ind])\n  \t  current_cell_id = station_cell_mapper_df['cell_id'][ind]\n  \t  print(\"collecting \", current_cell_id)\n  \t  single_csv_file = f\"{homedir}/Documents/GitHub/SnowCast/data/modis/{column_name}_{current_cell_id}.csv\"\n\n  \t  if os.path.exists(single_csv_file):\n  \t    print(\"exists skipping..\")\n  \t    continue\n\n  \t  longitude = station_cell_mapper_df['lon'][ind]\n  \t  latitude = station_cell_mapper_df['lat'][ind]\n\n  \t  # identify a 500 meter buffer around our Point Of Interest (POI)\n  \t  poi = ee.Geometry.Point(longitude, latitude).buffer(30)\n\n  \t  def poi_mean(img):\n  \t      reducer = img.reduceRegion(reducer=ee.Reducer.mean(), geometry=poi, scale=30)\n  \t      mean = reducer.get(var_name)\n  \t      return img.set('date', img.date().format()).set(column_name,mean)\n        \n  \t  viirs1 = ee.ImageCollection(product_name).filterDate('2013-01-01','2017-12-31')\n  \t  poi_reduced_imgs1 = viirs1.map(poi_mean)\n  \t  nested_list1 = poi_reduced_imgs1.reduceColumns(ee.Reducer.toList(2), ['date',column_name]).values().get(0)\n  \t  # dont forget we need to call the callback method \"getInfo\" to retrieve the data\n  \t  df1 = pd.DataFrame(nested_list1.getInfo(), columns=['date',column_name])\n      \n  \t  viirs2 = ee.ImageCollection(product_name).filterDate('2018-01-01','2021-12-31')\n  \t  poi_reduced_imgs2 = viirs2.map(poi_mean)\n  \t  nested_list2 = poi_reduced_imgs2.reduceColumns(ee.Reducer.toList(2), ['date',column_name]).values().get(0)\n  \t  # dont forget we need to call the callback method \"getInfo\" to retrieve the data\n  \t  df2 = pd.DataFrame(nested_list2.getInfo(), columns=['date',column_name])\n      \n\n  \t  df = pd.concat([df1, df2])\n  \t  df['date'] = pd.to_datetime(df['date'])\n  \t  df = df.set_index('date')\n  \t  df['cell_id'] = current_cell_id\n  \t  df['latitude'] = latitude\n  \t  df['longitude'] = longitude\n  \t  df.to_csv(single_csv_file)\n\n  \t  df_list = [all_cell_df, df]\n  \t  all_cell_df = pd.concat(df_list) # merge into big dataframe\n      \n    except Exception as e:\n      \n  \t  print(e)\n  \t  pass\n    \n    \nall_cell_df.to_csv(f\"{homedir}/Documents/GitHub/SnowCast/data/{org_name}/{column_name}.csv\")  \n\n\n",
  "history_output" : "/home/chetana\nCDEC:ADM 76b55900-eb3d-4d25-a538-f74302ffe72d\ncollecting  76b55900-eb3d-4d25-a538-f74302ffe72d\nexists skipping..\nCDEC:AGP f191fe19-0e81-4bc9-9980-29738a05a49b\ncollecting  f191fe19-0e81-4bc9-9980-29738a05a49b\nexists skipping..\nCDEC:ALP f6106ef5-e6fd-423b-9034-59bce18319da\ncollecting  f6106ef5-e6fd-423b-9034-59bce18319da\nexists skipping..\nCDEC:BCB 0a54de9c-d804-4681-9f7f-9f770a0f6d2e\ncollecting  0a54de9c-d804-4681-9f7f-9f770a0f6d2e\nexists skipping..\nCDEC:BCH 4f383fb2-6cc7-48a8-9bdb-9c5d150e6eae\ncollecting  4f383fb2-6cc7-48a8-9bdb-9c5d150e6eae\nexists skipping..\nCDEC:BFL 7cf8af73-1abf-40ad-9788-0d757201eeb0\ncollecting  7cf8af73-1abf-40ad-9788-0d757201eeb0\nexists skipping..\nCDEC:BGP 30641173-db10-4320-ab1e-c46e765a9011\ncollecting  30641173-db10-4320-ab1e-c46e765a9011\nexists skipping..\nCDEC:BIM 30ab5128-9a8f-4446-b781-faf8bafb677f\ncollecting  30ab5128-9a8f-4446-b781-faf8bafb677f\nexists skipping..\nCDEC:BKL df01bf44-46b8-4541-b0a4-ed1fae16ac38\ncollecting  df01bf44-46b8-4541-b0a4-ed1fae16ac38\nexists skipping..\nCDEC:BLA 6dd37e24-0a9c-4749-8ab6-7e26d42925d6\ncollecting  6dd37e24-0a9c-4749-8ab6-7e26d42925d6\nexists skipping..\nCDEC:BLC 018cf1a1-f945-4097-9c47-0c4690538bb5\ncollecting  018cf1a1-f945-4097-9c47-0c4690538bb5\nexists skipping..\nCDEC:BLD 962f6718-ce02-4d13-b28c-e159d1adc2d4\ncollecting  962f6718-ce02-4d13-b28c-e159d1adc2d4\nexists skipping..\nCDEC:BLK c89dc6ca-6d69-41ce-954d-b51f64aaacb1\ncollecting  c89dc6ca-6d69-41ce-954d-b51f64aaacb1\nexists skipping..\nCDEC:BLS 4bb8fe22-653c-4611-a3d8-de5b2c62d13d\ncollecting  4bb8fe22-653c-4611-a3d8-de5b2c62d13d\nexists skipping..\nCDEC:BMW d674ee8e-49f1-44c9-890d-4e04997522a1\ncollecting  d674ee8e-49f1-44c9-890d-4e04997522a1\nexists skipping..\nCDEC:BNK 65565709-caca-4ed5-a8b6-2794da371708\ncollecting  65565709-caca-4ed5-a8b6-2794da371708\nexists skipping..\nCDEC:BSK c89dc6ca-6d69-41ce-954d-b51f64aaacb1\ncollecting  c89dc6ca-6d69-41ce-954d-b51f64aaacb1\nexists skipping..\nCDEC:CDP 76b55900-eb3d-4d25-a538-f74302ffe72d\ncollecting  76b55900-eb3d-4d25-a538-f74302ffe72d\nexists skipping..\nCDEC:CHM f11515e9-f2a0-4f8c-9f2d-12b9e2dc8569\ncollecting  f11515e9-f2a0-4f8c-9f2d-12b9e2dc8569\nexists skipping..\nCDEC:CHP cc66f524-dd2b-4d3f-bf96-4941edca2879\ncollecting  cc66f524-dd2b-4d3f-bf96-4941edca2879\nexists skipping..\nCDEC:CRL 09288a61-d120-4cee-ac46-5a275a8f005c\ncollecting  09288a61-d120-4cee-ac46-5a275a8f005c\nexists skipping..\nCDEC:CSL 51ebe834-adf4-474e-871e-28ebca2bd0cc\ncollecting  51ebe834-adf4-474e-871e-28ebca2bd0cc\nexists skipping..\nCDEC:CSV 4f383fb2-6cc7-48a8-9bdb-9c5d150e6eae\ncollecting  4f383fb2-6cc7-48a8-9bdb-9c5d150e6eae\nexists skipping..\nCDEC:CWD 4f383fb2-6cc7-48a8-9bdb-9c5d150e6eae\ncollecting  4f383fb2-6cc7-48a8-9bdb-9c5d150e6eae\nexists skipping..\nCDEC:CWF 76b55900-eb3d-4d25-a538-f74302ffe72d\ncollecting  76b55900-eb3d-4d25-a538-f74302ffe72d\nexists skipping..\nCDEC:CXS c89dc6ca-6d69-41ce-954d-b51f64aaacb1\ncollecting  c89dc6ca-6d69-41ce-954d-b51f64aaacb1\nexists skipping..\nCDEC:DAN 70bfdc00-dbd2-4c44-8039-04a547f91f76\ncollecting  70bfdc00-dbd2-4c44-8039-04a547f91f76\nexists skipping..\nCDEC:DDM 01be2cc7-ef77-4e4d-80ed-c4f8139162c3\ncollecting  01be2cc7-ef77-4e4d-80ed-c4f8139162c3\nexists skipping..\nCDEC:DPO 9023330c-2766-4585-b6fe-63593c519e03\ncollecting  9023330c-2766-4585-b6fe-63593c519e03\nexists skipping..\nCDEC:DSS 76b55900-eb3d-4d25-a538-f74302ffe72d\ncollecting  76b55900-eb3d-4d25-a538-f74302ffe72d\nexists skipping..\nCDEC:EBB 962f6718-ce02-4d13-b28c-e159d1adc2d4\ncollecting  962f6718-ce02-4d13-b28c-e159d1adc2d4\nexists skipping..\nCDEC:EP5 f6106ef5-e6fd-423b-9034-59bce18319da\ncollecting  f6106ef5-e6fd-423b-9034-59bce18319da\nexists skipping..\nCDEC:FDC c89dc6ca-6d69-41ce-954d-b51f64aaacb1\ncollecting  c89dc6ca-6d69-41ce-954d-b51f64aaacb1\nexists skipping..\nCDEC:FLL d674ee8e-49f1-44c9-890d-4e04997522a1\ncollecting  d674ee8e-49f1-44c9-890d-4e04997522a1\nexists skipping..\nCDEC:FRN f6106ef5-e6fd-423b-9034-59bce18319da\ncollecting  f6106ef5-e6fd-423b-9034-59bce18319da\nexists skipping..\nCDEC:FRW ddc760c7-dc6e-4fd4-ac1a-987ba3f79748\ncollecting  ddc760c7-dc6e-4fd4-ac1a-987ba3f79748\nexists skipping..\nCDEC:GEM 690ae8d4-c0d0-4dad-a7c4-67f3df07cc78\ncollecting  690ae8d4-c0d0-4dad-a7c4-67f3df07cc78\nexists skipping..\nCDEC:GIN dbf421d4-0295-4a9f-9e20-88ac299360b1\ncollecting  dbf421d4-0295-4a9f-9e20-88ac299360b1\nexists skipping..\nCDEC:GKS 51ebe834-adf4-474e-871e-28ebca2bd0cc\ncollecting  51ebe834-adf4-474e-871e-28ebca2bd0cc\nexists skipping..\nCDEC:GNF 5ec8a57d-8d5f-4331-b1fb-9d766f42991a\ncollecting  5ec8a57d-8d5f-4331-b1fb-9d766f42991a\nexists skipping..\nCDEC:GNL 403090bc-fc9e-44fb-921b-f7eea63e9740\ncollecting  403090bc-fc9e-44fb-921b-f7eea63e9740\nexists skipping..\nCDEC:GRM 232ef8b4-938f-42d7-a6e4-647d5280edd2\ncollecting  232ef8b4-938f-42d7-a6e4-647d5280edd2\nexists skipping..\nCDEC:GRV cc8b7ef5-1c86-4bd2-8cb9-969c7df1884e\ncollecting  cc8b7ef5-1c86-4bd2-8cb9-969c7df1884e\nexists skipping..\nCDEC:GRZ 018cf1a1-f945-4097-9c47-0c4690538bb5\ncollecting  018cf1a1-f945-4097-9c47-0c4690538bb5\nexists skipping..\nCDEC:HGM d674ee8e-49f1-44c9-890d-4e04997522a1\ncollecting  d674ee8e-49f1-44c9-890d-4e04997522a1\nexists skipping..\nCDEC:HIG 65565709-caca-4ed5-a8b6-2794da371708\ncollecting  65565709-caca-4ed5-a8b6-2794da371708\nexists skipping..\nCDEC:HMB df01bf44-46b8-4541-b0a4-ed1fae16ac38\ncollecting  df01bf44-46b8-4541-b0a4-ed1fae16ac38\nexists skipping..\nCDEC:HNT 39dd8dce-b4a1-4db5-bc31-fba72181cf5e\ncollecting  39dd8dce-b4a1-4db5-bc31-fba72181cf5e\nexists skipping..\nCDEC:HOR d674ee8e-49f1-44c9-890d-4e04997522a1\ncollecting  d674ee8e-49f1-44c9-890d-4e04997522a1\nexists skipping..\nCDEC:HRK df01bf44-46b8-4541-b0a4-ed1fae16ac38\ncollecting  df01bf44-46b8-4541-b0a4-ed1fae16ac38\nexists skipping..\nCDEC:HRS 49b01e43-f719-450f-b7c6-556b08e9ef4d\ncollecting  49b01e43-f719-450f-b7c6-556b08e9ef4d\nexists skipping..\nCDEC:HVN d674ee8e-49f1-44c9-890d-4e04997522a1\ncollecting  d674ee8e-49f1-44c9-890d-4e04997522a1\nexists skipping..\nCDEC:HYS 51ebe834-adf4-474e-871e-28ebca2bd0cc\ncollecting  51ebe834-adf4-474e-871e-28ebca2bd0cc\nexists skipping..\nCDEC:IDC 018cf1a1-f945-4097-9c47-0c4690538bb5\ncollecting  018cf1a1-f945-4097-9c47-0c4690538bb5\nexists skipping..\nCDEC:IDP 018cf1a1-f945-4097-9c47-0c4690538bb5\ncollecting  018cf1a1-f945-4097-9c47-0c4690538bb5\nexists skipping..\nCDEC:INN 018cf1a1-f945-4097-9c47-0c4690538bb5\ncollecting  018cf1a1-f945-4097-9c47-0c4690538bb5\nexists skipping..\nCDEC:KTL 147d5eb4-e574-47e4-994a-8a2908c06050\ncollecting  147d5eb4-e574-47e4-994a-8a2908c06050\nexists skipping..\nCDEC:LBD 74f8c8bc-2f60-4232-b447-43459d5d22f0\ncollecting  74f8c8bc-2f60-4232-b447-43459d5d22f0\nexists skipping..\nCDEC:LLP 6dd37e24-0a9c-4749-8ab6-7e26d42925d6\ncollecting  6dd37e24-0a9c-4749-8ab6-7e26d42925d6\nexists skipping..\nCDEC:LVM 01be2cc7-ef77-4e4d-80ed-c4f8139162c3\ncollecting  01be2cc7-ef77-4e4d-80ed-c4f8139162c3\nexists skipping..\nCDEC:LVT 01be2cc7-ef77-4e4d-80ed-c4f8139162c3\ncollecting  01be2cc7-ef77-4e4d-80ed-c4f8139162c3\nexists skipping..\nCDEC:MDW 018cf1a1-f945-4097-9c47-0c4690538bb5\ncollecting  018cf1a1-f945-4097-9c47-0c4690538bb5\nexists skipping..\nCDEC:MED 00c4db22-a423-41a4-ada6-a8b1b04153a4\ncollecting  00c4db22-a423-41a4-ada6-a8b1b04153a4\nexists skipping..\nCDEC:MHP ec0952b6-f119-4f40-bf47-343d71245ddc\ncollecting  ec0952b6-f119-4f40-bf47-343d71245ddc\nexists skipping..\nCDEC:MNT 74f8c8bc-2f60-4232-b447-43459d5d22f0\ncollecting  74f8c8bc-2f60-4232-b447-43459d5d22f0\nexists skipping..\nCDEC:MRL d674ee8e-49f1-44c9-890d-4e04997522a1\ncollecting  d674ee8e-49f1-44c9-890d-4e04997522a1\nexists skipping..\nCDEC:MSK d674ee8e-49f1-44c9-890d-4e04997522a1\ncollecting  d674ee8e-49f1-44c9-890d-4e04997522a1\nexists skipping..\nCDEC:MTM b5c7343d-a4a9-4da9-aee3-36539a545af6\ncollecting  b5c7343d-a4a9-4da9-aee3-36539a545af6\nexists skipping..\nCDEC:PDS 17da8ab4-6dd8-481e-a025-7574765ef9b1\ncollecting  17da8ab4-6dd8-481e-a025-7574765ef9b1\nexists skipping..\nCDEC:PET 65565709-caca-4ed5-a8b6-2794da371708\ncollecting  65565709-caca-4ed5-a8b6-2794da371708\nexists skipping..\nCDEC:PSC 4f383fb2-6cc7-48a8-9bdb-9c5d150e6eae\ncollecting  4f383fb2-6cc7-48a8-9bdb-9c5d150e6eae\nexists skipping..\nCDEC:PSN 74f8c8bc-2f60-4232-b447-43459d5d22f0\ncollecting  74f8c8bc-2f60-4232-b447-43459d5d22f0\nexists skipping..\nCDEC:QUA d563ff8c-31c3-44a9-8fd3-2f8bc68b21b4\ncollecting  d563ff8c-31c3-44a9-8fd3-2f8bc68b21b4\nexists skipping..\nCDEC:RBP 51ebe834-adf4-474e-871e-28ebca2bd0cc\ncollecting  51ebe834-adf4-474e-871e-28ebca2bd0cc\nexists skipping..\nCDEC:RCC 018cf1a1-f945-4097-9c47-0c4690538bb5\ncollecting  018cf1a1-f945-4097-9c47-0c4690538bb5\nexists skipping..\nCDEC:RCK cbe04952-a2ae-4525-98c5-a644c9a5ddc5\ncollecting  cbe04952-a2ae-4525-98c5-a644c9a5ddc5\nexists skipping..\nCDEC:RP2 f6106ef5-e6fd-423b-9034-59bce18319da\ncollecting  f6106ef5-e6fd-423b-9034-59bce18319da\nexists skipping..\nCDEC:RRM 7cf8af73-1abf-40ad-9788-0d757201eeb0\ncollecting  7cf8af73-1abf-40ad-9788-0d757201eeb0\nexists skipping..\nCDEC:RTL 147d5eb4-e574-47e4-994a-8a2908c06050\ncollecting  147d5eb4-e574-47e4-994a-8a2908c06050\nexists skipping..\nCDEC:SCN c89dc6ca-6d69-41ce-954d-b51f64aaacb1\ncollecting  c89dc6ca-6d69-41ce-954d-b51f64aaacb1\nexists skipping..\nCDEC:SCT 7cf8af73-1abf-40ad-9788-0d757201eeb0\ncollecting  7cf8af73-1abf-40ad-9788-0d757201eeb0\nexists skipping..\nCDEC:SDF 65565709-caca-4ed5-a8b6-2794da371708\ncollecting  65565709-caca-4ed5-a8b6-2794da371708\nexists skipping..\nCDEC:SDW 74f8c8bc-2f60-4232-b447-43459d5d22f0\ncollecting  74f8c8bc-2f60-4232-b447-43459d5d22f0\nexists skipping..\nCDEC:SHM 7cf8af73-1abf-40ad-9788-0d757201eeb0\ncollecting  7cf8af73-1abf-40ad-9788-0d757201eeb0\nexists skipping..\nCDEC:SIL c89dc6ca-6d69-41ce-954d-b51f64aaacb1\ncollecting  c89dc6ca-6d69-41ce-954d-b51f64aaacb1\nexists skipping..\nCDEC:SLM 962f6718-ce02-4d13-b28c-e159d1adc2d4\ncollecting  962f6718-ce02-4d13-b28c-e159d1adc2d4\nexists skipping..\nCDEC:SLT 65565709-caca-4ed5-a8b6-2794da371708\ncollecting  65565709-caca-4ed5-a8b6-2794da371708\nexists skipping..\nCDEC:SPS 01be2cc7-ef77-4e4d-80ed-c4f8139162c3\ncollecting  01be2cc7-ef77-4e4d-80ed-c4f8139162c3\nexists skipping..\nCDEC:SPT 962f6718-ce02-4d13-b28c-e159d1adc2d4\ncollecting  962f6718-ce02-4d13-b28c-e159d1adc2d4\nexists skipping..\nCDEC:SQV f6106ef5-e6fd-423b-9034-59bce18319da\ncollecting  f6106ef5-e6fd-423b-9034-59bce18319da\nexists skipping..\nCDEC:SSM 147d5eb4-e574-47e4-994a-8a2908c06050\ncollecting  147d5eb4-e574-47e4-994a-8a2908c06050\nexists skipping..\nCDEC:SWM 6e96bf06-cbc5-45b5-a36b-e37864226099\ncollecting  6e96bf06-cbc5-45b5-a36b-e37864226099\nexists skipping..\nCDEC:TCC f6106ef5-e6fd-423b-9034-59bce18319da\ncollecting  f6106ef5-e6fd-423b-9034-59bce18319da\nexists skipping..\nCDEC:TK2 f6106ef5-e6fd-423b-9034-59bce18319da\ncollecting  f6106ef5-e6fd-423b-9034-59bce18319da\nexists skipping..\nCDEC:TMR c7e3f62c-a812-4342-8e4c-3a6a5dd96255\ncollecting  c7e3f62c-a812-4342-8e4c-3a6a5dd96255\nexists skipping..\nCDEC:TNY a8e91cfa-724a-4114-a9d4-291785ff31f8\ncollecting  a8e91cfa-724a-4114-a9d4-291785ff31f8\nexists skipping..\nCDEC:TUM 2dde4be2-b6fd-47e8-b53d-88b59d74fde1\ncollecting  2dde4be2-b6fd-47e8-b53d-88b59d74fde1\nexists skipping..\nCDEC:UBC b2e9cb6b-b45a-4cab-8333-247cb4c0b51b\ncollecting  b2e9cb6b-b45a-4cab-8333-247cb4c0b51b\nexists skipping..\nCDEC:UTY 46f21569-8ecf-4c46-b65b-d80fa83a20d5\ncollecting  46f21569-8ecf-4c46-b65b-d80fa83a20d5\nexists skipping..\nCDEC:VLC 643c05b6-03bc-4024-8000-2228f4b5a7ad\ncollecting  643c05b6-03bc-4024-8000-2228f4b5a7ad\nexists skipping..\nCDEC:VRG fb078c7e-4975-4c7f-8f42-180386ac8c3c\ncollecting  fb078c7e-4975-4c7f-8f42-180386ac8c3c\nexists skipping..\nCDEC:VVL 51ebe834-adf4-474e-871e-28ebca2bd0cc\ncollecting  51ebe834-adf4-474e-871e-28ebca2bd0cc\nexists skipping..\nCDEC:WC3 f6106ef5-e6fd-423b-9034-59bce18319da\ncollecting  f6106ef5-e6fd-423b-9034-59bce18319da\nexists skipping..\nCDEC:WHW dba335b6-9d97-4a89-9ff3-888a8a45575f\ncollecting  dba335b6-9d97-4a89-9ff3-888a8a45575f\nexists skipping..\nCDEC:WTM 057fb61e-ce45-4423-9ef2-b52d8c1237e9\ncollecting  057fb61e-ce45-4423-9ef2-b52d8c1237e9\nexists skipping..\nCDEC:WWC 50f7b567-4066-4437-a335-71aff4c94a2c\ncollecting  50f7b567-4066-4437-a335-71aff4c94a2c\nexists skipping..\nSNOTEL:1000_OR_SNTL 5e252b65-58dd-421f-a0db-3d4669bfb235\ncollecting  5e252b65-58dd-421f-a0db-3d4669bfb235\nexists skipping..\nSNOTEL:1005_CO_SNTL efada0af-09bf-4013-a1c6-0837f8ff59c5\ncollecting  efada0af-09bf-4013-a1c6-0837f8ff59c5\nexists skipping..\nSNOTEL:1009_MT_SNTL 517aefce-a617-4251-acb9-c5faf0b7fdf3\ncollecting  517aefce-a617-4251-acb9-c5faf0b7fdf3\nexists skipping..\nSNOTEL:1010_OR_SNTL 0a0ea690-5b73-4459-91d5-a6948d132a48\ncollecting  0a0ea690-5b73-4459-91d5-a6948d132a48\nexists skipping..\nSNOTEL:1011_WA_SNTL e6d48180-814d-494b-99cc-0be5cd1a0eaf\ncollecting  e6d48180-814d-494b-99cc-0be5cd1a0eaf\nexists skipping..\nSNOTEL:1012_WA_SNTL cdfc27f0-b990-45f7-bac6-7c674cd157ac\ncollecting  cdfc27f0-b990-45f7-bac6-7c674cd157ac\nexists skipping..\nSNOTEL:1013_UT_SNTL 2222b7b3-f48b-4cea-90bf-8e7245d002ea\ncollecting  2222b7b3-f48b-4cea-90bf-8e7245d002ea\nexists skipping..\nSNOTEL:1014_CO_SNTL cad51334-b3af-4c23-85c3-451c3447560a\ncollecting  cad51334-b3af-4c23-85c3-451c3447560a\nexists skipping..\nSNOTEL:1015_WY_SNTL 8116acfb-8035-4d34-b9b9-b0af2c5697df\ncollecting  8116acfb-8035-4d34-b9b9-b0af2c5697df\nexists skipping..\nSNOTEL:1016_ID_SNTL c66f40ed-f72e-4012-991c-1f3726e5c8ad\ncollecting  c66f40ed-f72e-4012-991c-1f3726e5c8ad\nexists skipping..\nSNOTEL:1017_NM_SNTL 6afdc499-9686-4451-b207-13df777df662\ncollecting  6afdc499-9686-4451-b207-13df777df662\nexists skipping..\nSNOTEL:1030_CO_SNTL 02cf33c2-c8e2-48b9-bf72-92506e97e251\ncollecting  02cf33c2-c8e2-48b9-bf72-92506e97e251\nexists skipping..\nSNOTEL:1031_CO_SNTL 8c45801f-6377-42e1-ae0a-9b53593ff843\ncollecting  8c45801f-6377-42e1-ae0a-9b53593ff843\nexists skipping..\nSNOTEL:1032_CO_SNTL 9f0599d8-81f3-4ab5-b275-48a6ddaaae5b\ncollecting  9f0599d8-81f3-4ab5-b275-48a6ddaaae5b\nexists skipping..\nSNOTEL:1033_CO_SNTL 86257c69-a8f1-43b1-9e07-73129e2c3fbc\ncollecting  86257c69-a8f1-43b1-9e07-73129e2c3fbc\nexists skipping..\nSNOTEL:1034_NM_SNTL 43be1328-02b0-4cc1-8e9b-75842908cee3\ncollecting  43be1328-02b0-4cc1-8e9b-75842908cee3\nexists skipping..\nSNOTEL:1039_UT_SNTL eeb0a123-9482-4946-ab3f-9e63541cb655\ncollecting  eeb0a123-9482-4946-ab3f-9e63541cb655\nexists skipping..\nSNOTEL:1040_CO_SNTL f62e6b4d-7f9d-4139-bac4-59f084fb09cd\ncollecting  f62e6b4d-7f9d-4139-bac4-59f084fb09cd\nexists skipping..\nSNOTEL:1043_WA_SNTL c59f438c-f00a-476a-938e-efd828e0d083\ncollecting  c59f438c-f00a-476a-938e-efd828e0d083\nexists skipping..\nSNOTEL:1044_OR_SNTL 7acd0d51-ff30-42a3-9338-590432bd0e43\ncollecting  7acd0d51-ff30-42a3-9338-590432bd0e43\nexists skipping..\nSNOTEL:1045_WY_SNTL 3b5bfd37-070c-4ee9-a470-c9338851e270\ncollecting  3b5bfd37-070c-4ee9-a470-c9338851e270\nexists skipping..\nSNOTEL:1046_WY_SNTL 3b5bfd37-070c-4ee9-a470-c9338851e270\ncollecting  3b5bfd37-070c-4ee9-a470-c9338851e270\nexists skipping..\nSNOTEL:1048_NM_SNTL 43be1328-02b0-4cc1-8e9b-75842908cee3\ncollecting  43be1328-02b0-4cc1-8e9b-75842908cee3\nexists skipping..\nSNOTEL:1050_CA_SNTL d674ee8e-49f1-44c9-890d-4e04997522a1\ncollecting  d674ee8e-49f1-44c9-890d-4e04997522a1\nexists skipping..\nSNOTEL:1051_CA_SNTL c89dc6ca-6d69-41ce-954d-b51f64aaacb1\ncollecting  c89dc6ca-6d69-41ce-954d-b51f64aaacb1\nexists skipping..\nSNOTEL:1052_CA_SNTL 74f8c8bc-2f60-4232-b447-43459d5d22f0\ncollecting  74f8c8bc-2f60-4232-b447-43459d5d22f0\nexists skipping..\nSNOTEL:1053_ID_SNTL 2f5c1968-2c34-4539-a9f4-38298d0de925\ncollecting  2f5c1968-2c34-4539-a9f4-38298d0de925\nexists skipping..\nSNOTEL:1054_UT_SNTL 10162c55-772d-49d2-8b1b-b1f9c86254b2\ncollecting  10162c55-772d-49d2-8b1b-b1f9c86254b2\nexists skipping..\nSNOTEL:1058_CO_SNTL c340219b-307b-412b-9368-b50639bd372d\ncollecting  c340219b-307b-412b-9368-b50639bd372d\nexists skipping..\nSNOTEL:1061_CO_SNTL 02cf33c2-c8e2-48b9-bf72-92506e97e251\ncollecting  02cf33c2-c8e2-48b9-bf72-92506e97e251\nexists skipping..\nSNOTEL:1065_UT_SNTL 24cd85fa-6aee-4556-bb8a-b6696eb72a19\ncollecting  24cd85fa-6aee-4556-bb8a-b6696eb72a19\nexists skipping..\nSNOTEL:1066_UT_SNTL 24cd85fa-6aee-4556-bb8a-b6696eb72a19\ncollecting  24cd85fa-6aee-4556-bb8a-b6696eb72a19\nexists skipping..\nSNOTEL:1067_CA_SNTL c89dc6ca-6d69-41ce-954d-b51f64aaacb1\ncollecting  c89dc6ca-6d69-41ce-954d-b51f64aaacb1\nexists skipping..\nSNOTEL:1068_WA_SNTL bfda850c-3027-4e91-afcb-cca5e73e4a03\ncollecting  bfda850c-3027-4e91-afcb-cca5e73e4a03\nexists skipping..\nSNOTEL:1077_OR_SNTL 5e252b65-58dd-421f-a0db-3d4669bfb235\ncollecting  5e252b65-58dd-421f-a0db-3d4669bfb235\nexists skipping..\nSNOTEL:1079_OR_SNTL f78ea076-10a1-45dc-a848-c08e129c6a28\ncollecting  f78ea076-10a1-45dc-a848-c08e129c6a28\nexists skipping..\nSNOTEL:1082_WY_SNTL ce76ce00-c8b5-4597-8ca3-1ec9db795b50\ncollecting  ce76ce00-c8b5-4597-8ca3-1ec9db795b50\nexists skipping..\nSNOTEL:1084_OR_SNTL a6861fc3-2315-451b-9b95-c06d1ea96b4b\ncollecting  a6861fc3-2315-451b-9b95-c06d1ea96b4b\nexists skipping..\nSNOTEL:1085_WA_SNTL 9474e816-b673-4e6d-83e0-28c274945bef\ncollecting  9474e816-b673-4e6d-83e0-28c274945bef\nexists skipping..\nSNOTEL:1098_UT_SNTL 2222b7b3-f48b-4cea-90bf-8e7245d002ea\ncollecting  2222b7b3-f48b-4cea-90bf-8e7245d002ea\nexists skipping..\nSNOTEL:1099_UT_SNTL ad44deb7-e56d-47bd-8d64-7147493e0aee\ncollecting  ad44deb7-e56d-47bd-8d64-7147493e0aee\nexists skipping..\nSNOTEL:1100_CO_SNTL b99b0ffd-6fa9-482c-8511-f7b87e705d35\ncollecting  b99b0ffd-6fa9-482c-8511-f7b87e705d35\nexists skipping..\nSNOTEL:1101_CO_SNTL e833aad1-6da3-4413-b25e-b2ab5b2029c0\ncollecting  e833aad1-6da3-4413-b25e-b2ab5b2029c0\nexists skipping..\nSNOTEL:1104_WA_SNTL cdfc27f0-b990-45f7-bac6-7c674cd157ac\ncollecting  cdfc27f0-b990-45f7-bac6-7c674cd157ac\nexists skipping..\nSNOTEL:1105_MT_SNTL f46e7d90-a754-44a8-b262-63f5c401a0ab\ncollecting  f46e7d90-a754-44a8-b262-63f5c401a0ab\nexists skipping..\nSNOTEL:1107_WA_SNTL 0f46ad2b-4b1f-4232-8e46-be7122d53b86\ncollecting  0f46ad2b-4b1f-4232-8e46-be7122d53b86\nexists skipping..\nSNOTEL:1109_WA_SNTL cdfc27f0-b990-45f7-bac6-7c674cd157ac\ncollecting  cdfc27f0-b990-45f7-bac6-7c674cd157ac\nexists skipping..\nSNOTEL:1110_NV_SNTL 8ca1aaab-07de-4532-a99f-4ab8bce2f862\ncollecting  8ca1aaab-07de-4532-a99f-4ab8bce2f862\nexists skipping..\nSNOTEL:1111_NV_SNTL 8ca1aaab-07de-4532-a99f-4ab8bce2f862\ncollecting  8ca1aaab-07de-4532-a99f-4ab8bce2f862\nexists skipping..\nSNOTEL:1113_UT_SNTL 2222b7b3-f48b-4cea-90bf-8e7245d002ea\ncollecting  2222b7b3-f48b-4cea-90bf-8e7245d002ea\nexists skipping..\nSNOTEL:1114_UT_SNTL 2222b7b3-f48b-4cea-90bf-8e7245d002ea\ncollecting  2222b7b3-f48b-4cea-90bf-8e7245d002ea\nexists skipping..\nSNOTEL:1115_UT_SNTL 2222b7b3-f48b-4cea-90bf-8e7245d002ea\ncollecting  2222b7b3-f48b-4cea-90bf-8e7245d002ea\nexists skipping..\nSNOTEL:1119_WY_SNTL 8116acfb-8035-4d34-b9b9-b0af2c5697df\ncollecting  8116acfb-8035-4d34-b9b9-b0af2c5697df\nexists skipping..\nSNOTEL:1120_CO_SNTL f62e6b4d-7f9d-4139-bac4-59f084fb09cd\ncollecting  f62e6b4d-7f9d-4139-bac4-59f084fb09cd\nexists skipping..\nSNOTEL:1121_AZ_SNTL c0e85162-6ff4-401b-b01e-cc6d7a51eac0\ncollecting  c0e85162-6ff4-401b-b01e-cc6d7a51eac0\nexists skipping..\nSNOTEL:1122_CO_SNTL e4473542-1804-41c0-82b2-eaddc245845d\ncollecting  e4473542-1804-41c0-82b2-eaddc245845d\nexists skipping..\nSNOTEL:1123_CO_SNTL e4473542-1804-41c0-82b2-eaddc245845d\ncollecting  e4473542-1804-41c0-82b2-eaddc245845d\nexists skipping..\nSNOTEL:1124_CO_SNTL aa0d6340-c817-48c9-8727-8d3457606381\ncollecting  aa0d6340-c817-48c9-8727-8d3457606381\nexists skipping..\nSNOTEL:1127_AZ_SNTL 1135e377-22e6-4290-b4cd-e6739de7fd8a\ncollecting  1135e377-22e6-4290-b4cd-e6739de7fd8a\nexists skipping..\nSNOTEL:1128_CO_SNTL f25cdbec-2f14-42c5-a6ef-a60f3a90caff\ncollecting  f25cdbec-2f14-42c5-a6ef-a60f3a90caff\nexists skipping..\nSNOTEL:1129_WA_SNTL 06ec1554-a0ea-41cf-85f8-43f4b48c7599\ncollecting  06ec1554-a0ea-41cf-85f8-43f4b48c7599\nexists skipping..\nSNOTEL:1131_WY_SNTL 02c3ec4a-8de4-4284-9ec1-5a942d3d098e\ncollecting  02c3ec4a-8de4-4284-9ec1-5a942d3d098e\nexists skipping..\nSNOTEL:1132_WY_SNTL c5a82752-3e4b-43ec-8011-9111b9bfcb89\ncollecting  c5a82752-3e4b-43ec-8011-9111b9bfcb89\nexists skipping..\nSNOTEL:1133_WY_SNTL 679fe096-5475-4d4d-b0f8-81e32de889aa\ncollecting  679fe096-5475-4d4d-b0f8-81e32de889aa\nexists skipping..\nSNOTEL:1134_WY_SNTL 990e5974-9c60-4c9a-ba23-ddce13971178\ncollecting  990e5974-9c60-4c9a-ba23-ddce13971178\nexists skipping..\nSNOTEL:1135_UT_SNTL 064d7f3e-8bbd-49cd-b360-5c4590a19b9e\ncollecting  064d7f3e-8bbd-49cd-b360-5c4590a19b9e\nexists skipping..\nSNOTEL:1136_NV_SNTL 875622b7-5253-43d2-8e0f-348767860eb9\ncollecting  875622b7-5253-43d2-8e0f-348767860eb9\nexists skipping..\nSNOTEL:1138_NM_SNTL eb1d889a-c427-49e1-95a1-fa6577002c9b\ncollecting  eb1d889a-c427-49e1-95a1-fa6577002c9b\nexists skipping..\nSNOTEL:1139_AZ_SNTL a2588440-600e-41da-b2b9-1f5632ecdef6\ncollecting  a2588440-600e-41da-b2b9-1f5632ecdef6\nexists skipping..\nSNOTEL:1140_AZ_SNTL 972ab3b1-7445-4f57-a1a1-c3be4c257869\ncollecting  972ab3b1-7445-4f57-a1a1-c3be4c257869\nexists skipping..\nSNOTEL:1141_CO_SNTL 09f879b9-4378-479e-949b-cdc3bec8f59f\ncollecting  09f879b9-4378-479e-949b-cdc3bec8f59f\nexists skipping..\nSNOTEL:1143_AZ_SNTL e925f8e6-6eee-4fa7-9034-41eb9917df5e\ncollecting  e925f8e6-6eee-4fa7-9034-41eb9917df5e\nexists skipping..\nSNOTEL:1144_MT_SNTL d37ccc2e-7127-48ec-9425-2e77681c3635\ncollecting  d37ccc2e-7127-48ec-9425-2e77681c3635\nexists skipping..\nSNOTEL:1146_UT_SNTL ba4b2f3f-c8e3-4535-9781-426e4f77ba4c\ncollecting  ba4b2f3f-c8e3-4535-9781-426e4f77ba4c\nexists skipping..\nSNOTEL:1147_NV_SNTL 38793f95-324b-4f01-b1a7-45e1c9353bc1\ncollecting  38793f95-324b-4f01-b1a7-45e1c9353bc1\nexists skipping..\nSNOTEL:1148_UT_SNTL 55d3e9a6-e153-43c3-a66c-cd60711ff4a9\ncollecting  55d3e9a6-e153-43c3-a66c-cd60711ff4a9\nexists skipping..\nSNOTEL:1149_UT_SNTL ad44deb7-e56d-47bd-8d64-7147493e0aee\ncollecting  ad44deb7-e56d-47bd-8d64-7147493e0aee\nexists skipping..\nSNOTEL:1150_NV_SNTL 38793f95-324b-4f01-b1a7-45e1c9353bc1\ncollecting  38793f95-324b-4f01-b1a7-45e1c9353bc1\nexists skipping..\nSNOTEL:1152_NV_SNTL 38793f95-324b-4f01-b1a7-45e1c9353bc1\ncollecting  38793f95-324b-4f01-b1a7-45e1c9353bc1\nexists skipping..\nSNOTEL:1154_UT_SNTL 55d3e9a6-e153-43c3-a66c-cd60711ff4a9\ncollecting  55d3e9a6-e153-43c3-a66c-cd60711ff4a9\nexists skipping..\nSNOTEL:1155_NV_SNTL 38793f95-324b-4f01-b1a7-45e1c9353bc1\ncollecting  38793f95-324b-4f01-b1a7-45e1c9353bc1\nexists skipping..\nSNOTEL:1156_UT_SNTL 7b636fe2-1760-45c5-afce-505f2e927163\ncollecting  7b636fe2-1760-45c5-afce-505f2e927163\nexists skipping..\nSNOTEL:1159_WA_SNTL dc31c331-837b-4b59-b184-051321e9489c\ncollecting  dc31c331-837b-4b59-b184-051321e9489c\nexists skipping..\nSNOTEL:1160_CO_SNTL 12bde9ee-0e0a-49ac-ab19-b410adb61b3c\ncollecting  12bde9ee-0e0a-49ac-ab19-b410adb61b3c\nexists skipping..\nSNOTEL:1161_CO_SNTL 9f0599d8-81f3-4ab5-b275-48a6ddaaae5b\ncollecting  9f0599d8-81f3-4ab5-b275-48a6ddaaae5b\nexists skipping..\nSNOTEL:1162_UT_SNTL c0568d62-49c7-4d9f-beba-ac0fb3e064c5\ncollecting  c0568d62-49c7-4d9f-beba-ac0fb3e064c5\nexists skipping..\nSNOTEL:1166_OR_SNTL a6861fc3-2315-451b-9b95-c06d1ea96b4b\ncollecting  a6861fc3-2315-451b-9b95-c06d1ea96b4b\nexists skipping..\nSNOTEL:1167_OR_SNTL a6861fc3-2315-451b-9b95-c06d1ea96b4b\ncollecting  a6861fc3-2315-451b-9b95-c06d1ea96b4b\nexists skipping..\nSNOTEL:1168_NM_SNTL e3473791-6153-49bc-a2ed-0b1e3e243942\ncollecting  e3473791-6153-49bc-a2ed-0b1e3e243942\nexists skipping..\nSNOTEL:1169_NM_SNTL e3473791-6153-49bc-a2ed-0b1e3e243942\ncollecting  e3473791-6153-49bc-a2ed-0b1e3e243942\nexists skipping..\nSNOTEL:1170_NM_SNTL e3473791-6153-49bc-a2ed-0b1e3e243942\ncollecting  e3473791-6153-49bc-a2ed-0b1e3e243942\nexists skipping..\nSNOTEL:1171_WA_SNTL 47e625fa-e2df-43ce-84dd-8ac21fdda75a\ncollecting  47e625fa-e2df-43ce-84dd-8ac21fdda75a\nexists skipping..\nSNOTEL:1172_NM_SNTL 674e34ce-8b77-422b-ab14-c6c3a0183e39\ncollecting  674e34ce-8b77-422b-ab14-c6c3a0183e39\nexists skipping..\nSNOTEL:1184_UT_SNTL 9813294e-a28e-45c0-976d-a6fa65d87927\ncollecting  9813294e-a28e-45c0-976d-a6fa65d87927\nexists skipping..\nSNOTEL:1185_CO_SNTL 548ff935-a421-4f4c-8eef-0bb19ed6c5f8\ncollecting  548ff935-a421-4f4c-8eef-0bb19ed6c5f8\nexists skipping..\nSNOTEL:1186_CO_SNTL cad51334-b3af-4c23-85c3-451c3447560a\ncollecting  cad51334-b3af-4c23-85c3-451c3447560a\nexists skipping..\nSNOTEL:1187_CO_SNTL f9f7132d-56a2-43e2-baba-312f34dbaeed\ncollecting  f9f7132d-56a2-43e2-baba-312f34dbaeed\nexists skipping..\nSNOTEL:1192_UT_SNTL a28a3caf-eea2-414f-8003-62ac82daaafa\ncollecting  a28a3caf-eea2-414f-8003-62ac82daaafa\nexists skipping..\nSNOTEL:1195_NV_SNTL f1f17cee-3fca-44bc-8974-b72d5f995a4a\ncollecting  f1f17cee-3fca-44bc-8974-b72d5f995a4a\nexists skipping..\nSNOTEL:1196_WY_SNTL 14c19b34-6359-4d3f-865e-0b9852a0e958\ncollecting  14c19b34-6359-4d3f-865e-0b9852a0e958\nexists skipping..\nSNOTEL:1197_UT_SNTL 55d3e9a6-e153-43c3-a66c-cd60711ff4a9\ncollecting  55d3e9a6-e153-43c3-a66c-cd60711ff4a9\nexists skipping..\nSNOTEL:1214_UT_SNTL 93b8483d-a510-42ff-865e-33d5a8784dc4\ncollecting  93b8483d-a510-42ff-865e-33d5a8784dc4\nexists skipping..\nSNOTEL:1215_UT_SNTL 20b97bae-60d6-466d-aca9-334d9b2d63b6\ncollecting  20b97bae-60d6-466d-aca9-334d9b2d63b6\nexists skipping..\nSNOTEL:1216_UT_SNTL 0a820e12-033b-45d6-9ef9-d70f4c5e5b63\ncollecting  0a820e12-033b-45d6-9ef9-d70f4c5e5b63\nexists skipping..\nSNOTEL:1222_UT_SNTL ad9f3d28-ef5a-4851-a5e4-5e2f7b63d17b\ncollecting  ad9f3d28-ef5a-4851-a5e4-5e2f7b63d17b\nexists skipping..\nSNOTEL:1223_UT_SNTL cfe58efd-ce2a-495a-90cd-6826f704ebee\ncollecting  cfe58efd-ce2a-495a-90cd-6826f704ebee\nexists skipping..\nSNOTEL:1224_UT_SNTL 9813294e-a28e-45c0-976d-a6fa65d87927\ncollecting  9813294e-a28e-45c0-976d-a6fa65d87927\nexists skipping..\nSNOTEL:1225_UT_SNTL 7bc3c413-4709-4ddd-a2ad-99f6cad9436c\ncollecting  7bc3c413-4709-4ddd-a2ad-99f6cad9436c\nexists skipping..\nSNOTEL:1226_UT_SNTL ad9f3d28-ef5a-4851-a5e4-5e2f7b63d17b\ncollecting  ad9f3d28-ef5a-4851-a5e4-5e2f7b63d17b\nexists skipping..\nSNOTEL:1227_UT_SNTL ad9f3d28-ef5a-4851-a5e4-5e2f7b63d17b\ncollecting  ad9f3d28-ef5a-4851-a5e4-5e2f7b63d17b\nexists skipping..\nSNOTEL:1228_UT_SNTL 9813294e-a28e-45c0-976d-a6fa65d87927\ncollecting  9813294e-a28e-45c0-976d-a6fa65d87927\nexists skipping..\nSNOTEL:1231_WA_SNTL 06ec1554-a0ea-41cf-85f8-43f4b48c7599\ncollecting  06ec1554-a0ea-41cf-85f8-43f4b48c7599\nexists skipping..\nSNOTEL:1236_UT_SNTL 19b5e6ce-c1a0-4cce-85f5-248c9f1abb6e\ncollecting  19b5e6ce-c1a0-4cce-85f5-248c9f1abb6e\nexists skipping..\nSNOTEL:1242_NV_SNTL d674ee8e-49f1-44c9-890d-4e04997522a1\ncollecting  d674ee8e-49f1-44c9-890d-4e04997522a1\nexists skipping..\nSNOTEL:1243_NV_SNTL a5080351-033f-4cfa-ad27-019fc84e052c\ncollecting  a5080351-033f-4cfa-ad27-019fc84e052c\nexists skipping..\nSNOTEL:1244_NV_SNTL 0efc68ba-5786-4c54-8028-e6f92efa6757\ncollecting  0efc68ba-5786-4c54-8028-e6f92efa6757\nexists skipping..\nSNOTEL:1247_UT_SNTL 93b8483d-a510-42ff-865e-33d5a8784dc4\ncollecting  93b8483d-a510-42ff-865e-33d5a8784dc4\nexists skipping..\nSNOTEL:1248_UT_SNTL 55d3e9a6-e153-43c3-a66c-cd60711ff4a9\ncollecting  55d3e9a6-e153-43c3-a66c-cd60711ff4a9\nexists skipping..\nSNOTEL:1249_UT_SNTL ad44deb7-e56d-47bd-8d64-7147493e0aee\ncollecting  ad44deb7-e56d-47bd-8d64-7147493e0aee\nexists skipping..\nSNOTEL:1251_CO_SNTL f9f7132d-56a2-43e2-baba-312f34dbaeed\ncollecting  f9f7132d-56a2-43e2-baba-312f34dbaeed\nexists skipping..\nSNOTEL:1252_CO_SNTL 8116acfb-8035-4d34-b9b9-b0af2c5697df\ncollecting  8116acfb-8035-4d34-b9b9-b0af2c5697df\nexists skipping..\nSNOTEL:1254_NM_SNTL 9c43edf0-541f-4dbb-9fe1-42cc83d453bd\ncollecting  9c43edf0-541f-4dbb-9fe1-42cc83d453bd\nexists skipping..\nSNOTEL:1256_WA_SNTL c59f438c-f00a-476a-938e-efd828e0d083\ncollecting  c59f438c-f00a-476a-938e-efd828e0d083\nexists skipping..\nSNOTEL:1257_WA_SNTL 2f266b81-aad3-4c26-ac69-1bd04a208bf7\ncollecting  2f266b81-aad3-4c26-ac69-1bd04a208bf7\nexists skipping..\nSNOTEL:1258_CA_SNTL 76b55900-eb3d-4d25-a538-f74302ffe72d\ncollecting  76b55900-eb3d-4d25-a538-f74302ffe72d\nexists skipping..\nSNOTEL:1259_WA_SNTL dc31c331-837b-4b59-b184-051321e9489c\ncollecting  dc31c331-837b-4b59-b184-051321e9489c\nexists skipping..\nSNOTEL:1261_UT_SNTL ad44deb7-e56d-47bd-8d64-7147493e0aee\ncollecting  ad44deb7-e56d-47bd-8d64-7147493e0aee\nexists skipping..\nSNOTEL:1262_NV_SNTL 875622b7-5253-43d2-8e0f-348767860eb9\ncollecting  875622b7-5253-43d2-8e0f-348767860eb9\nexists skipping..\nSNOTEL:1263_WA_SNTL cdfc27f0-b990-45f7-bac6-7c674cd157ac\ncollecting  cdfc27f0-b990-45f7-bac6-7c674cd157ac\nexists skipping..\nSNOTEL:1269_UT_SNTL ad44deb7-e56d-47bd-8d64-7147493e0aee\ncollecting  ad44deb7-e56d-47bd-8d64-7147493e0aee\nexists skipping..\nSNOTEL:1271_AZ_SNTL f6a782f0-4b17-4989-815c-2398b77b09dd\ncollecting  f6a782f0-4b17-4989-815c-2398b77b09dd\nexists skipping..\nSNOTEL:1272_NV_SNTL 5308a803-69e6-43cd-89db-66e93f9f83af\ncollecting  5308a803-69e6-43cd-89db-66e93f9f83af\nexists skipping..\nSNOTEL:1277_CA_SNTL 147d5eb4-e574-47e4-994a-8a2908c06050\ncollecting  147d5eb4-e574-47e4-994a-8a2908c06050\nexists skipping..\nSNOTEL:1278_UT_SNTL 7b636fe2-1760-45c5-afce-505f2e927163\ncollecting  7b636fe2-1760-45c5-afce-505f2e927163\nexists skipping..\nSNOTEL:1280_UT_SNTL ba4b2f3f-c8e3-4535-9781-426e4f77ba4c\ncollecting  ba4b2f3f-c8e3-4535-9781-426e4f77ba4c\nexists skipping..\nSNOTEL:1286_MT_SNTL cacaa17b-0b1b-4fe2-a4c1-7728e6c154c1\ncollecting  cacaa17b-0b1b-4fe2-a4c1-7728e6c154c1\nexists skipping..\nSNOTEL:1287_MT_SNTL e9759e79-461c-425e-af17-0a88be1a441f\ncollecting  e9759e79-461c-425e-af17-0a88be1a441f\nexists skipping..\nSNOTEL:2029_ID_SNTL 0cda0c4a-405b-4e16-8922-964190929d80\ncollecting  0cda0c4a-405b-4e16-8922-964190929d80\nexists skipping..\nSNOTEL:301_CA_SNTL 76b55900-eb3d-4d25-a538-f74302ffe72d\ncollecting  76b55900-eb3d-4d25-a538-f74302ffe72d\nexists skipping..\nSNOTEL:302_OR_SNTL c07ab5f6-14a9-4b0b-a9af-9f7db6e8c220\ncollecting  c07ab5f6-14a9-4b0b-a9af-9f7db6e8c220\nexists skipping..\nSNOTEL:303_CO_SNTL 2ca6a37f-67f5-4905-864b-ddf98d956ebb\ncollecting  2ca6a37f-67f5-4905-864b-ddf98d956ebb\nexists skipping..\nSNOTEL:304_OR_SNTL 78ccacb3-4eb9-4d95-b244-f3a709e39fd1\ncollecting  78ccacb3-4eb9-4d95-b244-f3a709e39fd1\nexists skipping..\nSNOTEL:305_CO_SNTL cad51334-b3af-4c23-85c3-451c3447560a\ncollecting  cad51334-b3af-4c23-85c3-451c3447560a\nexists skipping..\nSNOTEL:306_ID_SNTL 36b98590-a7e6-4e00-8c7d-f0f3d25bafec\ncollecting  36b98590-a7e6-4e00-8c7d-f0f3d25bafec\nexists skipping..\nSNOTEL:308_AZ_SNTL 972ab3b1-7445-4f57-a1a1-c3be4c257869\ncollecting  972ab3b1-7445-4f57-a1a1-c3be4c257869\nexists skipping..\nSNOTEL:311_MT_SNTL 0b9543d3-3cf9-4f28-b8eb-fd22c1956153\ncollecting  0b9543d3-3cf9-4f28-b8eb-fd22c1956153\nexists skipping..\nSNOTEL:312_ID_SNTL 36b98590-a7e6-4e00-8c7d-f0f3d25bafec\ncollecting  36b98590-a7e6-4e00-8c7d-f0f3d25bafec\nexists skipping..\nSNOTEL:313_MT_SNTL 4f13c5e6-14c0-44cf-a2b0-4ef9bb3704fd\ncollecting  4f13c5e6-14c0-44cf-a2b0-4ef9bb3704fd\nexists skipping..\nSNOTEL:316_NM_SNTL 674e34ce-8b77-422b-ab14-c6c3a0183e39\ncollecting  674e34ce-8b77-422b-ab14-c6c3a0183e39\nexists skipping..\nSNOTEL:317_WY_SNTL 8116acfb-8035-4d34-b9b9-b0af2c5697df\ncollecting  8116acfb-8035-4d34-b9b9-b0af2c5697df\nexists skipping..\nSNOTEL:319_ID_SNTL c66f40ed-f72e-4012-991c-1f3726e5c8ad\ncollecting  c66f40ed-f72e-4012-991c-1f3726e5c8ad\nexists skipping..\nSNOTEL:320_ID_SNTL af0463d4-f20f-4d13-bd0f-5834e2e8717b\ncollecting  af0463d4-f20f-4d13-bd0f-5834e2e8717b\nexists skipping..\nSNOTEL:321_NV_SNTL 5308a803-69e6-43cd-89db-66e93f9f83af\ncollecting  5308a803-69e6-43cd-89db-66e93f9f83af\nexists skipping..\nSNOTEL:322_CO_SNTL f9f7132d-56a2-43e2-baba-312f34dbaeed\ncollecting  f9f7132d-56a2-43e2-baba-312f34dbaeed\nexists skipping..\nSNOTEL:324_ID_SNTL c07ab5f6-14a9-4b0b-a9af-9f7db6e8c220\ncollecting  c07ab5f6-14a9-4b0b-a9af-9f7db6e8c220\nexists skipping..\nSNOTEL:325_WY_SNTL c5a82752-3e4b-43ec-8011-9111b9bfcb89\ncollecting  c5a82752-3e4b-43ec-8011-9111b9bfcb89\nexists skipping..\nSNOTEL:326_WY_SNTL e776d9b6-2180-4f50-90bf-77f7b920fc3b\ncollecting  e776d9b6-2180-4f50-90bf-77f7b920fc3b\nexists skipping..\nSNOTEL:327_CO_SNTL 69d48a07-3007-4b3f-bec6-c097509a56d9\ncollecting  69d48a07-3007-4b3f-bec6-c097509a56d9\nexists skipping..\nSNOTEL:328_MT_SNTL 10a46ea0-13da-4cef-9aa6-ff48aa46881c\ncollecting  10a46ea0-13da-4cef-9aa6-ff48aa46881c\nexists skipping..\nSNOTEL:329_UT_SNTL 9813294e-a28e-45c0-976d-a6fa65d87927\ncollecting  9813294e-a28e-45c0-976d-a6fa65d87927\nexists skipping..\nSNOTEL:330_UT_SNTL 7bc3c413-4709-4ddd-a2ad-99f6cad9436c\ncollecting  7bc3c413-4709-4ddd-a2ad-99f6cad9436c\nexists skipping..\nSNOTEL:331_OR_SNTL 631ed3c9-7863-4e7c-86fa-4bfb043f2851\ncollecting  631ed3c9-7863-4e7c-86fa-4bfb043f2851\nexists skipping..\nSNOTEL:332_UT_SNTL b59438b9-aadc-4899-9afb-fe71974c5c3a\ncollecting  b59438b9-aadc-4899-9afb-fe71974c5c3a\nexists skipping..\nSNOTEL:333_UT_SNTL b59438b9-aadc-4899-9afb-fe71974c5c3a\ncollecting  b59438b9-aadc-4899-9afb-fe71974c5c3a\nexists skipping..\nSNOTEL:334_NV_SNTL 38793f95-324b-4f01-b1a7-45e1c9353bc1\ncollecting  38793f95-324b-4f01-b1a7-45e1c9353bc1\nexists skipping..\nSNOTEL:335_CO_SNTL cad51334-b3af-4c23-85c3-451c3447560a\ncollecting  cad51334-b3af-4c23-85c3-451c3447560a\nexists skipping..\nSNOTEL:336_NV_SNTL 03428fd9-01cc-4a57-ab6e-f4e8f265c094\ncollecting  03428fd9-01cc-4a57-ab6e-f4e8f265c094\nexists skipping..\nSNOTEL:337_NV_SNTL f1f17cee-3fca-44bc-8974-b72d5f995a4a\ncollecting  f1f17cee-3fca-44bc-8974-b72d5f995a4a\nexists skipping..\nSNOTEL:338_ID_SNTL c66f40ed-f72e-4012-991c-1f3726e5c8ad\ncollecting  c66f40ed-f72e-4012-991c-1f3726e5c8ad\nexists skipping..\nSNOTEL:339_UT_SNTL 7b636fe2-1760-45c5-afce-505f2e927163\ncollecting  7b636fe2-1760-45c5-afce-505f2e927163\nexists skipping..\nSNOTEL:340_NV_SNTL d674ee8e-49f1-44c9-890d-4e04997522a1\ncollecting  d674ee8e-49f1-44c9-890d-4e04997522a1\nexists skipping..\nSNOTEL:341_OR_SNTL dd7f64aa-3556-409b-bc86-71dc28b6fd45\ncollecting  dd7f64aa-3556-409b-bc86-71dc28b6fd45\nexists skipping..\nSNOTEL:342_WY_SNTL 990e5974-9c60-4c9a-ba23-ddce13971178\ncollecting  990e5974-9c60-4c9a-ba23-ddce13971178\nexists skipping..\nSNOTEL:344_OR_SNTL 71f41513-6ac9-4d2e-97eb-6cd3b84f7043\ncollecting  71f41513-6ac9-4d2e-97eb-6cd3b84f7043\nexists skipping..\nSNOTEL:345_CO_SNTL d64197fc-0723-4c61-9ce8-ff2554e24154\ncollecting  d64197fc-0723-4c61-9ce8-ff2554e24154\nexists skipping..\nSNOTEL:346_MT_SNTL 89a7b0ef-1ec8-490f-9207-c93aa57a147f\ncollecting  89a7b0ef-1ec8-490f-9207-c93aa57a147f\nexists skipping..\nSNOTEL:347_MT_SNTL b1936012-0d31-4b92-8d60-c24903b2e569\ncollecting  b1936012-0d31-4b92-8d60-c24903b2e569\nexists skipping..\nSNOTEL:348_UT_SNTL 9813294e-a28e-45c0-976d-a6fa65d87927\ncollecting  9813294e-a28e-45c0-976d-a6fa65d87927\nexists skipping..\nSNOTEL:349_MT_SNTL 4f13c5e6-14c0-44cf-a2b0-4ef9bb3704fd\ncollecting  4f13c5e6-14c0-44cf-a2b0-4ef9bb3704fd\nexists skipping..\nSNOTEL:350_WY_SNTL 333458b2-c1a9-47a3-8ae0-92053ad28ae3\ncollecting  333458b2-c1a9-47a3-8ae0-92053ad28ae3\nexists skipping..\nSNOTEL:354_SD_SNTL ab89875f-3b86-4c6a-8d66-767017570dfc\ncollecting  ab89875f-3b86-4c6a-8d66-767017570dfc\nexists skipping..\nSNOTEL:355_MT_SNTL 6de38d5b-ccce-4ff2-90ed-1c7035491518\ncollecting  6de38d5b-ccce-4ff2-90ed-1c7035491518\nSNOTEL:356_CA_SNTL c89dc6ca-6d69-41ce-954d-b51f64aaacb1\ncollecting  c89dc6ca-6d69-41ce-954d-b51f64aaacb1\nexists skipping..\nSNOTEL:358_WY_SNTL 6bc3e088-5139-43f2-9b2a-ade1cedeae47\ncollecting  6bc3e088-5139-43f2-9b2a-ade1cedeae47\nSNOTEL:360_MT_SNTL 517aefce-a617-4251-acb9-c5faf0b7fdf3\ncollecting  517aefce-a617-4251-acb9-c5faf0b7fdf3\nexists skipping..\nSNOTEL:363_MT_SNTL f46e7d90-a754-44a8-b262-63f5c401a0ab\ncollecting  f46e7d90-a754-44a8-b262-63f5c401a0ab\nexists skipping..\nSNOTEL:364_UT_SNTL 7b636fe2-1760-45c5-afce-505f2e927163\ncollecting  7b636fe2-1760-45c5-afce-505f2e927163\nexists skipping..\nSNOTEL:365_MT_SNTL e467a17f-a729-4938-87a1-ac25157eed63\ncollecting  e467a17f-a729-4938-87a1-ac25157eed63\nSNOTEL:366_UT_SNTL eeb0a123-9482-4946-ab3f-9e63541cb655\ncollecting  eeb0a123-9482-4946-ab3f-9e63541cb655\nexists skipping..\nSNOTEL:368_UT_SNTL a28a3caf-eea2-414f-8003-62ac82daaafa\ncollecting  a28a3caf-eea2-414f-8003-62ac82daaafa\nexists skipping..\nSNOTEL:370_ID_SNTL c66f40ed-f72e-4012-991c-1f3726e5c8ad\ncollecting  c66f40ed-f72e-4012-991c-1f3726e5c8ad\nexists skipping..\nSNOTEL:373_NV_SNTL 42a21eb9-10fd-4986-825b-9ea55ce13935\ncollecting  42a21eb9-10fd-4986-825b-9ea55ce13935\nSNOTEL:375_WA_SNTL bb65d7a1-a5d5-4c89-9ef9-f0f1db06cc58\ncollecting  bb65d7a1-a5d5-4c89-9ef9-f0f1db06cc58\nSNOTEL:376_WA_SNTL c59f438c-f00a-476a-938e-efd828e0d083\ncollecting  c59f438c-f00a-476a-938e-efd828e0d083\nexists skipping..\nSNOTEL:377_WY_SNTL 6bc3e088-5139-43f2-9b2a-ade1cedeae47\ncollecting  6bc3e088-5139-43f2-9b2a-ade1cedeae47\nexists skipping..\nSNOTEL:379_WY_SNTL 692c41af-2210-4dd6-916d-c99e76807447\ncollecting  692c41af-2210-4dd6-916d-c99e76807447\nSNOTEL:380_CO_SNTL 6662f7d0-4afc-4fed-b930-e0408ee10bc7\ncollecting  6662f7d0-4afc-4fed-b930-e0408ee10bc7\nSNOTEL:381_MT_SNTL 4f13c5e6-14c0-44cf-a2b0-4ef9bb3704fd\ncollecting  4f13c5e6-14c0-44cf-a2b0-4ef9bb3704fd\nexists skipping..\nSNOTEL:385_MT_SNTL b1936012-0d31-4b92-8d60-c24903b2e569\ncollecting  b1936012-0d31-4b92-8d60-c24903b2e569\nexists skipping..\nSNOTEL:386_CO_SNTL fb32a838-cf3b-47a2-9e22-395a730f4f4f\ncollecting  fb32a838-cf3b-47a2-9e22-395a730f4f4f\nSNOTEL:387_CO_SNTL fb32a838-cf3b-47a2-9e22-395a730f4f4f\ncollecting  fb32a838-cf3b-47a2-9e22-395a730f4f4f\nexists skipping..\nSNOTEL:388_OR_SNTL ea185683-4427-44c3-84e1-706cf16781ce\ncollecting  ea185683-4427-44c3-84e1-706cf16781ce\nSNOTEL:389_WY_SNTL ab89875f-3b86-4c6a-8d66-767017570dfc\ncollecting  ab89875f-3b86-4c6a-8d66-767017570dfc\nexists skipping..\nSNOTEL:390_UT_SNTL 55d3e9a6-e153-43c3-a66c-cd60711ff4a9\ncollecting  55d3e9a6-e153-43c3-a66c-cd60711ff4a9\nexists skipping..\nSNOTEL:392_UT_SNTL 064d7f3e-8bbd-49cd-b360-5c4590a19b9e\ncollecting  064d7f3e-8bbd-49cd-b360-5c4590a19b9e\nexists skipping..\nSNOTEL:393_UT_SNTL 064d7f3e-8bbd-49cd-b360-5c4590a19b9e\ncollecting  064d7f3e-8bbd-49cd-b360-5c4590a19b9e\nexists skipping..\nSNOTEL:396_UT_SNTL 50d7ad3f-57f0-45e1-911d-b0efff9deb8f\ncollecting  50d7ad3f-57f0-45e1-911d-b0efff9deb8f\nSNOTEL:398_OR_SNTL 8edd6091-10fa-4617-8dc8-e0ce1d5b84f7\ncollecting  8edd6091-10fa-4617-8dc8-e0ce1d5b84f7\nSNOTEL:399_UT_SNTL 0a820e12-033b-45d6-9ef9-d70f4c5e5b63\ncollecting  0a820e12-033b-45d6-9ef9-d70f4c5e5b63\nexists skipping..\nSNOTEL:401_OR_SNTL 8edd6091-10fa-4617-8dc8-e0ce1d5b84f7\ncollecting  8edd6091-10fa-4617-8dc8-e0ce1d5b84f7\nexists skipping..\nSNOTEL:402_WY_SNTL 02c3ec4a-8de4-4284-9ec1-5a942d3d098e\ncollecting  02c3ec4a-8de4-4284-9ec1-5a942d3d098e\nexists skipping..\nSNOTEL:403_MT_SNTL 05938de0-622b-4e0a-a82b-2a128e5be0b0\ncollecting  05938de0-622b-4e0a-a82b-2a128e5be0b0\nSNOTEL:406_OR_SNTL 71f41513-6ac9-4d2e-97eb-6cd3b84f7043\ncollecting  71f41513-6ac9-4d2e-97eb-6cd3b84f7043\nexists skipping..\nSNOTEL:407_MT_SNTL e776d9b6-2180-4f50-90bf-77f7b920fc3b\ncollecting  e776d9b6-2180-4f50-90bf-77f7b920fc3b\nexists skipping..\nSNOTEL:409_CO_SNTL a4339b9a-871e-44c2-9bb4-bcbfe9d590d7\ncollecting  a4339b9a-871e-44c2-9bb4-bcbfe9d590d7\nSNOTEL:410_MT_SNTL 4f13c5e6-14c0-44cf-a2b0-4ef9bb3704fd\ncollecting  4f13c5e6-14c0-44cf-a2b0-4ef9bb3704fd\nexists skipping..\nSNOTEL:411_ID_SNTL 440d7558-67fd-43b4-826b-26d02663f871\ncollecting  440d7558-67fd-43b4-826b-26d02663f871\nSNOTEL:412_CO_SNTL f9f7132d-56a2-43e2-baba-312f34dbaeed\ncollecting  f9f7132d-56a2-43e2-baba-312f34dbaeed\nexists skipping..\nSNOTEL:413_MT_SNTL 99a2d4a9-63a0-43a7-976d-2a1ed822186d\ncollecting  99a2d4a9-63a0-43a7-976d-2a1ed822186d\nSNOTEL:414_MT_SNTL 99a2d4a9-63a0-43a7-976d-2a1ed822186d\ncollecting  99a2d4a9-63a0-43a7-976d-2a1ed822186d\nexists skipping..\nSNOTEL:415_CO_SNTL be57eab6-a495-427f-8a36-9d118c03e7d8\ncollecting  be57eab6-a495-427f-8a36-9d118c03e7d8\nSNOTEL:416_AZ_SNTL 1135e377-22e6-4290-b4cd-e6739de7fd8a\ncollecting  1135e377-22e6-4290-b4cd-e6739de7fd8a\nexists skipping..\nSNOTEL:417_NV_SNTL a5080351-033f-4cfa-ad27-019fc84e052c\ncollecting  a5080351-033f-4cfa-ad27-019fc84e052c\nexists skipping..\nSNOTEL:418_WA_SNTL 9474e816-b673-4e6d-83e0-28c274945bef\ncollecting  9474e816-b673-4e6d-83e0-28c274945bef\nexists skipping..\nSNOTEL:419_WY_SNTL df7e906a-07f3-4a46-b9a5-0200427c26f7\ncollecting  df7e906a-07f3-4a46-b9a5-0200427c26f7\nSNOTEL:420_WA_SNTL 360f1bcc-aa60-4052-a18a-b33da5745ff4\ncollecting  360f1bcc-aa60-4052-a18a-b33da5745ff4\nSNOTEL:422_OR_SNTL e27143af-fdc0-4f6f-8a28-f57b78da75dc\ncollecting  e27143af-fdc0-4f6f-8a28-f57b78da75dc\nSNOTEL:423_ID_SNTL 36b98590-a7e6-4e00-8c7d-f0f3d25bafec\ncollecting  36b98590-a7e6-4e00-8c7d-f0f3d25bafec\nexists skipping..\nSNOTEL:424_ID_SNTL 10a46ea0-13da-4cef-9aa6-ff48aa46881c\ncollecting  10a46ea0-13da-4cef-9aa6-ff48aa46881c\nexists skipping..\nSNOTEL:426_CO_SNTL 02cf33c2-c8e2-48b9-bf72-92506e97e251\ncollecting  02cf33c2-c8e2-48b9-bf72-92506e97e251\nexists skipping..\nSNOTEL:428_CA_SNTL 51ebe834-adf4-474e-871e-28ebca2bd0cc\ncollecting  51ebe834-adf4-474e-871e-28ebca2bd0cc\nexists skipping..\nSNOTEL:430_CO_SNTL 2ca6a37f-67f5-4905-864b-ddf98d956ebb\ncollecting  2ca6a37f-67f5-4905-864b-ddf98d956ebb\nexists skipping..\nSNOTEL:431_CO_SNTL 0623939d-b33f-41cb-ade2-3c4a776de49a\ncollecting  0623939d-b33f-41cb-ade2-3c4a776de49a\nSNOTEL:432_UT_SNTL cfe58efd-ce2a-495a-90cd-6826f704ebee\ncollecting  cfe58efd-ce2a-495a-90cd-6826f704ebee\nexists skipping..\nSNOTEL:433_MT_SNTL 4f13c5e6-14c0-44cf-a2b0-4ef9bb3704fd\ncollecting  4f13c5e6-14c0-44cf-a2b0-4ef9bb3704fd\nexists skipping..\nSNOTEL:434_OR_SNTL a6861fc3-2315-451b-9b95-c06d1ea96b4b\ncollecting  a6861fc3-2315-451b-9b95-c06d1ea96b4b\nexists skipping..\nSNOTEL:436_MT_SNTL cacaa17b-0b1b-4fe2-a4c1-7728e6c154c1\ncollecting  cacaa17b-0b1b-4fe2-a4c1-7728e6c154c1\nexists skipping..\nSNOTEL:437_MT_SNTL 517aefce-a617-4251-acb9-c5faf0b7fdf3\ncollecting  517aefce-a617-4251-acb9-c5faf0b7fdf3\nexists skipping..\nSNOTEL:438_CO_SNTL 9f0599d8-81f3-4ab5-b275-48a6ddaaae5b\ncollecting  9f0599d8-81f3-4ab5-b275-48a6ddaaae5b\nexists skipping..\nSNOTEL:439_ID_SNTL 36b98590-a7e6-4e00-8c7d-f0f3d25bafec\ncollecting  36b98590-a7e6-4e00-8c7d-f0f3d25bafec\nexists skipping..\nSNOTEL:444_UT_SNTL 9813294e-a28e-45c0-976d-a6fa65d87927\ncollecting  9813294e-a28e-45c0-976d-a6fa65d87927\nexists skipping..\nSNOTEL:448_MT_SNTL 05938de0-622b-4e0a-a82b-2a128e5be0b0\ncollecting  05938de0-622b-4e0a-a82b-2a128e5be0b0\nexists skipping..\nSNOTEL:449_WY_SNTL 8116acfb-8035-4d34-b9b9-b0af2c5697df\ncollecting  8116acfb-8035-4d34-b9b9-b0af2c5697df\nexists skipping..\nSNOTEL:450_ID_SNTL 695c7749-a3b8-4158-bd14-59d1f2c3e736\ncollecting  695c7749-a3b8-4158-bd14-59d1f2c3e736\nSNOTEL:451_WY_SNTL 02c3ec4a-8de4-4284-9ec1-5a942d3d098e\ncollecting  02c3ec4a-8de4-4284-9ec1-5a942d3d098e\nexists skipping..\nSNOTEL:452_UT_SNTL ad44deb7-e56d-47bd-8d64-7147493e0aee\ncollecting  ad44deb7-e56d-47bd-8d64-7147493e0aee\nexists skipping..\nSNOTEL:455_UT_SNTL b59438b9-aadc-4899-9afb-fe71974c5c3a\ncollecting  b59438b9-aadc-4899-9afb-fe71974c5c3a\nexists skipping..\nSNOTEL:457_CO_SNTL 02cf33c2-c8e2-48b9-bf72-92506e97e251\ncollecting  02cf33c2-c8e2-48b9-bf72-92506e97e251\nexists skipping..\nSNOTEL:458_MT_SNTL dca30f20-582e-40ef-be6d-aa7858be4baa\ncollecting  dca30f20-582e-40ef-be6d-aa7858be4baa\nSNOTEL:460_WY_SNTL 695bed09-0ad9-406e-b489-69408adeea06\ncollecting  695bed09-0ad9-406e-b489-69408adeea06\nSNOTEL:462_CA_SNTL 962f6718-ce02-4d13-b28c-e159d1adc2d4\ncollecting  962f6718-ce02-4d13-b28c-e159d1adc2d4\nexists skipping..\nSNOTEL:463_CA_SNTL f6106ef5-e6fd-423b-9034-59bce18319da\ncollecting  f6106ef5-e6fd-423b-9034-59bce18319da\nexists skipping..\nSNOTEL:464_OR_SNTL 631ed3c9-7863-4e7c-86fa-4bfb043f2851\ncollecting  631ed3c9-7863-4e7c-86fa-4bfb043f2851\nexists skipping..\nSNOTEL:465_CO_SNTL d10a90c7-3db0-43c6-b04b-fe8b4c3f206e\ncollecting  d10a90c7-3db0-43c6-b04b-fe8b4c3f206e\nSNOTEL:466_ID_SNTL b1077b69-4b02-458e-8a4b-e68695ac534f\ncollecting  b1077b69-4b02-458e-8a4b-e68695ac534f\nSNOTEL:467_CO_SNTL 86257c69-a8f1-43b1-9e07-73129e2c3fbc\ncollecting  86257c69-a8f1-43b1-9e07-73129e2c3fbc\nexists skipping..\nSNOTEL:470_OR_SNTL e27143af-fdc0-4f6f-8a28-f57b78da75dc\ncollecting  e27143af-fdc0-4f6f-8a28-f57b78da75dc\nexists skipping..\nSNOTEL:472_WY_SNTL e776d9b6-2180-4f50-90bf-77f7b920fc3b\ncollecting  e776d9b6-2180-4f50-90bf-77f7b920fc3b\nexists skipping..\nSNOTEL:474_UT_SNTL 10162c55-772d-49d2-8b1b-b1f9c86254b2\ncollecting  10162c55-772d-49d2-8b1b-b1f9c86254b2\nexists skipping..\nSNOTEL:475_UT_SNTL 9813294e-a28e-45c0-976d-a6fa65d87927\ncollecting  9813294e-a28e-45c0-976d-a6fa65d87927\nexists skipping..\nSNOTEL:476_NV_SNTL 875622b7-5253-43d2-8e0f-348767860eb9\ncollecting  875622b7-5253-43d2-8e0f-348767860eb9\nexists skipping..\nSNOTEL:477_OR_SNTL 65894307-d4eb-4b2e-a0fa-bd83a102dc30\ncollecting  65894307-d4eb-4b2e-a0fa-bd83a102dc30\nSNOTEL:478_WA_SNTL bfda850c-3027-4e91-afcb-cca5e73e4a03\ncollecting  bfda850c-3027-4e91-afcb-cca5e73e4a03\nexists skipping..\nSNOTEL:480_MT_SNTL f46e7d90-a754-44a8-b262-63f5c401a0ab\ncollecting  f46e7d90-a754-44a8-b262-63f5c401a0ab\nexists skipping..\nSNOTEL:481_UT_SNTL a28a3caf-eea2-414f-8003-62ac82daaafa\ncollecting  a28a3caf-eea2-414f-8003-62ac82daaafa\nexists skipping..\nSNOTEL:482_MT_SNTL d37ccc2e-7127-48ec-9425-2e77681c3635\ncollecting  d37ccc2e-7127-48ec-9425-2e77681c3635\nexists skipping..\nSNOTEL:483_OR_SNTL 71f41513-6ac9-4d2e-97eb-6cd3b84f7043\ncollecting  71f41513-6ac9-4d2e-97eb-6cd3b84f7043\nexists skipping..\nSNOTEL:484_ID_SNTL 6bf06917-011b-4029-8fbe-a8dfea3bc598\ncollecting  6bf06917-011b-4029-8fbe-a8dfea3bc598\nSNOTEL:485_CO_SNTL 75ced1b1-1fc2-42d3-a4f8-44aa1978c8ef\ncollecting  75ced1b1-1fc2-42d3-a4f8-44aa1978c8ef\nSNOTEL:486_NM_SNTL 1135e377-22e6-4290-b4cd-e6739de7fd8a\ncollecting  1135e377-22e6-4290-b4cd-e6739de7fd8a\nexists skipping..\nSNOTEL:487_MT_SNTL f3e36cea-5eb2-495a-87f4-947395f325b0\ncollecting  f3e36cea-5eb2-495a-87f4-947395f325b0\nSNOTEL:488_AZ_SNTL a2588440-600e-41da-b2b9-1f5632ecdef6\ncollecting  a2588440-600e-41da-b2b9-1f5632ecdef6\nexists skipping..\nSNOTEL:489_ID_SNTL f3332d55-ecc8-4644-9deb-180e42abb2eb\ncollecting  f3332d55-ecc8-4644-9deb-180e42abb2eb\nSNOTEL:490_ID_SNTL 695c7749-a3b8-4158-bd14-59d1f2c3e736\ncollecting  695c7749-a3b8-4158-bd14-59d1f2c3e736\nexists skipping..\nSNOTEL:491_NM_SNTL 9c43edf0-541f-4dbb-9fe1-42cc83d453bd\ncollecting  9c43edf0-541f-4dbb-9fe1-42cc83d453bd\nexists skipping..\nSNOTEL:493_ID_SNTL 6bf06917-011b-4029-8fbe-a8dfea3bc598\ncollecting  6bf06917-011b-4029-8fbe-a8dfea3bc598\nexists skipping..\nSNOTEL:494_OR_SNTL 631ed3c9-7863-4e7c-86fa-4bfb043f2851\ncollecting  631ed3c9-7863-4e7c-86fa-4bfb043f2851\nexists skipping..\nSNOTEL:495_UT_SNTL 9813294e-a28e-45c0-976d-a6fa65d87927\ncollecting  9813294e-a28e-45c0-976d-a6fa65d87927\nexists skipping..\nSNOTEL:497_WY_SNTL 695bed09-0ad9-406e-b489-69408adeea06\ncollecting  695bed09-0ad9-406e-b489-69408adeea06\nexists skipping..\nSNOTEL:498_NV_SNTL 42a21eb9-10fd-4986-825b-9ea55ce13935\ncollecting  42a21eb9-10fd-4986-825b-9ea55ce13935\nexists skipping..\nSNOTEL:499_WY_SNTL 491846d3-f81a-4777-b49f-0a0c74168395\ncollecting  491846d3-f81a-4777-b49f-0a0c74168395\nSNOTEL:500_MT_SNTL d37ccc2e-7127-48ec-9425-2e77681c3635\ncollecting  d37ccc2e-7127-48ec-9425-2e77681c3635\nexists skipping..\nSNOTEL:503_NV_SNTL a5080351-033f-4cfa-ad27-019fc84e052c\ncollecting  a5080351-033f-4cfa-ad27-019fc84e052c\nexists skipping..\nSNOTEL:505_CO_SNTL 552a5638-8fd2-46de-8569-5f5512102264\ncollecting  552a5638-8fd2-46de-8569-5f5512102264\nSNOTEL:507_WA_SNTL 6d0ff6eb-0411-4863-b4e7-90958db98115\ncollecting  6d0ff6eb-0411-4863-b4e7-90958db98115\nSNOTEL:508_CA_SNTL d674ee8e-49f1-44c9-890d-4e04997522a1\ncollecting  d674ee8e-49f1-44c9-890d-4e04997522a1\nexists skipping..\nSNOTEL:509_WY_SNTL df7e906a-07f3-4a46-b9a5-0200427c26f7\ncollecting  df7e906a-07f3-4a46-b9a5-0200427c26f7\nexists skipping..\nSNOTEL:510_MT_SNTL 0b9543d3-3cf9-4f28-b8eb-fd22c1956153\ncollecting  0b9543d3-3cf9-4f28-b8eb-fd22c1956153\nexists skipping..\nSNOTEL:512_WY_SNTL c5a82752-3e4b-43ec-8011-9111b9bfcb89\ncollecting  c5a82752-3e4b-43ec-8011-9111b9bfcb89\nexists skipping..\nSNOTEL:514_UT_SNTL 55d3e9a6-e153-43c3-a66c-cd60711ff4a9\ncollecting  55d3e9a6-e153-43c3-a66c-cd60711ff4a9\nexists skipping..\nSNOTEL:519_AZ_SNTL 0aeaffd7-9089-49e7-85ad-2314f32cbf7c\ncollecting  0aeaffd7-9089-49e7-85ad-2314f32cbf7c\nSNOTEL:520_ID_SNTL b1077b69-4b02-458e-8a4b-e68695ac534f\ncollecting  b1077b69-4b02-458e-8a4b-e68695ac534f\nexists skipping..\nSNOTEL:521_UT_SNTL c0568d62-49c7-4d9f-beba-ac0fb3e064c5\ncollecting  c0568d62-49c7-4d9f-beba-ac0fb3e064c5\nexists skipping..\nSNOTEL:522_UT_SNTL 50d7ad3f-57f0-45e1-911d-b0efff9deb8f\ncollecting  50d7ad3f-57f0-45e1-911d-b0efff9deb8f\nexists skipping..\nSNOTEL:523_OR_SNTL e27143af-fdc0-4f6f-8a28-f57b78da75dc\ncollecting  e27143af-fdc0-4f6f-8a28-f57b78da75dc\nexists skipping..\nSNOTEL:524_ID_SNTL 3330a979-98df-4a38-ac3f-0b45374f8e3d\ncollecting  3330a979-98df-4a38-ac3f-0b45374f8e3d\nSNOTEL:525_WY_SNTL 990e5974-9c60-4c9a-ba23-ddce13971178\ncollecting  990e5974-9c60-4c9a-ba23-ddce13971178\nexists skipping..\nSNOTEL:526_OR_SNTL a6861fc3-2315-451b-9b95-c06d1ea96b4b\ncollecting  a6861fc3-2315-451b-9b95-c06d1ea96b4b\nexists skipping..\nSNOTEL:528_UT_SNTL 50d7ad3f-57f0-45e1-911d-b0efff9deb8f\ncollecting  50d7ad3f-57f0-45e1-911d-b0efff9deb8f\nexists skipping..\nSNOTEL:529_OR_SNTL fe33672e-7ea7-4c5d-8639-96b2cc7edb0c\ncollecting  fe33672e-7ea7-4c5d-8639-96b2cc7edb0c\n",
  "history_begin_time" : 1677958737236,
  "history_end_time" : 1677958735703,
  "history_notes" : null,
  "history_process" : "525l8q",
  "host_id" : "45wlwr",
  "indicator" : "Running"
},{
  "history_id" : "s8kzhp0mb0b",
  "history_input" : "import json\nimport pandas as pd\nimport ee\nimport seaborn as sns\nimport matplotlib.pyplot as plt\nimport os\nimport geopandas as gpd\nimport geojson\nimport numpy as np\nimport os.path\nimport math\n\n#pd.set_option('display.max_columns', None)\n\n# read the grid geometry file\nhomedir = os.path.expanduser('~')\nprint(homedir)\ngithub_dir = f\"{homedir}/Documents/GitHub/SnowCast\"\n# read grid cell\ngridcells_file = f\"{github_dir}/data/snowcast_provided/grid_cells.geojson\"\nmodel_dir = f\"{github_dir}/model/\"\ntraining_feature_file = f\"{github_dir}/data/snowcast_provided/ground_measures_train_features.csv\"\ntesting_feature_file = f\"{github_dir}/data/snowcast_provided/ground_measures_test_features.csv\"\ntrain_labels_file = f\"{github_dir}/data/snowcast_provided/train_labels.csv\"\nground_measure_metadata_file = f\"{github_dir}/data/snowcast_provided/ground_measures_metadata.csv\"\n\nready_for_training_folder = f\"{github_dir}/data/ready_for_training/\"\n\nresult_mapping_file = f\"{ready_for_training_folder}station_cell_mapping.csv\"\n\n\nif os.path.exists(result_mapping_file):\n    exit()\n\n\ngridcells = geojson.load(open(gridcells_file))\ntraining_df = pd.read_csv(training_feature_file, header=0)\ntesting_df = pd.read_csv(testing_feature_file, header=0)\nground_measure_metadata_df = pd.read_csv(ground_measure_metadata_file, header=0)\ntrain_labels_df = pd.read_csv(train_labels_file, header=0)\n\nprint(\"training: \", training_df.head())\nprint(\"testing: \", testing_df.head())\nprint(\"ground measure metadata: \", ground_measure_metadata_df.head())\nprint(\"training labels: \", train_labels_df.head())\n\n\ndef calculateDistance(lat1, lon1, lat2, lon2):\n    lat1 = float(lat1)\n    lon1 = float(lon1)\n    lat2 = float(lat2)\n    lon2 = float(lon2)\n    return math.sqrt((lat1-lat2)**2 + (lon1-lon2)**2)\n  \n# prepare the training data\n\nstation_cell_mapper_df = pd.DataFrame(columns = [\"station_id\", \"cell_id\", \"lat\", \"lon\"])\n\nground_measure_metadata_df = ground_measure_metadata_df.reset_index()  # make sure indexes pair with number of rows\nfor index, row in ground_measure_metadata_df.iterrows():\n  \t\n    print(row['station_id'], row['name'], row['latitude'], row['longitude'])\n    station_lat = row['latitude']\n    station_lon = row['longitude']\n    \n    shortest_dis = 999\n    associated_cell_id = None\n    associated_lat = None\n    associated_lon = None\n    \n    for idx,cell in enumerate(gridcells['features']):\n    \n      current_cell_id = cell['properties']['cell_id']\n\n      #print(\"collecting \", current_cell_id)\n      cell_lon = np.unique(np.ravel(cell['geometry']['coordinates'])[0::2]).mean()\n      cell_lat = np.unique(np.ravel(cell['geometry']['coordinates'])[1::2]).mean()\n\n      dist = calculateDistance(station_lat, station_lon, cell_lat, cell_lon)\n\n      if dist < shortest_dis:\n        associated_cell_id = current_cell_id\n        shortest_dis = dist\n        associated_lat = cell_lat\n        associated_lon = cell_lon\n    \n    station_cell_mapper_df.loc[len(station_cell_mapper_df.index)] = [row['station_id'], associated_cell_id, associated_lat, associated_lon]\n    \nprint(station_cell_mapper_df.head())\nstation_cell_mapper_df.to_csv(f\"{ready_for_training_folder}station_cell_mapping.csv\")\n    \n\n\n      \n",
  "history_output" : "/home/chetana\n",
  "history_begin_time" : 1677867847207,
  "history_end_time" : 1677867853047,
  "history_notes" : null,
  "history_process" : "rmxece",
  "host_id" : "45wlwr",
  "indicator" : "Done"
},{
  "history_id" : "kelo9bm9vdq",
  "history_input" : "No code saved",
  "history_output" : "Skipped",
  "history_begin_time" : 1677867848039,
  "history_end_time" : 1677867848039,
  "history_notes" : null,
  "history_process" : "lbd6cp",
  "host_id" : "45wlwr",
  "indicator" : "Skipped"
}]
