date,mod10a1_ndsi,cell_id,latitude,longitude
2020-01-01,-2235,d9386c00-bed2-41b0-ab50-1cf830c11f90,36.718584,-118.9929395
2020-01-02,521,d9386c00-bed2-41b0-ab50-1cf830c11f90,36.718584,-118.9929395
2020-01-03,-1020,d9386c00-bed2-41b0-ab50-1cf830c11f90,36.718584,-118.9929395
2020-01-04,-1997,d9386c00-bed2-41b0-ab50-1cf830c11f90,36.718584,-118.9929395
2020-01-05,-2236,d9386c00-bed2-41b0-ab50-1cf830c11f90,36.718584,-118.9929395
2020-01-06,-2720,d9386c00-bed2-41b0-ab50-1cf830c11f90,36.718584,-118.9929395
2020-01-07,-997,d9386c00-bed2-41b0-ab50-1cf830c11f90,36.718584,-118.9929395
2020-01-08,-2418,d9386c00-bed2-41b0-ab50-1cf830c11f90,36.718584,-118.9929395
2020-01-09,-181,d9386c00-bed2-41b0-ab50-1cf830c11f90,36.718584,-118.9929395
2020-01-10,-2707,d9386c00-bed2-41b0-ab50-1cf830c11f90,36.718584,-118.9929395
2020-01-11,-1136,d9386c00-bed2-41b0-ab50-1cf830c11f90,36.718584,-118.9929395
2020-01-12,1846,d9386c00-bed2-41b0-ab50-1cf830c11f90,36.718584,-118.9929395
2020-01-13,-1862,d9386c00-bed2-41b0-ab50-1cf830c11f90,36.718584,-118.9929395
2020-01-14,-1141,d9386c00-bed2-41b0-ab50-1cf830c11f90,36.718584,-118.9929395
2020-01-15,-2612,d9386c00-bed2-41b0-ab50-1cf830c11f90,36.718584,-118.9929395
2020-01-16,2530,d9386c00-bed2-41b0-ab50-1cf830c11f90,36.718584,-118.9929395
2020-01-17,3063,d9386c00-bed2-41b0-ab50-1cf830c11f90,36.718584,-118.9929395
2020-01-18,1198,d9386c00-bed2-41b0-ab50-1cf830c11f90,36.718584,-118.9929395
2020-01-19,2110,d9386c00-bed2-41b0-ab50-1cf830c11f90,36.718584,-118.9929395
2020-01-20,932,d9386c00-bed2-41b0-ab50-1cf830c11f90,36.718584,-118.9929395
2020-01-21,-1466,d9386c00-bed2-41b0-ab50-1cf830c11f90,36.718584,-118.9929395
2020-01-22,379,d9386c00-bed2-41b0-ab50-1cf830c11f90,36.718584,-118.9929395
2020-01-23,-1193,d9386c00-bed2-41b0-ab50-1cf830c11f90,36.718584,-118.9929395
2020-01-24,-700,d9386c00-bed2-41b0-ab50-1cf830c11f90,36.718584,-118.9929395
2020-01-25,408,d9386c00-bed2-41b0-ab50-1cf830c11f90,36.718584,-118.9929395
2020-01-26,1216,d9386c00-bed2-41b0-ab50-1cf830c11f90,36.718584,-118.9929395
2020-01-27,153,d9386c00-bed2-41b0-ab50-1cf830c11f90,36.718584,-118.9929395
2020-01-28,-2015,d9386c00-bed2-41b0-ab50-1cf830c11f90,36.718584,-118.9929395
2020-01-29,-1121,d9386c00-bed2-41b0-ab50-1cf830c11f90,36.718584,-118.9929395
2020-01-30,55,d9386c00-bed2-41b0-ab50-1cf830c11f90,36.718584,-118.9929395
2020-01-31,-2477,d9386c00-bed2-41b0-ab50-1cf830c11f90,36.718584,-118.9929395
2020-02-01,-487,d9386c00-bed2-41b0-ab50-1cf830c11f90,36.718584,-118.9929395
2020-02-02,-2921,d9386c00-bed2-41b0-ab50-1cf830c11f90,36.718584,-118.9929395
2020-02-03,-1160,d9386c00-bed2-41b0-ab50-1cf830c11f90,36.718584,-118.9929395
2020-02-04,-3114,d9386c00-bed2-41b0-ab50-1cf830c11f90,36.718584,-118.9929395
2020-02-05,-2043,d9386c00-bed2-41b0-ab50-1cf830c11f90,36.718584,-118.9929395
2020-02-06,-1909,d9386c00-bed2-41b0-ab50-1cf830c11f90,36.718584,-118.9929395
2020-02-07,-3020,d9386c00-bed2-41b0-ab50-1cf830c11f90,36.718584,-118.9929395
2020-02-08,-1694,d9386c00-bed2-41b0-ab50-1cf830c11f90,36.718584,-118.9929395
2020-02-09,-607,d9386c00-bed2-41b0-ab50-1cf830c11f90,36.718584,-118.9929395
2020-02-10,-1345,d9386c00-bed2-41b0-ab50-1cf830c11f90,36.718584,-118.9929395
2020-02-11,-3202,d9386c00-bed2-41b0-ab50-1cf830c11f90,36.718584,-118.9929395
2020-02-12,-1956,d9386c00-bed2-41b0-ab50-1cf830c11f90,36.718584,-118.9929395
2020-02-13,-2784,d9386c00-bed2-41b0-ab50-1cf830c11f90,36.718584,-118.9929395
2020-02-14,-2845,d9386c00-bed2-41b0-ab50-1cf830c11f90,36.718584,-118.9929395
2020-02-15,-1058,d9386c00-bed2-41b0-ab50-1cf830c11f90,36.718584,-118.9929395
2020-02-16,-2870,d9386c00-bed2-41b0-ab50-1cf830c11f90,36.718584,-118.9929395
2020-02-17,34,d9386c00-bed2-41b0-ab50-1cf830c11f90,36.718584,-118.9929395
2020-02-18,-2959,d9386c00-bed2-41b0-ab50-1cf830c11f90,36.718584,-118.9929395
2020-02-19,-153,d9386c00-bed2-41b0-ab50-1cf830c11f90,36.718584,-118.9929395
2020-02-20,-2946,d9386c00-bed2-41b0-ab50-1cf830c11f90,36.718584,-118.9929395
2020-02-21,-594,d9386c00-bed2-41b0-ab50-1cf830c11f90,36.718584,-118.9929395
2020-02-22,1853,d9386c00-bed2-41b0-ab50-1cf830c11f90,36.718584,-118.9929395
2020-02-23,-13,d9386c00-bed2-41b0-ab50-1cf830c11f90,36.718584,-118.9929395
2020-02-24,-1980,d9386c00-bed2-41b0-ab50-1cf830c11f90,36.718584,-118.9929395
2020-02-25,-3228,d9386c00-bed2-41b0-ab50-1cf830c11f90,36.718584,-118.9929395
2020-02-26,-1478,d9386c00-bed2-41b0-ab50-1cf830c11f90,36.718584,-118.9929395
2020-02-27,-2498,d9386c00-bed2-41b0-ab50-1cf830c11f90,36.718584,-118.9929395
2020-02-28,-1664,d9386c00-bed2-41b0-ab50-1cf830c11f90,36.718584,-118.9929395
2020-02-29,-1357,d9386c00-bed2-41b0-ab50-1cf830c11f90,36.718584,-118.9929395
2020-03-01,1135,d9386c00-bed2-41b0-ab50-1cf830c11f90,36.718584,-118.9929395
2020-03-02,-2001,d9386c00-bed2-41b0-ab50-1cf830c11f90,36.718584,-118.9929395
2020-03-03,-3051,d9386c00-bed2-41b0-ab50-1cf830c11f90,36.718584,-118.9929395
2020-03-04,-1136,d9386c00-bed2-41b0-ab50-1cf830c11f90,36.718584,-118.9929395
2020-03-05,-874,d9386c00-bed2-41b0-ab50-1cf830c11f90,36.718584,-118.9929395
2020-03-06,-1036,d9386c00-bed2-41b0-ab50-1cf830c11f90,36.718584,-118.9929395
2020-03-07,852,d9386c00-bed2-41b0-ab50-1cf830c11f90,36.718584,-118.9929395
2020-03-08,360,d9386c00-bed2-41b0-ab50-1cf830c11f90,36.718584,-118.9929395
2020-03-09,-2441,d9386c00-bed2-41b0-ab50-1cf830c11f90,36.718584,-118.9929395
2020-03-10,-2704,d9386c00-bed2-41b0-ab50-1cf830c11f90,36.718584,-118.9929395
2020-03-11,696,d9386c00-bed2-41b0-ab50-1cf830c11f90,36.718584,-118.9929395
2020-03-12,1405,d9386c00-bed2-41b0-ab50-1cf830c11f90,36.718584,-118.9929395
2020-03-13,733,d9386c00-bed2-41b0-ab50-1cf830c11f90,36.718584,-118.9929395
2020-03-14,3027,d9386c00-bed2-41b0-ab50-1cf830c11f90,36.718584,-118.9929395
2020-03-15,2473,d9386c00-bed2-41b0-ab50-1cf830c11f90,36.718584,-118.9929395
2020-03-16,4212,d9386c00-bed2-41b0-ab50-1cf830c11f90,36.718584,-118.9929395
2020-03-17,7044,d9386c00-bed2-41b0-ab50-1cf830c11f90,36.718584,-118.9929395
2020-03-18,264,d9386c00-bed2-41b0-ab50-1cf830c11f90,36.718584,-118.9929395
2020-03-19,1981,d9386c00-bed2-41b0-ab50-1cf830c11f90,36.718584,-118.9929395
2020-03-20,-549,d9386c00-bed2-41b0-ab50-1cf830c11f90,36.718584,-118.9929395
2020-03-21,694,d9386c00-bed2-41b0-ab50-1cf830c11f90,36.718584,-118.9929395
2020-03-22,-1289,d9386c00-bed2-41b0-ab50-1cf830c11f90,36.718584,-118.9929395
2020-03-23,1830,d9386c00-bed2-41b0-ab50-1cf830c11f90,36.718584,-118.9929395
2020-03-24,1314,d9386c00-bed2-41b0-ab50-1cf830c11f90,36.718584,-118.9929395
2020-03-25,1844,d9386c00-bed2-41b0-ab50-1cf830c11f90,36.718584,-118.9929395
2020-03-26,3643,d9386c00-bed2-41b0-ab50-1cf830c11f90,36.718584,-118.9929395
2020-03-27,610,d9386c00-bed2-41b0-ab50-1cf830c11f90,36.718584,-118.9929395
2020-03-28,3998,d9386c00-bed2-41b0-ab50-1cf830c11f90,36.718584,-118.9929395
2020-03-29,1148,d9386c00-bed2-41b0-ab50-1cf830c11f90,36.718584,-118.9929395
2020-03-30,-555,d9386c00-bed2-41b0-ab50-1cf830c11f90,36.718584,-118.9929395
2020-03-31,3238,d9386c00-bed2-41b0-ab50-1cf830c11f90,36.718584,-118.9929395
2020-04-01,-152,d9386c00-bed2-41b0-ab50-1cf830c11f90,36.718584,-118.9929395
2020-04-02,-462,d9386c00-bed2-41b0-ab50-1cf830c11f90,36.718584,-118.9929395
2020-04-03,789,d9386c00-bed2-41b0-ab50-1cf830c11f90,36.718584,-118.9929395
2020-04-04,-2265,d9386c00-bed2-41b0-ab50-1cf830c11f90,36.718584,-118.9929395
2020-04-05,4546,d9386c00-bed2-41b0-ab50-1cf830c11f90,36.718584,-118.9929395
2020-04-06,2111,d9386c00-bed2-41b0-ab50-1cf830c11f90,36.718584,-118.9929395
2020-04-07,2303,d9386c00-bed2-41b0-ab50-1cf830c11f90,36.718584,-118.9929395
2020-04-08,3196,d9386c00-bed2-41b0-ab50-1cf830c11f90,36.718584,-118.9929395
2020-04-09,1377,d9386c00-bed2-41b0-ab50-1cf830c11f90,36.718584,-118.9929395
2020-04-10,-408,d9386c00-bed2-41b0-ab50-1cf830c11f90,36.718584,-118.9929395
2020-04-11,120,d9386c00-bed2-41b0-ab50-1cf830c11f90,36.718584,-118.9929395
2020-04-12,-360,d9386c00-bed2-41b0-ab50-1cf830c11f90,36.718584,-118.9929395
2020-04-13,694,d9386c00-bed2-41b0-ab50-1cf830c11f90,36.718584,-118.9929395
2020-04-14,1583,d9386c00-bed2-41b0-ab50-1cf830c11f90,36.718584,-118.9929395
2020-04-15,-3029,d9386c00-bed2-41b0-ab50-1cf830c11f90,36.718584,-118.9929395
2020-04-16,-1763,d9386c00-bed2-41b0-ab50-1cf830c11f90,36.718584,-118.9929395
2020-04-17,1188,d9386c00-bed2-41b0-ab50-1cf830c11f90,36.718584,-118.9929395
2020-04-18,1758,d9386c00-bed2-41b0-ab50-1cf830c11f90,36.718584,-118.9929395
2020-04-19,137,d9386c00-bed2-41b0-ab50-1cf830c11f90,36.718584,-118.9929395
2020-04-20,6187,d9386c00-bed2-41b0-ab50-1cf830c11f90,36.718584,-118.9929395
2020-04-21,-664,d9386c00-bed2-41b0-ab50-1cf830c11f90,36.718584,-118.9929395
2020-04-22,-3234,d9386c00-bed2-41b0-ab50-1cf830c11f90,36.718584,-118.9929395
2020-04-23,-1143,d9386c00-bed2-41b0-ab50-1cf830c11f90,36.718584,-118.9929395
2020-04-24,-3173,d9386c00-bed2-41b0-ab50-1cf830c11f90,36.718584,-118.9929395
2020-04-25,-2363,d9386c00-bed2-41b0-ab50-1cf830c11f90,36.718584,-118.9929395
2020-04-26,1727,d9386c00-bed2-41b0-ab50-1cf830c11f90,36.718584,-118.9929395
2020-04-27,-2664,d9386c00-bed2-41b0-ab50-1cf830c11f90,36.718584,-118.9929395
2020-04-28,-1983,d9386c00-bed2-41b0-ab50-1cf830c11f90,36.718584,-118.9929395
2020-04-29,-3207,d9386c00-bed2-41b0-ab50-1cf830c11f90,36.718584,-118.9929395
2020-04-30,-589,d9386c00-bed2-41b0-ab50-1cf830c11f90,36.718584,-118.9929395
2020-05-01,-3920,d9386c00-bed2-41b0-ab50-1cf830c11f90,36.718584,-118.9929395
2020-05-02,-2439,d9386c00-bed2-41b0-ab50-1cf830c11f90,36.718584,-118.9929395
2020-05-03,-1206,d9386c00-bed2-41b0-ab50-1cf830c11f90,36.718584,-118.9929395
2020-05-04,-3127,d9386c00-bed2-41b0-ab50-1cf830c11f90,36.718584,-118.9929395
2020-05-05,-2437,d9386c00-bed2-41b0-ab50-1cf830c11f90,36.718584,-118.9929395
2020-05-06,-3398,d9386c00-bed2-41b0-ab50-1cf830c11f90,36.718584,-118.9929395
2020-05-07,-1454,d9386c00-bed2-41b0-ab50-1cf830c11f90,36.718584,-118.9929395
2020-05-08,-3795,d9386c00-bed2-41b0-ab50-1cf830c11f90,36.718584,-118.9929395
2020-05-09,-2070,d9386c00-bed2-41b0-ab50-1cf830c11f90,36.718584,-118.9929395
2020-05-10,-2559,d9386c00-bed2-41b0-ab50-1cf830c11f90,36.718584,-118.9929395
2020-05-11,-2111,d9386c00-bed2-41b0-ab50-1cf830c11f90,36.718584,-118.9929395
2020-05-12,805,d9386c00-bed2-41b0-ab50-1cf830c11f90,36.718584,-118.9929395
2020-05-13,593,d9386c00-bed2-41b0-ab50-1cf830c11f90,36.718584,-118.9929395
2020-05-14,-688,d9386c00-bed2-41b0-ab50-1cf830c11f90,36.718584,-118.9929395
2020-05-15,-132,d9386c00-bed2-41b0-ab50-1cf830c11f90,36.718584,-118.9929395
2020-05-16,-793,d9386c00-bed2-41b0-ab50-1cf830c11f90,36.718584,-118.9929395
2020-05-17,-1176,d9386c00-bed2-41b0-ab50-1cf830c11f90,36.718584,-118.9929395
2020-05-18,154,d9386c00-bed2-41b0-ab50-1cf830c11f90,36.718584,-118.9929395
2020-05-19,3879,d9386c00-bed2-41b0-ab50-1cf830c11f90,36.718584,-118.9929395
2020-05-20,-551,d9386c00-bed2-41b0-ab50-1cf830c11f90,36.718584,-118.9929395
2020-05-21,-1663,d9386c00-bed2-41b0-ab50-1cf830c11f90,36.718584,-118.9929395
2020-05-22,-2860,d9386c00-bed2-41b0-ab50-1cf830c11f90,36.718584,-118.9929395
2020-05-23,-1704,d9386c00-bed2-41b0-ab50-1cf830c11f90,36.718584,-118.9929395
2020-05-24,-3636,d9386c00-bed2-41b0-ab50-1cf830c11f90,36.718584,-118.9929395
2020-05-25,-2424,d9386c00-bed2-41b0-ab50-1cf830c11f90,36.718584,-118.9929395
2020-05-26,-3335,d9386c00-bed2-41b0-ab50-1cf830c11f90,36.718584,-118.9929395
2020-05-27,-2487,d9386c00-bed2-41b0-ab50-1cf830c11f90,36.718584,-118.9929395
2020-05-28,-2696,d9386c00-bed2-41b0-ab50-1cf830c11f90,36.718584,-118.9929395
2020-05-29,-2790,d9386c00-bed2-41b0-ab50-1cf830c11f90,36.718584,-118.9929395
2020-05-30,629,d9386c00-bed2-41b0-ab50-1cf830c11f90,36.718584,-118.9929395
2020-05-31,-431,d9386c00-bed2-41b0-ab50-1cf830c11f90,36.718584,-118.9929395
2020-06-01,-897,d9386c00-bed2-41b0-ab50-1cf830c11f90,36.718584,-118.9929395
2020-06-02,-1594,d9386c00-bed2-41b0-ab50-1cf830c11f90,36.718584,-118.9929395
2020-06-03,-2041,d9386c00-bed2-41b0-ab50-1cf830c11f90,36.718584,-118.9929395
2020-06-04,-2990,d9386c00-bed2-41b0-ab50-1cf830c11f90,36.718584,-118.9929395
2020-06-05,3808,d9386c00-bed2-41b0-ab50-1cf830c11f90,36.718584,-118.9929395
2020-06-06,426,d9386c00-bed2-41b0-ab50-1cf830c11f90,36.718584,-118.9929395
2020-06-07,-694,d9386c00-bed2-41b0-ab50-1cf830c11f90,36.718584,-118.9929395
2020-06-08,-1422,d9386c00-bed2-41b0-ab50-1cf830c11f90,36.718584,-118.9929395
2020-06-09,-3492,d9386c00-bed2-41b0-ab50-1cf830c11f90,36.718584,-118.9929395
2020-06-10,-2067,d9386c00-bed2-41b0-ab50-1cf830c11f90,36.718584,-118.9929395
2020-06-11,-3135,d9386c00-bed2-41b0-ab50-1cf830c11f90,36.718584,-118.9929395
2020-06-12,-2271,d9386c00-bed2-41b0-ab50-1cf830c11f90,36.718584,-118.9929395
2020-06-13,-935,d9386c00-bed2-41b0-ab50-1cf830c11f90,36.718584,-118.9929395
2020-06-14,-2814,d9386c00-bed2-41b0-ab50-1cf830c11f90,36.718584,-118.9929395
2020-06-15,-660,d9386c00-bed2-41b0-ab50-1cf830c11f90,36.718584,-118.9929395
2020-06-16,-3122,d9386c00-bed2-41b0-ab50-1cf830c11f90,36.718584,-118.9929395
2020-06-17,-1620,d9386c00-bed2-41b0-ab50-1cf830c11f90,36.718584,-118.9929395
2020-06-18,-3415,d9386c00-bed2-41b0-ab50-1cf830c11f90,36.718584,-118.9929395
2020-06-19,-1760,d9386c00-bed2-41b0-ab50-1cf830c11f90,36.718584,-118.9929395
2020-06-20,-2823,d9386c00-bed2-41b0-ab50-1cf830c11f90,36.718584,-118.9929395
2020-06-21,-2353,d9386c00-bed2-41b0-ab50-1cf830c11f90,36.718584,-118.9929395
2020-06-22,-2405,d9386c00-bed2-41b0-ab50-1cf830c11f90,36.718584,-118.9929395
2020-06-23,-3300,d9386c00-bed2-41b0-ab50-1cf830c11f90,36.718584,-118.9929395
2020-06-24,2209,d9386c00-bed2-41b0-ab50-1cf830c11f90,36.718584,-118.9929395
2020-06-25,-3634,d9386c00-bed2-41b0-ab50-1cf830c11f90,36.718584,-118.9929395
2020-06-26,-1140,d9386c00-bed2-41b0-ab50-1cf830c11f90,36.718584,-118.9929395
2020-06-27,-3163,d9386c00-bed2-41b0-ab50-1cf830c11f90,36.718584,-118.9929395
2020-06-28,-2776,d9386c00-bed2-41b0-ab50-1cf830c11f90,36.718584,-118.9929395
2020-06-29,-2500,d9386c00-bed2-41b0-ab50-1cf830c11f90,36.718584,-118.9929395
2020-06-30,-3222,d9386c00-bed2-41b0-ab50-1cf830c11f90,36.718584,-118.9929395
2020-07-01,-1825,d9386c00-bed2-41b0-ab50-1cf830c11f90,36.718584,-118.9929395
2020-07-02,-3450,d9386c00-bed2-41b0-ab50-1cf830c11f90,36.718584,-118.9929395
2020-07-03,-2169,d9386c00-bed2-41b0-ab50-1cf830c11f90,36.718584,-118.9929395
2020-07-04,-3640,d9386c00-bed2-41b0-ab50-1cf830c11f90,36.718584,-118.9929395
2020-07-05,-2047,d9386c00-bed2-41b0-ab50-1cf830c11f90,36.718584,-118.9929395
2020-07-06,-3171,d9386c00-bed2-41b0-ab50-1cf830c11f90,36.718584,-118.9929395
2020-07-07,-3117,d9386c00-bed2-41b0-ab50-1cf830c11f90,36.718584,-118.9929395
2020-07-08,-2677,d9386c00-bed2-41b0-ab50-1cf830c11f90,36.718584,-118.9929395
2020-07-09,-3092,d9386c00-bed2-41b0-ab50-1cf830c11f90,36.718584,-118.9929395
2020-07-10,1643,d9386c00-bed2-41b0-ab50-1cf830c11f90,36.718584,-118.9929395
2020-07-11,-3748,d9386c00-bed2-41b0-ab50-1cf830c11f90,36.718584,-118.9929395
2020-07-12,-2087,d9386c00-bed2-41b0-ab50-1cf830c11f90,36.718584,-118.9929395
2020-07-13,-3472,d9386c00-bed2-41b0-ab50-1cf830c11f90,36.718584,-118.9929395
2020-07-14,-2398,d9386c00-bed2-41b0-ab50-1cf830c11f90,36.718584,-118.9929395
2020-07-15,-2557,d9386c00-bed2-41b0-ab50-1cf830c11f90,36.718584,-118.9929395
2020-07-16,-2771,d9386c00-bed2-41b0-ab50-1cf830c11f90,36.718584,-118.9929395
2020-07-17,-1661,d9386c00-bed2-41b0-ab50-1cf830c11f90,36.718584,-118.9929395
2020-07-18,-3251,d9386c00-bed2-41b0-ab50-1cf830c11f90,36.718584,-118.9929395
2020-07-19,-1485,d9386c00-bed2-41b0-ab50-1cf830c11f90,36.718584,-118.9929395
2020-07-20,-3573,d9386c00-bed2-41b0-ab50-1cf830c11f90,36.718584,-118.9929395
2020-07-21,2927,d9386c00-bed2-41b0-ab50-1cf830c11f90,36.718584,-118.9929395
2020-07-22,-3039,d9386c00-bed2-41b0-ab50-1cf830c11f90,36.718584,-118.9929395
2020-07-23,-2290,d9386c00-bed2-41b0-ab50-1cf830c11f90,36.718584,-118.9929395
2020-07-24,-2283,d9386c00-bed2-41b0-ab50-1cf830c11f90,36.718584,-118.9929395
2020-07-25,-2782,d9386c00-bed2-41b0-ab50-1cf830c11f90,36.718584,-118.9929395
2020-07-26,-412,d9386c00-bed2-41b0-ab50-1cf830c11f90,36.718584,-118.9929395
2020-07-27,-3520,d9386c00-bed2-41b0-ab50-1cf830c11f90,36.718584,-118.9929395
2020-07-28,-2290,d9386c00-bed2-41b0-ab50-1cf830c11f90,36.718584,-118.9929395
2020-07-29,-3324,d9386c00-bed2-41b0-ab50-1cf830c11f90,36.718584,-118.9929395
2020-07-30,-2874,d9386c00-bed2-41b0-ab50-1cf830c11f90,36.718584,-118.9929395
2020-07-31,-3223,d9386c00-bed2-41b0-ab50-1cf830c11f90,36.718584,-118.9929395
2020-08-01,-2930,d9386c00-bed2-41b0-ab50-1cf830c11f90,36.718584,-118.9929395
2020-08-02,-1562,d9386c00-bed2-41b0-ab50-1cf830c11f90,36.718584,-118.9929395
2020-08-03,-1113,d9386c00-bed2-41b0-ab50-1cf830c11f90,36.718584,-118.9929395
2020-08-04,-1414,d9386c00-bed2-41b0-ab50-1cf830c11f90,36.718584,-118.9929395
2020-08-05,-3584,d9386c00-bed2-41b0-ab50-1cf830c11f90,36.718584,-118.9929395
2020-08-06,-2333,d9386c00-bed2-41b0-ab50-1cf830c11f90,36.718584,-118.9929395
2020-08-07,-2863,d9386c00-bed2-41b0-ab50-1cf830c11f90,36.718584,-118.9929395
2020-08-08,-2392,d9386c00-bed2-41b0-ab50-1cf830c11f90,36.718584,-118.9929395
2020-08-09,-2398,d9386c00-bed2-41b0-ab50-1cf830c11f90,36.718584,-118.9929395
2020-08-10,-2910,d9386c00-bed2-41b0-ab50-1cf830c11f90,36.718584,-118.9929395
2020-08-11,-458,d9386c00-bed2-41b0-ab50-1cf830c11f90,36.718584,-118.9929395
2020-08-12,-3627,d9386c00-bed2-41b0-ab50-1cf830c11f90,36.718584,-118.9929395
2020-08-13,2545,d9386c00-bed2-41b0-ab50-1cf830c11f90,36.718584,-118.9929395
2020-08-14,-3476,d9386c00-bed2-41b0-ab50-1cf830c11f90,36.718584,-118.9929395
2020-08-15,-2271,d9386c00-bed2-41b0-ab50-1cf830c11f90,36.718584,-118.9929395
2020-08-16,-2632,d9386c00-bed2-41b0-ab50-1cf830c11f90,36.718584,-118.9929395
2020-08-17,-2342,d9386c00-bed2-41b0-ab50-1cf830c11f90,36.718584,-118.9929395
2020-08-18,-1130,d9386c00-bed2-41b0-ab50-1cf830c11f90,36.718584,-118.9929395
2020-08-19,-2749,d9386c00-bed2-41b0-ab50-1cf830c11f90,36.718584,-118.9929395
2020-08-20,1258,d9386c00-bed2-41b0-ab50-1cf830c11f90,36.718584,-118.9929395
2020-08-21,-3205,d9386c00-bed2-41b0-ab50-1cf830c11f90,36.718584,-118.9929395
2020-08-22,-320,d9386c00-bed2-41b0-ab50-1cf830c11f90,36.718584,-118.9929395
2020-08-23,-1932,d9386c00-bed2-41b0-ab50-1cf830c11f90,36.718584,-118.9929395
2020-08-24,-1294,d9386c00-bed2-41b0-ab50-1cf830c11f90,36.718584,-118.9929395
2020-08-25,-1523,d9386c00-bed2-41b0-ab50-1cf830c11f90,36.718584,-118.9929395
2020-08-26,-2870,d9386c00-bed2-41b0-ab50-1cf830c11f90,36.718584,-118.9929395
2020-08-27,362,d9386c00-bed2-41b0-ab50-1cf830c11f90,36.718584,-118.9929395
2020-08-28,-3211,d9386c00-bed2-41b0-ab50-1cf830c11f90,36.718584,-118.9929395
2020-08-29,-2071,d9386c00-bed2-41b0-ab50-1cf830c11f90,36.718584,-118.9929395
2020-08-30,-2665,d9386c00-bed2-41b0-ab50-1cf830c11f90,36.718584,-118.9929395
2020-08-31,-1203,d9386c00-bed2-41b0-ab50-1cf830c11f90,36.718584,-118.9929395
2020-09-01,-1746,d9386c00-bed2-41b0-ab50-1cf830c11f90,36.718584,-118.9929395
2020-09-02,-2051,d9386c00-bed2-41b0-ab50-1cf830c11f90,36.718584,-118.9929395
2020-09-03,-578,d9386c00-bed2-41b0-ab50-1cf830c11f90,36.718584,-118.9929395
2020-09-04,-2591,d9386c00-bed2-41b0-ab50-1cf830c11f90,36.718584,-118.9929395
2020-09-05,346,d9386c00-bed2-41b0-ab50-1cf830c11f90,36.718584,-118.9929395
2020-09-06,-1460,d9386c00-bed2-41b0-ab50-1cf830c11f90,36.718584,-118.9929395
2020-09-07,3689,d9386c00-bed2-41b0-ab50-1cf830c11f90,36.718584,-118.9929395
2020-09-08,2329,d9386c00-bed2-41b0-ab50-1cf830c11f90,36.718584,-118.9929395
2020-09-09,1843,d9386c00-bed2-41b0-ab50-1cf830c11f90,36.718584,-118.9929395
2020-09-10,2607,d9386c00-bed2-41b0-ab50-1cf830c11f90,36.718584,-118.9929395
2020-09-11,1370,d9386c00-bed2-41b0-ab50-1cf830c11f90,36.718584,-118.9929395
2020-09-12,3757,d9386c00-bed2-41b0-ab50-1cf830c11f90,36.718584,-118.9929395
2020-09-13,-1381,d9386c00-bed2-41b0-ab50-1cf830c11f90,36.718584,-118.9929395
2020-09-14,4079,d9386c00-bed2-41b0-ab50-1cf830c11f90,36.718584,-118.9929395
2020-09-15,2829,d9386c00-bed2-41b0-ab50-1cf830c11f90,36.718584,-118.9929395
2020-09-16,4086,d9386c00-bed2-41b0-ab50-1cf830c11f90,36.718584,-118.9929395
2020-09-17,1842,d9386c00-bed2-41b0-ab50-1cf830c11f90,36.718584,-118.9929395
2020-09-18,1196,d9386c00-bed2-41b0-ab50-1cf830c11f90,36.718584,-118.9929395
2020-09-19,-656,d9386c00-bed2-41b0-ab50-1cf830c11f90,36.718584,-118.9929395
2020-09-20,432,d9386c00-bed2-41b0-ab50-1cf830c11f90,36.718584,-118.9929395
2020-09-21,1036,d9386c00-bed2-41b0-ab50-1cf830c11f90,36.718584,-118.9929395
2020-09-22,-2592,d9386c00-bed2-41b0-ab50-1cf830c11f90,36.718584,-118.9929395
2020-09-23,2916,d9386c00-bed2-41b0-ab50-1cf830c11f90,36.718584,-118.9929395
2020-09-24,-1050,d9386c00-bed2-41b0-ab50-1cf830c11f90,36.718584,-118.9929395
2020-09-25,-82,d9386c00-bed2-41b0-ab50-1cf830c11f90,36.718584,-118.9929395
2020-09-26,170,d9386c00-bed2-41b0-ab50-1cf830c11f90,36.718584,-118.9929395
2020-09-27,183,d9386c00-bed2-41b0-ab50-1cf830c11f90,36.718584,-118.9929395
2020-09-28,3280,d9386c00-bed2-41b0-ab50-1cf830c11f90,36.718584,-118.9929395
2020-09-29,-1896,d9386c00-bed2-41b0-ab50-1cf830c11f90,36.718584,-118.9929395
2020-09-30,2506,d9386c00-bed2-41b0-ab50-1cf830c11f90,36.718584,-118.9929395
2020-10-01,-2543,d9386c00-bed2-41b0-ab50-1cf830c11f90,36.718584,-118.9929395
2020-10-02,-1032,d9386c00-bed2-41b0-ab50-1cf830c11f90,36.718584,-118.9929395
2020-10-03,-1019,d9386c00-bed2-41b0-ab50-1cf830c11f90,36.718584,-118.9929395
2020-10-04,-739,d9386c00-bed2-41b0-ab50-1cf830c11f90,36.718584,-118.9929395
2020-10-05,549,d9386c00-bed2-41b0-ab50-1cf830c11f90,36.718584,-118.9929395
2020-10-06,-160,d9386c00-bed2-41b0-ab50-1cf830c11f90,36.718584,-118.9929395
2020-10-07,4036,d9386c00-bed2-41b0-ab50-1cf830c11f90,36.718584,-118.9929395
2020-10-08,207,d9386c00-bed2-41b0-ab50-1cf830c11f90,36.718584,-118.9929395
2020-10-09,2248,d9386c00-bed2-41b0-ab50-1cf830c11f90,36.718584,-118.9929395
2020-10-10,-1222,d9386c00-bed2-41b0-ab50-1cf830c11f90,36.718584,-118.9929395
2020-10-11,-2476,d9386c00-bed2-41b0-ab50-1cf830c11f90,36.718584,-118.9929395
2020-10-12,-1888,d9386c00-bed2-41b0-ab50-1cf830c11f90,36.718584,-118.9929395
2020-10-13,-3184,d9386c00-bed2-41b0-ab50-1cf830c11f90,36.718584,-118.9929395
2020-10-14,223,d9386c00-bed2-41b0-ab50-1cf830c11f90,36.718584,-118.9929395
2020-10-15,-2032,d9386c00-bed2-41b0-ab50-1cf830c11f90,36.718584,-118.9929395
2020-10-16,-758,d9386c00-bed2-41b0-ab50-1cf830c11f90,36.718584,-118.9929395
2020-10-17,-2884,d9386c00-bed2-41b0-ab50-1cf830c11f90,36.718584,-118.9929395
2020-10-18,-1727,d9386c00-bed2-41b0-ab50-1cf830c11f90,36.718584,-118.9929395
2020-10-19,-2081,d9386c00-bed2-41b0-ab50-1cf830c11f90,36.718584,-118.9929395
2020-10-20,-2239,d9386c00-bed2-41b0-ab50-1cf830c11f90,36.718584,-118.9929395
2020-10-21,-708,d9386c00-bed2-41b0-ab50-1cf830c11f90,36.718584,-118.9929395
2020-10-22,-2509,d9386c00-bed2-41b0-ab50-1cf830c11f90,36.718584,-118.9929395
2020-10-23,-174,d9386c00-bed2-41b0-ab50-1cf830c11f90,36.718584,-118.9929395
2020-10-24,-2812,d9386c00-bed2-41b0-ab50-1cf830c11f90,36.718584,-118.9929395
2020-10-25,-1298,d9386c00-bed2-41b0-ab50-1cf830c11f90,36.718584,-118.9929395
2020-10-26,-7,d9386c00-bed2-41b0-ab50-1cf830c11f90,36.718584,-118.9929395
2020-10-27,-1491,d9386c00-bed2-41b0-ab50-1cf830c11f90,36.718584,-118.9929395
2020-10-28,-1880,d9386c00-bed2-41b0-ab50-1cf830c11f90,36.718584,-118.9929395
2020-10-29,-2457,d9386c00-bed2-41b0-ab50-1cf830c11f90,36.718584,-118.9929395
2020-10-30,287,d9386c00-bed2-41b0-ab50-1cf830c11f90,36.718584,-118.9929395
2020-10-31,-2740,d9386c00-bed2-41b0-ab50-1cf830c11f90,36.718584,-118.9929395
2020-11-01,-893,d9386c00-bed2-41b0-ab50-1cf830c11f90,36.718584,-118.9929395
2020-11-02,1679,d9386c00-bed2-41b0-ab50-1cf830c11f90,36.718584,-118.9929395
2020-11-03,-1317,d9386c00-bed2-41b0-ab50-1cf830c11f90,36.718584,-118.9929395
2020-11-04,-1380,d9386c00-bed2-41b0-ab50-1cf830c11f90,36.718584,-118.9929395
2020-11-05,-1831,d9386c00-bed2-41b0-ab50-1cf830c11f90,36.718584,-118.9929395
2020-11-06,-1159,d9386c00-bed2-41b0-ab50-1cf830c11f90,36.718584,-118.9929395
2020-11-07,1421,d9386c00-bed2-41b0-ab50-1cf830c11f90,36.718584,-118.9929395
2020-11-08,457,d9386c00-bed2-41b0-ab50-1cf830c11f90,36.718584,-118.9929395
2020-11-09,3359,d9386c00-bed2-41b0-ab50-1cf830c11f90,36.718584,-118.9929395
2020-11-10,1752,d9386c00-bed2-41b0-ab50-1cf830c11f90,36.718584,-118.9929395
2020-11-11,-1638,d9386c00-bed2-41b0-ab50-1cf830c11f90,36.718584,-118.9929395
2020-11-12,-1791,d9386c00-bed2-41b0-ab50-1cf830c11f90,36.718584,-118.9929395
2020-11-13,-506,d9386c00-bed2-41b0-ab50-1cf830c11f90,36.718584,-118.9929395
2020-11-14,-2279,d9386c00-bed2-41b0-ab50-1cf830c11f90,36.718584,-118.9929395
2020-11-15,-406,d9386c00-bed2-41b0-ab50-1cf830c11f90,36.718584,-118.9929395
2020-11-16,-3034,d9386c00-bed2-41b0-ab50-1cf830c11f90,36.718584,-118.9929395
2020-11-17,1207,d9386c00-bed2-41b0-ab50-1cf830c11f90,36.718584,-118.9929395
2020-11-18,1559,d9386c00-bed2-41b0-ab50-1cf830c11f90,36.718584,-118.9929395
2020-11-19,-961,d9386c00-bed2-41b0-ab50-1cf830c11f90,36.718584,-118.9929395
2020-11-20,1738,d9386c00-bed2-41b0-ab50-1cf830c11f90,36.718584,-118.9929395
2020-11-21,-2023,d9386c00-bed2-41b0-ab50-1cf830c11f90,36.718584,-118.9929395
2020-11-22,-1534,d9386c00-bed2-41b0-ab50-1cf830c11f90,36.718584,-118.9929395
2020-11-23,-2557,d9386c00-bed2-41b0-ab50-1cf830c11f90,36.718584,-118.9929395
2020-11-24,-166,d9386c00-bed2-41b0-ab50-1cf830c11f90,36.718584,-118.9929395
2020-11-25,-3004,d9386c00-bed2-41b0-ab50-1cf830c11f90,36.718584,-118.9929395
2020-11-26,-1253,d9386c00-bed2-41b0-ab50-1cf830c11f90,36.718584,-118.9929395
2020-11-27,-2477,d9386c00-bed2-41b0-ab50-1cf830c11f90,36.718584,-118.9929395
2020-11-28,-3018,d9386c00-bed2-41b0-ab50-1cf830c11f90,36.718584,-118.9929395
2020-11-29,-1735,d9386c00-bed2-41b0-ab50-1cf830c11f90,36.718584,-118.9929395
2020-11-30,-2913,d9386c00-bed2-41b0-ab50-1cf830c11f90,36.718584,-118.9929395
2020-12-01,-534,d9386c00-bed2-41b0-ab50-1cf830c11f90,36.718584,-118.9929395
2020-12-02,-2878,d9386c00-bed2-41b0-ab50-1cf830c11f90,36.718584,-118.9929395
2020-12-03,-1144,d9386c00-bed2-41b0-ab50-1cf830c11f90,36.718584,-118.9929395
2020-12-04,-2610,d9386c00-bed2-41b0-ab50-1cf830c11f90,36.718584,-118.9929395
2020-12-05,-1829,d9386c00-bed2-41b0-ab50-1cf830c11f90,36.718584,-118.9929395
2020-12-06,1050,d9386c00-bed2-41b0-ab50-1cf830c11f90,36.718584,-118.9929395
2020-12-07,-962,d9386c00-bed2-41b0-ab50-1cf830c11f90,36.718584,-118.9929395
2020-12-08,-1841,d9386c00-bed2-41b0-ab50-1cf830c11f90,36.718584,-118.9929395
2020-12-09,343,d9386c00-bed2-41b0-ab50-1cf830c11f90,36.718584,-118.9929395
2020-12-10,-936,d9386c00-bed2-41b0-ab50-1cf830c11f90,36.718584,-118.9929395
2020-12-11,-905,d9386c00-bed2-41b0-ab50-1cf830c11f90,36.718584,-118.9929395
2020-12-12,866,d9386c00-bed2-41b0-ab50-1cf830c11f90,36.718584,-118.9929395
2020-12-13,3378,d9386c00-bed2-41b0-ab50-1cf830c11f90,36.718584,-118.9929395
2020-12-14,881,d9386c00-bed2-41b0-ab50-1cf830c11f90,36.718584,-118.9929395
2020-12-15,-669,d9386c00-bed2-41b0-ab50-1cf830c11f90,36.718584,-118.9929395
2020-12-16,-832,d9386c00-bed2-41b0-ab50-1cf830c11f90,36.718584,-118.9929395
2020-12-17,1263,d9386c00-bed2-41b0-ab50-1cf830c11f90,36.718584,-118.9929395
2020-12-18,-1778,d9386c00-bed2-41b0-ab50-1cf830c11f90,36.718584,-118.9929395
2020-12-19,-1035,d9386c00-bed2-41b0-ab50-1cf830c11f90,36.718584,-118.9929395
2020-12-20,-1958,d9386c00-bed2-41b0-ab50-1cf830c11f90,36.718584,-118.9929395
2020-12-21,-1858,d9386c00-bed2-41b0-ab50-1cf830c11f90,36.718584,-118.9929395
2020-12-22,-1980,d9386c00-bed2-41b0-ab50-1cf830c11f90,36.718584,-118.9929395
2020-12-23,-2560,d9386c00-bed2-41b0-ab50-1cf830c11f90,36.718584,-118.9929395
2020-12-24,2516,d9386c00-bed2-41b0-ab50-1cf830c11f90,36.718584,-118.9929395
2020-12-25,3391,d9386c00-bed2-41b0-ab50-1cf830c11f90,36.718584,-118.9929395
2020-12-26,1599,d9386c00-bed2-41b0-ab50-1cf830c11f90,36.718584,-118.9929395
2020-12-27,3495,d9386c00-bed2-41b0-ab50-1cf830c11f90,36.718584,-118.9929395
2020-12-28,1504,d9386c00-bed2-41b0-ab50-1cf830c11f90,36.718584,-118.9929395
2020-12-29,1452,d9386c00-bed2-41b0-ab50-1cf830c11f90,36.718584,-118.9929395
2020-12-30,1083,d9386c00-bed2-41b0-ab50-1cf830c11f90,36.718584,-118.9929395
2020-12-31,277,d9386c00-bed2-41b0-ab50-1cf830c11f90,36.718584,-118.9929395
2021-01-01,-679,d9386c00-bed2-41b0-ab50-1cf830c11f90,36.718584,-118.9929395
2021-01-02,1563,d9386c00-bed2-41b0-ab50-1cf830c11f90,36.718584,-118.9929395
2021-01-03,-670,d9386c00-bed2-41b0-ab50-1cf830c11f90,36.718584,-118.9929395
2021-01-04,1246,d9386c00-bed2-41b0-ab50-1cf830c11f90,36.718584,-118.9929395
2021-01-05,-2263,d9386c00-bed2-41b0-ab50-1cf830c11f90,36.718584,-118.9929395
2021-01-06,684,d9386c00-bed2-41b0-ab50-1cf830c11f90,36.718584,-118.9929395
2021-01-07,3354,d9386c00-bed2-41b0-ab50-1cf830c11f90,36.718584,-118.9929395
2021-01-08,-2654,d9386c00-bed2-41b0-ab50-1cf830c11f90,36.718584,-118.9929395
2021-01-09,-874,d9386c00-bed2-41b0-ab50-1cf830c11f90,36.718584,-118.9929395
2021-01-10,-2668,d9386c00-bed2-41b0-ab50-1cf830c11f90,36.718584,-118.9929395
2021-01-11,-383,d9386c00-bed2-41b0-ab50-1cf830c11f90,36.718584,-118.9929395
2021-01-12,4162,d9386c00-bed2-41b0-ab50-1cf830c11f90,36.718584,-118.9929395
2021-01-13,-910,d9386c00-bed2-41b0-ab50-1cf830c11f90,36.718584,-118.9929395
2021-01-14,-2537,d9386c00-bed2-41b0-ab50-1cf830c11f90,36.718584,-118.9929395
2021-01-15,-2584,d9386c00-bed2-41b0-ab50-1cf830c11f90,36.718584,-118.9929395
2021-01-16,-737,d9386c00-bed2-41b0-ab50-1cf830c11f90,36.718584,-118.9929395
2021-01-17,-2732,d9386c00-bed2-41b0-ab50-1cf830c11f90,36.718584,-118.9929395
2021-01-18,-701,d9386c00-bed2-41b0-ab50-1cf830c11f90,36.718584,-118.9929395
2021-01-19,-2975,d9386c00-bed2-41b0-ab50-1cf830c11f90,36.718584,-118.9929395
2021-01-20,-1734,d9386c00-bed2-41b0-ab50-1cf830c11f90,36.718584,-118.9929395
2021-01-21,-2945,d9386c00-bed2-41b0-ab50-1cf830c11f90,36.718584,-118.9929395
2021-01-22,699,d9386c00-bed2-41b0-ab50-1cf830c11f90,36.718584,-118.9929395
2021-01-23,461,d9386c00-bed2-41b0-ab50-1cf830c11f90,36.718584,-118.9929395
2021-01-24,-354,d9386c00-bed2-41b0-ab50-1cf830c11f90,36.718584,-118.9929395
2021-01-25,4212,d9386c00-bed2-41b0-ab50-1cf830c11f90,36.718584,-118.9929395
2021-01-26,2533,d9386c00-bed2-41b0-ab50-1cf830c11f90,36.718584,-118.9929395
2021-01-27,1806,d9386c00-bed2-41b0-ab50-1cf830c11f90,36.718584,-118.9929395
2021-01-28,3439,d9386c00-bed2-41b0-ab50-1cf830c11f90,36.718584,-118.9929395
2021-01-29,3535,d9386c00-bed2-41b0-ab50-1cf830c11f90,36.718584,-118.9929395
2021-01-30,3702,d9386c00-bed2-41b0-ab50-1cf830c11f90,36.718584,-118.9929395
2021-01-31,2397,d9386c00-bed2-41b0-ab50-1cf830c11f90,36.718584,-118.9929395
2021-02-01,1333,d9386c00-bed2-41b0-ab50-1cf830c11f90,36.718584,-118.9929395
2021-02-02,2727,d9386c00-bed2-41b0-ab50-1cf830c11f90,36.718584,-118.9929395
2021-02-03,205,d9386c00-bed2-41b0-ab50-1cf830c11f90,36.718584,-118.9929395
2021-02-04,576,d9386c00-bed2-41b0-ab50-1cf830c11f90,36.718584,-118.9929395
2021-02-05,3187,d9386c00-bed2-41b0-ab50-1cf830c11f90,36.718584,-118.9929395
2021-02-06,-1999,d9386c00-bed2-41b0-ab50-1cf830c11f90,36.718584,-118.9929395
2021-02-07,750,d9386c00-bed2-41b0-ab50-1cf830c11f90,36.718584,-118.9929395
2021-02-08,1316,d9386c00-bed2-41b0-ab50-1cf830c11f90,36.718584,-118.9929395
2021-02-09,1316,d9386c00-bed2-41b0-ab50-1cf830c11f90,36.718584,-118.9929395
2021-02-10,392,d9386c00-bed2-41b0-ab50-1cf830c11f90,36.718584,-118.9929395
2021-02-11,-1038,d9386c00-bed2-41b0-ab50-1cf830c11f90,36.718584,-118.9929395
2021-02-12,166,d9386c00-bed2-41b0-ab50-1cf830c11f90,36.718584,-118.9929395
2021-02-13,2917,d9386c00-bed2-41b0-ab50-1cf830c11f90,36.718584,-118.9929395
2021-02-14,-146,d9386c00-bed2-41b0-ab50-1cf830c11f90,36.718584,-118.9929395
2021-02-15,2073,d9386c00-bed2-41b0-ab50-1cf830c11f90,36.718584,-118.9929395
2021-02-16,220,d9386c00-bed2-41b0-ab50-1cf830c11f90,36.718584,-118.9929395
2021-02-17,-1020,d9386c00-bed2-41b0-ab50-1cf830c11f90,36.718584,-118.9929395
2021-02-19,-384,d9386c00-bed2-41b0-ab50-1cf830c11f90,36.718584,-118.9929395
2021-02-20,-1245,d9386c00-bed2-41b0-ab50-1cf830c11f90,36.718584,-118.9929395
2021-02-21,-784,d9386c00-bed2-41b0-ab50-1cf830c11f90,36.718584,-118.9929395
2021-02-22,-2857,d9386c00-bed2-41b0-ab50-1cf830c11f90,36.718584,-118.9929395
2021-02-23,1522,d9386c00-bed2-41b0-ab50-1cf830c11f90,36.718584,-118.9929395
2021-02-24,-2493,d9386c00-bed2-41b0-ab50-1cf830c11f90,36.718584,-118.9929395
2021-02-25,-2673,d9386c00-bed2-41b0-ab50-1cf830c11f90,36.718584,-118.9929395
2021-02-26,-1823,d9386c00-bed2-41b0-ab50-1cf830c11f90,36.718584,-118.9929395
2021-02-27,-2624,d9386c00-bed2-41b0-ab50-1cf830c11f90,36.718584,-118.9929395
2021-02-28,-644,d9386c00-bed2-41b0-ab50-1cf830c11f90,36.718584,-118.9929395
2021-03-01,-3264,d9386c00-bed2-41b0-ab50-1cf830c11f90,36.718584,-118.9929395
2021-03-02,-1913,d9386c00-bed2-41b0-ab50-1cf830c11f90,36.718584,-118.9929395
2021-03-03,2018,d9386c00-bed2-41b0-ab50-1cf830c11f90,36.718584,-118.9929395
2021-03-04,-2183,d9386c00-bed2-41b0-ab50-1cf830c11f90,36.718584,-118.9929395
2021-03-05,-1817,d9386c00-bed2-41b0-ab50-1cf830c11f90,36.718584,-118.9929395
2021-03-06,-3126,d9386c00-bed2-41b0-ab50-1cf830c11f90,36.718584,-118.9929395
2021-03-07,1703,d9386c00-bed2-41b0-ab50-1cf830c11f90,36.718584,-118.9929395
2021-03-08,-172,d9386c00-bed2-41b0-ab50-1cf830c11f90,36.718584,-118.9929395
2021-03-09,789,d9386c00-bed2-41b0-ab50-1cf830c11f90,36.718584,-118.9929395
2021-03-10,4872,d9386c00-bed2-41b0-ab50-1cf830c11f90,36.718584,-118.9929395
2021-03-11,2544,d9386c00-bed2-41b0-ab50-1cf830c11f90,36.718584,-118.9929395
2021-03-12,771,d9386c00-bed2-41b0-ab50-1cf830c11f90,36.718584,-118.9929395
2021-03-13,3843,d9386c00-bed2-41b0-ab50-1cf830c11f90,36.718584,-118.9929395
2021-03-14,2352,d9386c00-bed2-41b0-ab50-1cf830c11f90,36.718584,-118.9929395
2021-03-15,4287,d9386c00-bed2-41b0-ab50-1cf830c11f90,36.718584,-118.9929395
2021-03-16,244,d9386c00-bed2-41b0-ab50-1cf830c11f90,36.718584,-118.9929395
2021-03-17,2296,d9386c00-bed2-41b0-ab50-1cf830c11f90,36.718584,-118.9929395
2021-03-18,159,d9386c00-bed2-41b0-ab50-1cf830c11f90,36.718584,-118.9929395
2021-03-19,1419,d9386c00-bed2-41b0-ab50-1cf830c11f90,36.718584,-118.9929395
2021-03-20,1239,d9386c00-bed2-41b0-ab50-1cf830c11f90,36.718584,-118.9929395
2021-03-21,-463,d9386c00-bed2-41b0-ab50-1cf830c11f90,36.718584,-118.9929395
2021-03-22,-1503,d9386c00-bed2-41b0-ab50-1cf830c11f90,36.718584,-118.9929395
2021-03-23,-177,d9386c00-bed2-41b0-ab50-1cf830c11f90,36.718584,-118.9929395
2021-03-24,288,d9386c00-bed2-41b0-ab50-1cf830c11f90,36.718584,-118.9929395
2021-03-25,405,d9386c00-bed2-41b0-ab50-1cf830c11f90,36.718584,-118.9929395
2021-03-26,-1644,d9386c00-bed2-41b0-ab50-1cf830c11f90,36.718584,-118.9929395
2021-03-27,-1882,d9386c00-bed2-41b0-ab50-1cf830c11f90,36.718584,-118.9929395
2021-03-28,-2580,d9386c00-bed2-41b0-ab50-1cf830c11f90,36.718584,-118.9929395
2021-03-29,-3287,d9386c00-bed2-41b0-ab50-1cf830c11f90,36.718584,-118.9929395
2021-03-30,-2049,d9386c00-bed2-41b0-ab50-1cf830c11f90,36.718584,-118.9929395
2021-03-31,-3223,d9386c00-bed2-41b0-ab50-1cf830c11f90,36.718584,-118.9929395
2021-04-01,-1698,d9386c00-bed2-41b0-ab50-1cf830c11f90,36.718584,-118.9929395
2021-04-02,-3285,d9386c00-bed2-41b0-ab50-1cf830c11f90,36.718584,-118.9929395
2021-04-03,-1745,d9386c00-bed2-41b0-ab50-1cf830c11f90,36.718584,-118.9929395
2021-04-04,-2863,d9386c00-bed2-41b0-ab50-1cf830c11f90,36.718584,-118.9929395
2021-04-05,-1688,d9386c00-bed2-41b0-ab50-1cf830c11f90,36.718584,-118.9929395
2021-04-06,-1127,d9386c00-bed2-41b0-ab50-1cf830c11f90,36.718584,-118.9929395
2021-04-07,-1954,d9386c00-bed2-41b0-ab50-1cf830c11f90,36.718584,-118.9929395
2021-04-08,-1518,d9386c00-bed2-41b0-ab50-1cf830c11f90,36.718584,-118.9929395
2021-04-09,-2653,d9386c00-bed2-41b0-ab50-1cf830c11f90,36.718584,-118.9929395
2021-04-10,-1666,d9386c00-bed2-41b0-ab50-1cf830c11f90,36.718584,-118.9929395
2021-04-11,-2214,d9386c00-bed2-41b0-ab50-1cf830c11f90,36.718584,-118.9929395
2021-04-12,-2131,d9386c00-bed2-41b0-ab50-1cf830c11f90,36.718584,-118.9929395
2021-04-13,-814,d9386c00-bed2-41b0-ab50-1cf830c11f90,36.718584,-118.9929395
2021-04-14,-2922,d9386c00-bed2-41b0-ab50-1cf830c11f90,36.718584,-118.9929395
2021-04-15,-2228,d9386c00-bed2-41b0-ab50-1cf830c11f90,36.718584,-118.9929395
2021-04-16,-3221,d9386c00-bed2-41b0-ab50-1cf830c11f90,36.718584,-118.9929395
2021-04-17,-807,d9386c00-bed2-41b0-ab50-1cf830c11f90,36.718584,-118.9929395
2021-04-18,-3542,d9386c00-bed2-41b0-ab50-1cf830c11f90,36.718584,-118.9929395
2021-04-19,-2309,d9386c00-bed2-41b0-ab50-1cf830c11f90,36.718584,-118.9929395
2021-04-20,-2480,d9386c00-bed2-41b0-ab50-1cf830c11f90,36.718584,-118.9929395
2021-04-21,-41,d9386c00-bed2-41b0-ab50-1cf830c11f90,36.718584,-118.9929395
2021-04-22,-846,d9386c00-bed2-41b0-ab50-1cf830c11f90,36.718584,-118.9929395
2021-04-23,-2939,d9386c00-bed2-41b0-ab50-1cf830c11f90,36.718584,-118.9929395
2021-04-24,740,d9386c00-bed2-41b0-ab50-1cf830c11f90,36.718584,-118.9929395
2021-04-25,6902,d9386c00-bed2-41b0-ab50-1cf830c11f90,36.718584,-118.9929395
2021-04-26,1775,d9386c00-bed2-41b0-ab50-1cf830c11f90,36.718584,-118.9929395
2021-04-27,-516,d9386c00-bed2-41b0-ab50-1cf830c11f90,36.718584,-118.9929395
2021-04-28,-2359,d9386c00-bed2-41b0-ab50-1cf830c11f90,36.718584,-118.9929395
2021-04-29,-1671,d9386c00-bed2-41b0-ab50-1cf830c11f90,36.718584,-118.9929395
2021-04-30,-3124,d9386c00-bed2-41b0-ab50-1cf830c11f90,36.718584,-118.9929395
2021-05-01,-1628,d9386c00-bed2-41b0-ab50-1cf830c11f90,36.718584,-118.9929395
2021-05-02,-3536,d9386c00-bed2-41b0-ab50-1cf830c11f90,36.718584,-118.9929395
2021-05-03,-1764,d9386c00-bed2-41b0-ab50-1cf830c11f90,36.718584,-118.9929395
2021-05-04,-3635,d9386c00-bed2-41b0-ab50-1cf830c11f90,36.718584,-118.9929395
2021-05-05,-2192,d9386c00-bed2-41b0-ab50-1cf830c11f90,36.718584,-118.9929395
2021-05-06,-2492,d9386c00-bed2-41b0-ab50-1cf830c11f90,36.718584,-118.9929395
2021-05-07,-2768,d9386c00-bed2-41b0-ab50-1cf830c11f90,36.718584,-118.9929395
2021-05-08,-2468,d9386c00-bed2-41b0-ab50-1cf830c11f90,36.718584,-118.9929395
2021-05-09,-2941,d9386c00-bed2-41b0-ab50-1cf830c11f90,36.718584,-118.9929395
2021-05-10,-1368,d9386c00-bed2-41b0-ab50-1cf830c11f90,36.718584,-118.9929395
2021-05-11,-3521,d9386c00-bed2-41b0-ab50-1cf830c11f90,36.718584,-118.9929395
2021-05-12,-2138,d9386c00-bed2-41b0-ab50-1cf830c11f90,36.718584,-118.9929395
2021-05-13,-3116,d9386c00-bed2-41b0-ab50-1cf830c11f90,36.718584,-118.9929395
2021-05-14,-2388,d9386c00-bed2-41b0-ab50-1cf830c11f90,36.718584,-118.9929395
2021-05-15,-2960,d9386c00-bed2-41b0-ab50-1cf830c11f90,36.718584,-118.9929395
2021-05-16,219,d9386c00-bed2-41b0-ab50-1cf830c11f90,36.718584,-118.9929395
2021-05-17,-882,d9386c00-bed2-41b0-ab50-1cf830c11f90,36.718584,-118.9929395
2021-05-18,-3419,d9386c00-bed2-41b0-ab50-1cf830c11f90,36.718584,-118.9929395
2021-05-19,-1380,d9386c00-bed2-41b0-ab50-1cf830c11f90,36.718584,-118.9929395
2021-05-20,-2887,d9386c00-bed2-41b0-ab50-1cf830c11f90,36.718584,-118.9929395
2021-05-21,294,d9386c00-bed2-41b0-ab50-1cf830c11f90,36.718584,-118.9929395
2021-05-22,10,d9386c00-bed2-41b0-ab50-1cf830c11f90,36.718584,-118.9929395
2021-05-23,-2098,d9386c00-bed2-41b0-ab50-1cf830c11f90,36.718584,-118.9929395
2021-05-24,-2385,d9386c00-bed2-41b0-ab50-1cf830c11f90,36.718584,-118.9929395
2021-05-25,-2808,d9386c00-bed2-41b0-ab50-1cf830c11f90,36.718584,-118.9929395
2021-05-26,-965,d9386c00-bed2-41b0-ab50-1cf830c11f90,36.718584,-118.9929395
2021-05-27,-3376,d9386c00-bed2-41b0-ab50-1cf830c11f90,36.718584,-118.9929395
2021-05-28,-1508,d9386c00-bed2-41b0-ab50-1cf830c11f90,36.718584,-118.9929395
2021-05-29,-3028,d9386c00-bed2-41b0-ab50-1cf830c11f90,36.718584,-118.9929395
2021-05-30,-2310,d9386c00-bed2-41b0-ab50-1cf830c11f90,36.718584,-118.9929395
2021-05-31,-2660,d9386c00-bed2-41b0-ab50-1cf830c11f90,36.718584,-118.9929395
2021-06-01,-2847,d9386c00-bed2-41b0-ab50-1cf830c11f90,36.718584,-118.9929395
2021-06-02,-2192,d9386c00-bed2-41b0-ab50-1cf830c11f90,36.718584,-118.9929395
2021-06-03,-3254,d9386c00-bed2-41b0-ab50-1cf830c11f90,36.718584,-118.9929395
2021-06-04,-1484,d9386c00-bed2-41b0-ab50-1cf830c11f90,36.718584,-118.9929395
2021-06-05,-3660,d9386c00-bed2-41b0-ab50-1cf830c11f90,36.718584,-118.9929395
2021-06-06,-1688,d9386c00-bed2-41b0-ab50-1cf830c11f90,36.718584,-118.9929395
2021-06-07,4591,d9386c00-bed2-41b0-ab50-1cf830c11f90,36.718584,-118.9929395
2021-06-08,-2539,d9386c00-bed2-41b0-ab50-1cf830c11f90,36.718584,-118.9929395
2021-06-09,-2300,d9386c00-bed2-41b0-ab50-1cf830c11f90,36.718584,-118.9929395
2021-06-10,-3049,d9386c00-bed2-41b0-ab50-1cf830c11f90,36.718584,-118.9929395
2021-06-11,-1450,d9386c00-bed2-41b0-ab50-1cf830c11f90,36.718584,-118.9929395
2021-06-12,-3690,d9386c00-bed2-41b0-ab50-1cf830c11f90,36.718584,-118.9929395
2021-06-13,-1902,d9386c00-bed2-41b0-ab50-1cf830c11f90,36.718584,-118.9929395
2021-06-14,-3094,d9386c00-bed2-41b0-ab50-1cf830c11f90,36.718584,-118.9929395
2021-06-15,-2628,d9386c00-bed2-41b0-ab50-1cf830c11f90,36.718584,-118.9929395
2021-06-16,-1117,d9386c00-bed2-41b0-ab50-1cf830c11f90,36.718584,-118.9929395
2021-06-17,-1285,d9386c00-bed2-41b0-ab50-1cf830c11f90,36.718584,-118.9929395
2021-06-18,-88,d9386c00-bed2-41b0-ab50-1cf830c11f90,36.718584,-118.9929395
2021-06-19,-3071,d9386c00-bed2-41b0-ab50-1cf830c11f90,36.718584,-118.9929395
2021-06-20,-438,d9386c00-bed2-41b0-ab50-1cf830c11f90,36.718584,-118.9929395
2021-06-21,-3803,d9386c00-bed2-41b0-ab50-1cf830c11f90,36.718584,-118.9929395
2021-06-22,-2495,d9386c00-bed2-41b0-ab50-1cf830c11f90,36.718584,-118.9929395
2021-06-23,-2849,d9386c00-bed2-41b0-ab50-1cf830c11f90,36.718584,-118.9929395
2021-06-24,-2917,d9386c00-bed2-41b0-ab50-1cf830c11f90,36.718584,-118.9929395
2021-06-25,-2281,d9386c00-bed2-41b0-ab50-1cf830c11f90,36.718584,-118.9929395
2021-06-26,-2877,d9386c00-bed2-41b0-ab50-1cf830c11f90,36.718584,-118.9929395
2021-06-27,-1543,d9386c00-bed2-41b0-ab50-1cf830c11f90,36.718584,-118.9929395
2021-06-28,-3651,d9386c00-bed2-41b0-ab50-1cf830c11f90,36.718584,-118.9929395
2021-06-29,-299,d9386c00-bed2-41b0-ab50-1cf830c11f90,36.718584,-118.9929395
2021-06-30,-886,d9386c00-bed2-41b0-ab50-1cf830c11f90,36.718584,-118.9929395
2021-07-01,-2179,d9386c00-bed2-41b0-ab50-1cf830c11f90,36.718584,-118.9929395
2021-07-02,-2974,d9386c00-bed2-41b0-ab50-1cf830c11f90,36.718584,-118.9929395
2021-07-03,-3139,d9386c00-bed2-41b0-ab50-1cf830c11f90,36.718584,-118.9929395
2021-07-04,-2048,d9386c00-bed2-41b0-ab50-1cf830c11f90,36.718584,-118.9929395
2021-07-05,-3450,d9386c00-bed2-41b0-ab50-1cf830c11f90,36.718584,-118.9929395
2021-07-06,-1512,d9386c00-bed2-41b0-ab50-1cf830c11f90,36.718584,-118.9929395
2021-07-07,-3647,d9386c00-bed2-41b0-ab50-1cf830c11f90,36.718584,-118.9929395
2021-07-08,-1576,d9386c00-bed2-41b0-ab50-1cf830c11f90,36.718584,-118.9929395
2021-07-09,-2731,d9386c00-bed2-41b0-ab50-1cf830c11f90,36.718584,-118.9929395
2021-07-10,-2571,d9386c00-bed2-41b0-ab50-1cf830c11f90,36.718584,-118.9929395
2021-07-11,-2096,d9386c00-bed2-41b0-ab50-1cf830c11f90,36.718584,-118.9929395
2021-07-12,-2818,d9386c00-bed2-41b0-ab50-1cf830c11f90,36.718584,-118.9929395
2021-07-13,-242,d9386c00-bed2-41b0-ab50-1cf830c11f90,36.718584,-118.9929395
2021-07-14,-3475,d9386c00-bed2-41b0-ab50-1cf830c11f90,36.718584,-118.9929395
2021-07-15,-1414,d9386c00-bed2-41b0-ab50-1cf830c11f90,36.718584,-118.9929395
2021-07-16,-3386,d9386c00-bed2-41b0-ab50-1cf830c11f90,36.718584,-118.9929395
2021-07-17,-1677,d9386c00-bed2-41b0-ab50-1cf830c11f90,36.718584,-118.9929395
2021-07-18,-848,d9386c00-bed2-41b0-ab50-1cf830c11f90,36.718584,-118.9929395
2021-07-19,-1197,d9386c00-bed2-41b0-ab50-1cf830c11f90,36.718584,-118.9929395
2021-07-20,-2239,d9386c00-bed2-41b0-ab50-1cf830c11f90,36.718584,-118.9929395
2021-07-21,-3562,d9386c00-bed2-41b0-ab50-1cf830c11f90,36.718584,-118.9929395
2021-07-22,-769,d9386c00-bed2-41b0-ab50-1cf830c11f90,36.718584,-118.9929395
2021-07-23,-3269,d9386c00-bed2-41b0-ab50-1cf830c11f90,36.718584,-118.9929395
2021-07-24,-1337,d9386c00-bed2-41b0-ab50-1cf830c11f90,36.718584,-118.9929395
2021-07-25,-2208,d9386c00-bed2-41b0-ab50-1cf830c11f90,36.718584,-118.9929395
2021-07-26,-532,d9386c00-bed2-41b0-ab50-1cf830c11f90,36.718584,-118.9929395
2021-07-27,-2702,d9386c00-bed2-41b0-ab50-1cf830c11f90,36.718584,-118.9929395
2021-07-28,-2701,d9386c00-bed2-41b0-ab50-1cf830c11f90,36.718584,-118.9929395
2021-07-29,-493,d9386c00-bed2-41b0-ab50-1cf830c11f90,36.718584,-118.9929395
2021-07-30,-2992,d9386c00-bed2-41b0-ab50-1cf830c11f90,36.718584,-118.9929395
2021-07-31,1150,d9386c00-bed2-41b0-ab50-1cf830c11f90,36.718584,-118.9929395
2021-08-01,-3520,d9386c00-bed2-41b0-ab50-1cf830c11f90,36.718584,-118.9929395
2021-08-02,-2409,d9386c00-bed2-41b0-ab50-1cf830c11f90,36.718584,-118.9929395
2021-08-03,-2616,d9386c00-bed2-41b0-ab50-1cf830c11f90,36.718584,-118.9929395
2021-08-04,-3080,d9386c00-bed2-41b0-ab50-1cf830c11f90,36.718584,-118.9929395
2021-08-05,-2452,d9386c00-bed2-41b0-ab50-1cf830c11f90,36.718584,-118.9929395
2021-08-06,-3395,d9386c00-bed2-41b0-ab50-1cf830c11f90,36.718584,-118.9929395
2021-08-07,-1685,d9386c00-bed2-41b0-ab50-1cf830c11f90,36.718584,-118.9929395
2021-08-08,-3280,d9386c00-bed2-41b0-ab50-1cf830c11f90,36.718584,-118.9929395
2021-08-09,-1023,d9386c00-bed2-41b0-ab50-1cf830c11f90,36.718584,-118.9929395
2021-08-10,-2874,d9386c00-bed2-41b0-ab50-1cf830c11f90,36.718584,-118.9929395
2021-08-11,-2567,d9386c00-bed2-41b0-ab50-1cf830c11f90,36.718584,-118.9929395
2021-08-12,-1585,d9386c00-bed2-41b0-ab50-1cf830c11f90,36.718584,-118.9929395
2021-08-13,-3069,d9386c00-bed2-41b0-ab50-1cf830c11f90,36.718584,-118.9929395
2021-08-14,-1303,d9386c00-bed2-41b0-ab50-1cf830c11f90,36.718584,-118.9929395
2021-08-15,-2998,d9386c00-bed2-41b0-ab50-1cf830c11f90,36.718584,-118.9929395
2021-08-16,1992,d9386c00-bed2-41b0-ab50-1cf830c11f90,36.718584,-118.9929395
2021-08-17,-3178,d9386c00-bed2-41b0-ab50-1cf830c11f90,36.718584,-118.9929395
2021-08-18,-2511,d9386c00-bed2-41b0-ab50-1cf830c11f90,36.718584,-118.9929395
2021-08-19,-1936,d9386c00-bed2-41b0-ab50-1cf830c11f90,36.718584,-118.9929395
2021-08-20,-220,d9386c00-bed2-41b0-ab50-1cf830c11f90,36.718584,-118.9929395
2021-08-21,-912,d9386c00-bed2-41b0-ab50-1cf830c11f90,36.718584,-118.9929395
2021-08-22,-2451,d9386c00-bed2-41b0-ab50-1cf830c11f90,36.718584,-118.9929395
2021-08-23,1105,d9386c00-bed2-41b0-ab50-1cf830c11f90,36.718584,-118.9929395
2021-08-24,-3638,d9386c00-bed2-41b0-ab50-1cf830c11f90,36.718584,-118.9929395
2021-08-25,-1792,d9386c00-bed2-41b0-ab50-1cf830c11f90,36.718584,-118.9929395
2021-08-26,-2962,d9386c00-bed2-41b0-ab50-1cf830c11f90,36.718584,-118.9929395
2021-08-27,-1709,d9386c00-bed2-41b0-ab50-1cf830c11f90,36.718584,-118.9929395
2021-08-28,-2059,d9386c00-bed2-41b0-ab50-1cf830c11f90,36.718584,-118.9929395
2021-08-29,-2629,d9386c00-bed2-41b0-ab50-1cf830c11f90,36.718584,-118.9929395
2021-08-30,-1341,d9386c00-bed2-41b0-ab50-1cf830c11f90,36.718584,-118.9929395
2021-08-31,-3485,d9386c00-bed2-41b0-ab50-1cf830c11f90,36.718584,-118.9929395
2021-09-01,-2196,d9386c00-bed2-41b0-ab50-1cf830c11f90,36.718584,-118.9929395
2021-09-02,-3343,d9386c00-bed2-41b0-ab50-1cf830c11f90,36.718584,-118.9929395
2021-09-03,-2489,d9386c00-bed2-41b0-ab50-1cf830c11f90,36.718584,-118.9929395
2021-09-04,-2386,d9386c00-bed2-41b0-ab50-1cf830c11f90,36.718584,-118.9929395
2021-09-05,-3299,d9386c00-bed2-41b0-ab50-1cf830c11f90,36.718584,-118.9929395
2021-09-06,-1595,d9386c00-bed2-41b0-ab50-1cf830c11f90,36.718584,-118.9929395
2021-09-07,-3284,d9386c00-bed2-41b0-ab50-1cf830c11f90,36.718584,-118.9929395
2021-09-08,-1588,d9386c00-bed2-41b0-ab50-1cf830c11f90,36.718584,-118.9929395
2021-09-09,-1701,d9386c00-bed2-41b0-ab50-1cf830c11f90,36.718584,-118.9929395
2021-09-10,-2294,d9386c00-bed2-41b0-ab50-1cf830c11f90,36.718584,-118.9929395
2021-09-11,-2547,d9386c00-bed2-41b0-ab50-1cf830c11f90,36.718584,-118.9929395
2021-09-12,-1826,d9386c00-bed2-41b0-ab50-1cf830c11f90,36.718584,-118.9929395
2021-09-13,-1719,d9386c00-bed2-41b0-ab50-1cf830c11f90,36.718584,-118.9929395
2021-09-14,2781,d9386c00-bed2-41b0-ab50-1cf830c11f90,36.718584,-118.9929395
2021-09-15,3844,d9386c00-bed2-41b0-ab50-1cf830c11f90,36.718584,-118.9929395
2021-09-16,-198,d9386c00-bed2-41b0-ab50-1cf830c11f90,36.718584,-118.9929395
2021-09-17,3609,d9386c00-bed2-41b0-ab50-1cf830c11f90,36.718584,-118.9929395
2021-09-18,-1136,d9386c00-bed2-41b0-ab50-1cf830c11f90,36.718584,-118.9929395
2021-09-19,-2165,d9386c00-bed2-41b0-ab50-1cf830c11f90,36.718584,-118.9929395
2021-09-20,739,d9386c00-bed2-41b0-ab50-1cf830c11f90,36.718584,-118.9929395
2021-09-21,3628,d9386c00-bed2-41b0-ab50-1cf830c11f90,36.718584,-118.9929395
2021-09-23,-2668,d9386c00-bed2-41b0-ab50-1cf830c11f90,36.718584,-118.9929395
2021-09-24,4079,d9386c00-bed2-41b0-ab50-1cf830c11f90,36.718584,-118.9929395
2021-09-25,1316,d9386c00-bed2-41b0-ab50-1cf830c11f90,36.718584,-118.9929395
2021-09-26,1892,d9386c00-bed2-41b0-ab50-1cf830c11f90,36.718584,-118.9929395
2021-09-27,-1163,d9386c00-bed2-41b0-ab50-1cf830c11f90,36.718584,-118.9929395
2021-09-28,30,d9386c00-bed2-41b0-ab50-1cf830c11f90,36.718584,-118.9929395
2021-09-29,-512,d9386c00-bed2-41b0-ab50-1cf830c11f90,36.718584,-118.9929395
2021-09-30,-1511,d9386c00-bed2-41b0-ab50-1cf830c11f90,36.718584,-118.9929395
2021-10-01,3487,d9386c00-bed2-41b0-ab50-1cf830c11f90,36.718584,-118.9929395
2021-10-02,2851,d9386c00-bed2-41b0-ab50-1cf830c11f90,36.718584,-118.9929395
2021-10-03,3633,d9386c00-bed2-41b0-ab50-1cf830c11f90,36.718584,-118.9929395
2021-10-04,2591,d9386c00-bed2-41b0-ab50-1cf830c11f90,36.718584,-118.9929395
2021-10-05,3910,d9386c00-bed2-41b0-ab50-1cf830c11f90,36.718584,-118.9929395
2021-10-06,699,d9386c00-bed2-41b0-ab50-1cf830c11f90,36.718584,-118.9929395
2021-10-07,2978,d9386c00-bed2-41b0-ab50-1cf830c11f90,36.718584,-118.9929395
2021-10-08,3896,d9386c00-bed2-41b0-ab50-1cf830c11f90,36.718584,-118.9929395
2021-10-09,-379,d9386c00-bed2-41b0-ab50-1cf830c11f90,36.718584,-118.9929395
2021-10-10,-327,d9386c00-bed2-41b0-ab50-1cf830c11f90,36.718584,-118.9929395
2021-10-11,2034,d9386c00-bed2-41b0-ab50-1cf830c11f90,36.718584,-118.9929395
2021-10-12,-984,d9386c00-bed2-41b0-ab50-1cf830c11f90,36.718584,-118.9929395
2021-10-13,-2095,d9386c00-bed2-41b0-ab50-1cf830c11f90,36.718584,-118.9929395
2021-10-14,-1944,d9386c00-bed2-41b0-ab50-1cf830c11f90,36.718584,-118.9929395
2021-10-15,-2150,d9386c00-bed2-41b0-ab50-1cf830c11f90,36.718584,-118.9929395
2021-10-16,-2453,d9386c00-bed2-41b0-ab50-1cf830c11f90,36.718584,-118.9929395
2021-10-17,158,d9386c00-bed2-41b0-ab50-1cf830c11f90,36.718584,-118.9929395
2021-10-18,-2053,d9386c00-bed2-41b0-ab50-1cf830c11f90,36.718584,-118.9929395
2021-10-19,-1622,d9386c00-bed2-41b0-ab50-1cf830c11f90,36.718584,-118.9929395
2021-10-20,-2344,d9386c00-bed2-41b0-ab50-1cf830c11f90,36.718584,-118.9929395
2021-10-21,-1416,d9386c00-bed2-41b0-ab50-1cf830c11f90,36.718584,-118.9929395
2021-10-22,-2310,d9386c00-bed2-41b0-ab50-1cf830c11f90,36.718584,-118.9929395
2021-10-23,1509,d9386c00-bed2-41b0-ab50-1cf830c11f90,36.718584,-118.9929395
2021-10-24,3863,d9386c00-bed2-41b0-ab50-1cf830c11f90,36.718584,-118.9929395
2021-10-25,4802,d9386c00-bed2-41b0-ab50-1cf830c11f90,36.718584,-118.9929395
2021-10-26,964,d9386c00-bed2-41b0-ab50-1cf830c11f90,36.718584,-118.9929395
2021-10-27,-2697,d9386c00-bed2-41b0-ab50-1cf830c11f90,36.718584,-118.9929395
2021-10-28,-1941,d9386c00-bed2-41b0-ab50-1cf830c11f90,36.718584,-118.9929395
2021-10-29,-2785,d9386c00-bed2-41b0-ab50-1cf830c11f90,36.718584,-118.9929395
2021-10-30,-1458,d9386c00-bed2-41b0-ab50-1cf830c11f90,36.718584,-118.9929395
2021-10-31,-597,d9386c00-bed2-41b0-ab50-1cf830c11f90,36.718584,-118.9929395
2021-11-01,2132,d9386c00-bed2-41b0-ab50-1cf830c11f90,36.718584,-118.9929395
2021-11-02,-931,d9386c00-bed2-41b0-ab50-1cf830c11f90,36.718584,-118.9929395
2021-11-03,-3137,d9386c00-bed2-41b0-ab50-1cf830c11f90,36.718584,-118.9929395
2021-11-04,-1831,d9386c00-bed2-41b0-ab50-1cf830c11f90,36.718584,-118.9929395
2021-11-05,-3177,d9386c00-bed2-41b0-ab50-1cf830c11f90,36.718584,-118.9929395
2021-11-06,-2404,d9386c00-bed2-41b0-ab50-1cf830c11f90,36.718584,-118.9929395
2021-11-07,766,d9386c00-bed2-41b0-ab50-1cf830c11f90,36.718584,-118.9929395
2021-11-08,1106,d9386c00-bed2-41b0-ab50-1cf830c11f90,36.718584,-118.9929395
2021-11-09,323,d9386c00-bed2-41b0-ab50-1cf830c11f90,36.718584,-118.9929395
2021-11-10,-2013,d9386c00-bed2-41b0-ab50-1cf830c11f90,36.718584,-118.9929395
2021-11-11,-962,d9386c00-bed2-41b0-ab50-1cf830c11f90,36.718584,-118.9929395
2021-11-12,-2684,d9386c00-bed2-41b0-ab50-1cf830c11f90,36.718584,-118.9929395
2021-11-13,-2400,d9386c00-bed2-41b0-ab50-1cf830c11f90,36.718584,-118.9929395
2021-11-14,-2921,d9386c00-bed2-41b0-ab50-1cf830c11f90,36.718584,-118.9929395
2021-11-15,591,d9386c00-bed2-41b0-ab50-1cf830c11f90,36.718584,-118.9929395
2021-11-16,-2140,d9386c00-bed2-41b0-ab50-1cf830c11f90,36.718584,-118.9929395
2021-11-17,-2611,d9386c00-bed2-41b0-ab50-1cf830c11f90,36.718584,-118.9929395
2021-11-18,139,d9386c00-bed2-41b0-ab50-1cf830c11f90,36.718584,-118.9929395
2021-11-19,-2097,d9386c00-bed2-41b0-ab50-1cf830c11f90,36.718584,-118.9929395
2021-11-20,-592,d9386c00-bed2-41b0-ab50-1cf830c11f90,36.718584,-118.9929395
2021-11-21,-2491,d9386c00-bed2-41b0-ab50-1cf830c11f90,36.718584,-118.9929395
2021-11-22,-2587,d9386c00-bed2-41b0-ab50-1cf830c11f90,36.718584,-118.9929395
2021-11-23,-2085,d9386c00-bed2-41b0-ab50-1cf830c11f90,36.718584,-118.9929395
2021-11-24,-2651,d9386c00-bed2-41b0-ab50-1cf830c11f90,36.718584,-118.9929395
2021-11-25,-2007,d9386c00-bed2-41b0-ab50-1cf830c11f90,36.718584,-118.9929395
2021-11-26,-1391,d9386c00-bed2-41b0-ab50-1cf830c11f90,36.718584,-118.9929395
2021-11-27,-992,d9386c00-bed2-41b0-ab50-1cf830c11f90,36.718584,-118.9929395
2021-11-28,-3052,d9386c00-bed2-41b0-ab50-1cf830c11f90,36.718584,-118.9929395
2021-11-29,-1886,d9386c00-bed2-41b0-ab50-1cf830c11f90,36.718584,-118.9929395
2021-11-30,-2263,d9386c00-bed2-41b0-ab50-1cf830c11f90,36.718584,-118.9929395
2021-12-01,-2137,d9386c00-bed2-41b0-ab50-1cf830c11f90,36.718584,-118.9929395
2021-12-02,-1056,d9386c00-bed2-41b0-ab50-1cf830c11f90,36.718584,-118.9929395
2021-12-03,-1772,d9386c00-bed2-41b0-ab50-1cf830c11f90,36.718584,-118.9929395
2021-12-04,-240,d9386c00-bed2-41b0-ab50-1cf830c11f90,36.718584,-118.9929395
2021-12-05,-2503,d9386c00-bed2-41b0-ab50-1cf830c11f90,36.718584,-118.9929395
2021-12-06,1991,d9386c00-bed2-41b0-ab50-1cf830c11f90,36.718584,-118.9929395
2021-12-07,-2371,d9386c00-bed2-41b0-ab50-1cf830c11f90,36.718584,-118.9929395
2021-12-08,-1991,d9386c00-bed2-41b0-ab50-1cf830c11f90,36.718584,-118.9929395
2021-12-09,2960,d9386c00-bed2-41b0-ab50-1cf830c11f90,36.718584,-118.9929395
2021-12-10,4387,d9386c00-bed2-41b0-ab50-1cf830c11f90,36.718584,-118.9929395
2021-12-11,-180,d9386c00-bed2-41b0-ab50-1cf830c11f90,36.718584,-118.9929395
2021-12-12,-295,d9386c00-bed2-41b0-ab50-1cf830c11f90,36.718584,-118.9929395
2021-12-13,7341,d9386c00-bed2-41b0-ab50-1cf830c11f90,36.718584,-118.9929395
2021-12-14,4464,d9386c00-bed2-41b0-ab50-1cf830c11f90,36.718584,-118.9929395
2021-12-15,7043,d9386c00-bed2-41b0-ab50-1cf830c11f90,36.718584,-118.9929395
2021-12-16,2709,d9386c00-bed2-41b0-ab50-1cf830c11f90,36.718584,-118.9929395
2021-12-17,1702,d9386c00-bed2-41b0-ab50-1cf830c11f90,36.718584,-118.9929395
2021-12-18,139,d9386c00-bed2-41b0-ab50-1cf830c11f90,36.718584,-118.9929395
2021-12-19,2369,d9386c00-bed2-41b0-ab50-1cf830c11f90,36.718584,-118.9929395
2021-12-20,1160,d9386c00-bed2-41b0-ab50-1cf830c11f90,36.718584,-118.9929395
2021-12-21,1283,d9386c00-bed2-41b0-ab50-1cf830c11f90,36.718584,-118.9929395
2021-12-22,754,d9386c00-bed2-41b0-ab50-1cf830c11f90,36.718584,-118.9929395
2021-12-23,4962,d9386c00-bed2-41b0-ab50-1cf830c11f90,36.718584,-118.9929395
2021-12-24,1044,d9386c00-bed2-41b0-ab50-1cf830c11f90,36.718584,-118.9929395
2021-12-25,448,d9386c00-bed2-41b0-ab50-1cf830c11f90,36.718584,-118.9929395
2021-12-26,3780,d9386c00-bed2-41b0-ab50-1cf830c11f90,36.718584,-118.9929395
2021-12-27,3656,d9386c00-bed2-41b0-ab50-1cf830c11f90,36.718584,-118.9929395
2021-12-28,2514,d9386c00-bed2-41b0-ab50-1cf830c11f90,36.718584,-118.9929395
2021-12-29,1334,d9386c00-bed2-41b0-ab50-1cf830c11f90,36.718584,-118.9929395
2021-12-30,5473,d9386c00-bed2-41b0-ab50-1cf830c11f90,36.718584,-118.9929395
