date,s1_grd_vv,cell_id,latitude,longitude
2015-03-26 01:09:31,-7.385631159158739,a58c907a-7fe0-4eef-a5a8-3f8ea37bbc9c,37.3496295,-107.9167115
2016-03-08 01:09:31,-10.874706514863998,a58c907a-7fe0-4eef-a5a8-3f8ea37bbc9c,37.3496295,-107.9167115
2016-08-23 01:09:42,-10.411787385650442,a58c907a-7fe0-4eef-a5a8-3f8ea37bbc9c,37.3496295,-107.9167115
2017-02-07 01:09:30,-8.394934833219924,a58c907a-7fe0-4eef-a5a8-3f8ea37bbc9c,37.3496295,-107.9167115
2017-02-19 13:10:16,-15.887758976790336,a58c907a-7fe0-4eef-a5a8-3f8ea37bbc9c,37.3496295,-107.9167115
2017-02-24 13:18:17,-12.539894906268946,a58c907a-7fe0-4eef-a5a8-3f8ea37bbc9c,37.3496295,-107.9167115
2017-03-03 13:10:16,-11.472277166238058,a58c907a-7fe0-4eef-a5a8-3f8ea37bbc9c,37.3496295,-107.9167115
2017-03-08 13:18:17,-9.460864576351986,a58c907a-7fe0-4eef-a5a8-3f8ea37bbc9c,37.3496295,-107.9167115
2017-03-15 13:10:16,-15.176327151489604,a58c907a-7fe0-4eef-a5a8-3f8ea37bbc9c,37.3496295,-107.9167115
2017-03-20 13:18:17,-12.936074941102952,a58c907a-7fe0-4eef-a5a8-3f8ea37bbc9c,37.3496295,-107.9167115
2017-03-27 13:10:17,-12.163304293916113,a58c907a-7fe0-4eef-a5a8-3f8ea37bbc9c,37.3496295,-107.9167115
2017-04-01 13:18:17,-12.755022688698464,a58c907a-7fe0-4eef-a5a8-3f8ea37bbc9c,37.3496295,-107.9167115
2017-04-08 13:10:17,-13.971106842754432,a58c907a-7fe0-4eef-a5a8-3f8ea37bbc9c,37.3496295,-107.9167115
2017-04-13 13:18:18,-12.175806576789368,a58c907a-7fe0-4eef-a5a8-3f8ea37bbc9c,37.3496295,-107.9167115
2017-04-20 13:10:18,-14.163038129021006,a58c907a-7fe0-4eef-a5a8-3f8ea37bbc9c,37.3496295,-107.9167115
2017-04-25 13:18:18,-13.557192816826374,a58c907a-7fe0-4eef-a5a8-3f8ea37bbc9c,37.3496295,-107.9167115
2017-05-02 13:10:18,-13.330136523268983,a58c907a-7fe0-4eef-a5a8-3f8ea37bbc9c,37.3496295,-107.9167115
2017-05-07 13:18:19,-13.165579702201388,a58c907a-7fe0-4eef-a5a8-3f8ea37bbc9c,37.3496295,-107.9167115
2017-05-14 13:10:19,-11.039896258025454,a58c907a-7fe0-4eef-a5a8-3f8ea37bbc9c,37.3496295,-107.9167115
2017-05-19 13:18:20,-13.10982415919809,a58c907a-7fe0-4eef-a5a8-3f8ea37bbc9c,37.3496295,-107.9167115
2017-05-26 13:10:19,-11.122783720276374,a58c907a-7fe0-4eef-a5a8-3f8ea37bbc9c,37.3496295,-107.9167115
2017-05-31 13:18:20,-16.057983987830454,a58c907a-7fe0-4eef-a5a8-3f8ea37bbc9c,37.3496295,-107.9167115
2017-06-07 13:10:20,-9.330216472759925,a58c907a-7fe0-4eef-a5a8-3f8ea37bbc9c,37.3496295,-107.9167115
2017-06-12 13:18:21,-13.699853516482161,a58c907a-7fe0-4eef-a5a8-3f8ea37bbc9c,37.3496295,-107.9167115
2017-06-19 13:10:21,-12.572215587155606,a58c907a-7fe0-4eef-a5a8-3f8ea37bbc9c,37.3496295,-107.9167115
2017-06-24 13:18:22,-13.174689585567135,a58c907a-7fe0-4eef-a5a8-3f8ea37bbc9c,37.3496295,-107.9167115
2017-07-01 13:10:22,-12.426681841070561,a58c907a-7fe0-4eef-a5a8-3f8ea37bbc9c,37.3496295,-107.9167115
2017-07-06 13:18:22,-8.453515052366303,a58c907a-7fe0-4eef-a5a8-3f8ea37bbc9c,37.3496295,-107.9167115
2017-07-13 13:10:22,-12.721327866646083,a58c907a-7fe0-4eef-a5a8-3f8ea37bbc9c,37.3496295,-107.9167115
2017-07-18 13:18:23,-10.711850894270396,a58c907a-7fe0-4eef-a5a8-3f8ea37bbc9c,37.3496295,-107.9167115
2017-07-25 13:10:23,-8.039360212507885,a58c907a-7fe0-4eef-a5a8-3f8ea37bbc9c,37.3496295,-107.9167115
2017-07-30 13:18:24,-9.594637888749276,a58c907a-7fe0-4eef-a5a8-3f8ea37bbc9c,37.3496295,-107.9167115
2017-08-06 13:10:24,-10.437137746793434,a58c907a-7fe0-4eef-a5a8-3f8ea37bbc9c,37.3496295,-107.9167115
2017-08-11 13:18:25,-7.507416117285941,a58c907a-7fe0-4eef-a5a8-3f8ea37bbc9c,37.3496295,-107.9167115
2017-08-18 13:10:24,-11.200949555553098,a58c907a-7fe0-4eef-a5a8-3f8ea37bbc9c,37.3496295,-107.9167115
2017-08-23 13:18:25,-10.734154476378565,a58c907a-7fe0-4eef-a5a8-3f8ea37bbc9c,37.3496295,-107.9167115
2017-08-30 13:10:25,-11.14146514069121,a58c907a-7fe0-4eef-a5a8-3f8ea37bbc9c,37.3496295,-107.9167115
2017-09-04 13:18:26,-11.7941530658385,a58c907a-7fe0-4eef-a5a8-3f8ea37bbc9c,37.3496295,-107.9167115
2017-09-11 13:10:25,-11.063649630536752,a58c907a-7fe0-4eef-a5a8-3f8ea37bbc9c,37.3496295,-107.9167115
2017-09-16 13:18:26,-11.137866733917626,a58c907a-7fe0-4eef-a5a8-3f8ea37bbc9c,37.3496295,-107.9167115
2017-09-23 13:10:26,-9.388706994263302,a58c907a-7fe0-4eef-a5a8-3f8ea37bbc9c,37.3496295,-107.9167115
2017-09-28 13:18:26,-10.60651469734873,a58c907a-7fe0-4eef-a5a8-3f8ea37bbc9c,37.3496295,-107.9167115
2017-10-05 13:10:26,-12.829636205551465,a58c907a-7fe0-4eef-a5a8-3f8ea37bbc9c,37.3496295,-107.9167115
2017-10-10 13:18:27,-10.978785113014153,a58c907a-7fe0-4eef-a5a8-3f8ea37bbc9c,37.3496295,-107.9167115
2017-10-17 13:10:26,-12.347354654502407,a58c907a-7fe0-4eef-a5a8-3f8ea37bbc9c,37.3496295,-107.9167115
2017-10-22 13:18:27,-9.399163421873991,a58c907a-7fe0-4eef-a5a8-3f8ea37bbc9c,37.3496295,-107.9167115
2017-10-29 13:10:26,-12.923412070017136,a58c907a-7fe0-4eef-a5a8-3f8ea37bbc9c,37.3496295,-107.9167115
2017-11-03 13:18:27,-11.09862606168367,a58c907a-7fe0-4eef-a5a8-3f8ea37bbc9c,37.3496295,-107.9167115
2017-11-10 13:10:26,-10.725678251780032,a58c907a-7fe0-4eef-a5a8-3f8ea37bbc9c,37.3496295,-107.9167115
2017-11-15 13:18:26,-9.93547327867934,a58c907a-7fe0-4eef-a5a8-3f8ea37bbc9c,37.3496295,-107.9167115
2017-11-22 13:10:26,-12.144039822354912,a58c907a-7fe0-4eef-a5a8-3f8ea37bbc9c,37.3496295,-107.9167115
2017-11-27 13:18:26,-8.601396828320087,a58c907a-7fe0-4eef-a5a8-3f8ea37bbc9c,37.3496295,-107.9167115
2017-12-04 13:10:25,-11.113706805158152,a58c907a-7fe0-4eef-a5a8-3f8ea37bbc9c,37.3496295,-107.9167115
2017-12-09 13:18:26,-10.760083341615296,a58c907a-7fe0-4eef-a5a8-3f8ea37bbc9c,37.3496295,-107.9167115
2017-12-16 13:10:25,-13.151090150749154,a58c907a-7fe0-4eef-a5a8-3f8ea37bbc9c,37.3496295,-107.9167115
2017-12-21 13:18:25,-9.546375471388602,a58c907a-7fe0-4eef-a5a8-3f8ea37bbc9c,37.3496295,-107.9167115
2017-12-28 13:10:24,-10.92600469978894,a58c907a-7fe0-4eef-a5a8-3f8ea37bbc9c,37.3496295,-107.9167115
2018-01-02 13:18:25,-11.340762987010024,a58c907a-7fe0-4eef-a5a8-3f8ea37bbc9c,37.3496295,-107.9167115
2018-01-09 13:10:24,-11.596409073247514,a58c907a-7fe0-4eef-a5a8-3f8ea37bbc9c,37.3496295,-107.9167115
2018-01-14 13:18:24,-12.643073037268724,a58c907a-7fe0-4eef-a5a8-3f8ea37bbc9c,37.3496295,-107.9167115
2018-01-21 13:10:23,-12.493266930960656,a58c907a-7fe0-4eef-a5a8-3f8ea37bbc9c,37.3496295,-107.9167115
2018-01-26 13:18:24,-14.554582678768105,a58c907a-7fe0-4eef-a5a8-3f8ea37bbc9c,37.3496295,-107.9167115
2018-02-02 13:10:23,-9.731241338019812,a58c907a-7fe0-4eef-a5a8-3f8ea37bbc9c,37.3496295,-107.9167115
2018-02-07 13:18:24,-13.099714630273258,a58c907a-7fe0-4eef-a5a8-3f8ea37bbc9c,37.3496295,-107.9167115
2018-02-14 13:10:23,-10.768355156598089,a58c907a-7fe0-4eef-a5a8-3f8ea37bbc9c,37.3496295,-107.9167115
2018-02-19 13:18:23,-10.155386724537184,a58c907a-7fe0-4eef-a5a8-3f8ea37bbc9c,37.3496295,-107.9167115
2018-02-26 13:10:23,-13.605850548723717,a58c907a-7fe0-4eef-a5a8-3f8ea37bbc9c,37.3496295,-107.9167115
2018-03-03 13:18:23,-9.225689226095893,a58c907a-7fe0-4eef-a5a8-3f8ea37bbc9c,37.3496295,-107.9167115
2018-03-10 13:10:23,-12.083408921912124,a58c907a-7fe0-4eef-a5a8-3f8ea37bbc9c,37.3496295,-107.9167115
2018-03-15 13:18:24,-9.64607436849885,a58c907a-7fe0-4eef-a5a8-3f8ea37bbc9c,37.3496295,-107.9167115
2018-03-22 13:10:23,-13.124326602542386,a58c907a-7fe0-4eef-a5a8-3f8ea37bbc9c,37.3496295,-107.9167115
2018-03-27 13:18:24,-11.645692808037438,a58c907a-7fe0-4eef-a5a8-3f8ea37bbc9c,37.3496295,-107.9167115
2018-04-03 13:10:23,-12.88833071747765,a58c907a-7fe0-4eef-a5a8-3f8ea37bbc9c,37.3496295,-107.9167115
2018-04-08 13:18:24,-9.689171816846384,a58c907a-7fe0-4eef-a5a8-3f8ea37bbc9c,37.3496295,-107.9167115
2018-04-15 13:10:24,-13.218819067686468,a58c907a-7fe0-4eef-a5a8-3f8ea37bbc9c,37.3496295,-107.9167115
2018-04-20 13:18:25,-11.294757267187403,a58c907a-7fe0-4eef-a5a8-3f8ea37bbc9c,37.3496295,-107.9167115
2018-04-27 13:10:24,-14.38045962662637,a58c907a-7fe0-4eef-a5a8-3f8ea37bbc9c,37.3496295,-107.9167115
2018-05-02 13:18:25,-8.543194655009843,a58c907a-7fe0-4eef-a5a8-3f8ea37bbc9c,37.3496295,-107.9167115
2018-05-09 13:10:25,-11.906077904334232,a58c907a-7fe0-4eef-a5a8-3f8ea37bbc9c,37.3496295,-107.9167115
2018-05-14 13:18:26,-12.1199892860453,a58c907a-7fe0-4eef-a5a8-3f8ea37bbc9c,37.3496295,-107.9167115
2018-05-21 13:10:26,-12.298081681160333,a58c907a-7fe0-4eef-a5a8-3f8ea37bbc9c,37.3496295,-107.9167115
2018-05-26 13:18:26,-11.418362372369717,a58c907a-7fe0-4eef-a5a8-3f8ea37bbc9c,37.3496295,-107.9167115
2018-06-02 13:10:26,-8.81535597804684,a58c907a-7fe0-4eef-a5a8-3f8ea37bbc9c,37.3496295,-107.9167115
2018-06-07 13:18:27,-15.559835571729195,a58c907a-7fe0-4eef-a5a8-3f8ea37bbc9c,37.3496295,-107.9167115
2018-06-14 13:10:27,-11.215930360466047,a58c907a-7fe0-4eef-a5a8-3f8ea37bbc9c,37.3496295,-107.9167115
2018-06-19 13:18:28,-14.138489269982584,a58c907a-7fe0-4eef-a5a8-3f8ea37bbc9c,37.3496295,-107.9167115
2018-06-26 13:10:28,-15.30320322694964,a58c907a-7fe0-4eef-a5a8-3f8ea37bbc9c,37.3496295,-107.9167115
2018-07-01 13:18:29,-12.470379956754606,a58c907a-7fe0-4eef-a5a8-3f8ea37bbc9c,37.3496295,-107.9167115
2018-07-08 13:10:28,-13.859829730850787,a58c907a-7fe0-4eef-a5a8-3f8ea37bbc9c,37.3496295,-107.9167115
2018-07-13 13:18:29,-13.22567605499393,a58c907a-7fe0-4eef-a5a8-3f8ea37bbc9c,37.3496295,-107.9167115
2018-07-20 13:10:29,-14.406724982888335,a58c907a-7fe0-4eef-a5a8-3f8ea37bbc9c,37.3496295,-107.9167115
2018-07-25 13:18:30,-13.157551060132366,a58c907a-7fe0-4eef-a5a8-3f8ea37bbc9c,37.3496295,-107.9167115
2018-08-01 13:10:30,-14.942907289514253,a58c907a-7fe0-4eef-a5a8-3f8ea37bbc9c,37.3496295,-107.9167115
2018-08-06 13:18:31,-12.143994761950694,a58c907a-7fe0-4eef-a5a8-3f8ea37bbc9c,37.3496295,-107.9167115
2018-08-13 13:10:10,-12.261795125569186,a58c907a-7fe0-4eef-a5a8-3f8ea37bbc9c,37.3496295,-107.9167115
2018-08-18 13:18:31,-14.65099274207585,a58c907a-7fe0-4eef-a5a8-3f8ea37bbc9c,37.3496295,-107.9167115
2018-08-25 13:10:11,-14.29474542335996,a58c907a-7fe0-4eef-a5a8-3f8ea37bbc9c,37.3496295,-107.9167115
2018-08-30 13:18:32,-15.462444818526382,a58c907a-7fe0-4eef-a5a8-3f8ea37bbc9c,37.3496295,-107.9167115
2018-09-06 13:10:12,-12.082134843258498,a58c907a-7fe0-4eef-a5a8-3f8ea37bbc9c,37.3496295,-107.9167115
2018-09-11 13:18:33,-12.648480239245432,a58c907a-7fe0-4eef-a5a8-3f8ea37bbc9c,37.3496295,-107.9167115
2018-09-18 13:10:12,-12.419165823895229,a58c907a-7fe0-4eef-a5a8-3f8ea37bbc9c,37.3496295,-107.9167115
2018-09-23 13:18:33,-12.226428358552312,a58c907a-7fe0-4eef-a5a8-3f8ea37bbc9c,37.3496295,-107.9167115
2018-09-30 13:10:12,-11.15429329089393,a58c907a-7fe0-4eef-a5a8-3f8ea37bbc9c,37.3496295,-107.9167115
2018-10-05 13:18:33,-10.059769425612844,a58c907a-7fe0-4eef-a5a8-3f8ea37bbc9c,37.3496295,-107.9167115
2018-10-12 13:10:12,-10.983667692461221,a58c907a-7fe0-4eef-a5a8-3f8ea37bbc9c,37.3496295,-107.9167115
2018-10-17 13:18:33,-5.981085127666344,a58c907a-7fe0-4eef-a5a8-3f8ea37bbc9c,37.3496295,-107.9167115
2018-10-24 13:10:12,-12.98331623111277,a58c907a-7fe0-4eef-a5a8-3f8ea37bbc9c,37.3496295,-107.9167115
2018-10-29 13:18:33,-11.591558187039547,a58c907a-7fe0-4eef-a5a8-3f8ea37bbc9c,37.3496295,-107.9167115
2018-11-05 13:10:12,-12.28313198263587,a58c907a-7fe0-4eef-a5a8-3f8ea37bbc9c,37.3496295,-107.9167115
2018-11-10 13:18:33,-14.032636877041984,a58c907a-7fe0-4eef-a5a8-3f8ea37bbc9c,37.3496295,-107.9167115
2018-11-17 13:10:12,-15.681381155761205,a58c907a-7fe0-4eef-a5a8-3f8ea37bbc9c,37.3496295,-107.9167115
2018-11-22 13:18:33,-12.233486880198157,a58c907a-7fe0-4eef-a5a8-3f8ea37bbc9c,37.3496295,-107.9167115
2018-11-29 13:10:11,-14.533202668926608,a58c907a-7fe0-4eef-a5a8-3f8ea37bbc9c,37.3496295,-107.9167115
2018-12-04 13:18:33,-12.60552403942251,a58c907a-7fe0-4eef-a5a8-3f8ea37bbc9c,37.3496295,-107.9167115
2018-12-11 13:10:11,-14.296494627535658,a58c907a-7fe0-4eef-a5a8-3f8ea37bbc9c,37.3496295,-107.9167115
2018-12-16 13:18:32,-14.2311417962783,a58c907a-7fe0-4eef-a5a8-3f8ea37bbc9c,37.3496295,-107.9167115
2018-12-23 13:10:11,-15.254155165955725,a58c907a-7fe0-4eef-a5a8-3f8ea37bbc9c,37.3496295,-107.9167115
2018-12-28 13:18:32,-10.49481595906824,a58c907a-7fe0-4eef-a5a8-3f8ea37bbc9c,37.3496295,-107.9167115
2019-01-04 13:10:10,-13.087431210541077,a58c907a-7fe0-4eef-a5a8-3f8ea37bbc9c,37.3496295,-107.9167115
2019-01-09 13:18:31,-8.965845008710797,a58c907a-7fe0-4eef-a5a8-3f8ea37bbc9c,37.3496295,-107.9167115
2019-01-16 13:10:10,-7.721658369708574,a58c907a-7fe0-4eef-a5a8-3f8ea37bbc9c,37.3496295,-107.9167115
2019-01-21 13:18:31,-11.06924986179279,a58c907a-7fe0-4eef-a5a8-3f8ea37bbc9c,37.3496295,-107.9167115
2019-01-28 13:10:10,-9.847454697061082,a58c907a-7fe0-4eef-a5a8-3f8ea37bbc9c,37.3496295,-107.9167115
2019-02-02 13:18:30,-9.122705556959911,a58c907a-7fe0-4eef-a5a8-3f8ea37bbc9c,37.3496295,-107.9167115
2019-02-09 13:10:09,-9.235502156316173,a58c907a-7fe0-4eef-a5a8-3f8ea37bbc9c,37.3496295,-107.9167115
2019-02-14 13:18:30,-10.11888654043642,a58c907a-7fe0-4eef-a5a8-3f8ea37bbc9c,37.3496295,-107.9167115
2019-02-21 13:10:09,-7.419448254876398,a58c907a-7fe0-4eef-a5a8-3f8ea37bbc9c,37.3496295,-107.9167115
2019-02-26 13:18:30,-5.151371770333221,a58c907a-7fe0-4eef-a5a8-3f8ea37bbc9c,37.3496295,-107.9167115
2019-03-05 13:10:09,-11.546790262380357,a58c907a-7fe0-4eef-a5a8-3f8ea37bbc9c,37.3496295,-107.9167115
2019-03-10 13:18:30,-11.745625163126698,a58c907a-7fe0-4eef-a5a8-3f8ea37bbc9c,37.3496295,-107.9167115
2019-03-17 13:10:09,-12.474889401646006,a58c907a-7fe0-4eef-a5a8-3f8ea37bbc9c,37.3496295,-107.9167115
2019-03-22 13:18:30,-11.289605926749019,a58c907a-7fe0-4eef-a5a8-3f8ea37bbc9c,37.3496295,-107.9167115
2019-03-29 13:10:09,-13.114788159191717,a58c907a-7fe0-4eef-a5a8-3f8ea37bbc9c,37.3496295,-107.9167115
2019-04-03 13:18:30,-10.305793052119284,a58c907a-7fe0-4eef-a5a8-3f8ea37bbc9c,37.3496295,-107.9167115
2019-04-10 13:10:09,-9.177055279322428,a58c907a-7fe0-4eef-a5a8-3f8ea37bbc9c,37.3496295,-107.9167115
2019-04-15 13:18:31,-8.219430410673835,a58c907a-7fe0-4eef-a5a8-3f8ea37bbc9c,37.3496295,-107.9167115
2019-04-22 13:10:10,-7.946097126722586,a58c907a-7fe0-4eef-a5a8-3f8ea37bbc9c,37.3496295,-107.9167115
2019-04-27 13:18:31,-8.293026775323716,a58c907a-7fe0-4eef-a5a8-3f8ea37bbc9c,37.3496295,-107.9167115
2019-05-04 13:10:10,-10.52479757945065,a58c907a-7fe0-4eef-a5a8-3f8ea37bbc9c,37.3496295,-107.9167115
2019-05-09 13:18:32,-10.865458469512586,a58c907a-7fe0-4eef-a5a8-3f8ea37bbc9c,37.3496295,-107.9167115
2019-05-16 13:10:11,-10.454997639253131,a58c907a-7fe0-4eef-a5a8-3f8ea37bbc9c,37.3496295,-107.9167115
2019-05-21 13:18:32,-7.580113113198222,a58c907a-7fe0-4eef-a5a8-3f8ea37bbc9c,37.3496295,-107.9167115
2019-05-28 13:10:12,-14.199951231560188,a58c907a-7fe0-4eef-a5a8-3f8ea37bbc9c,37.3496295,-107.9167115
2019-06-02 13:18:33,-8.674100825291909,a58c907a-7fe0-4eef-a5a8-3f8ea37bbc9c,37.3496295,-107.9167115
2019-06-09 13:10:12,-11.996317958525173,a58c907a-7fe0-4eef-a5a8-3f8ea37bbc9c,37.3496295,-107.9167115
2019-06-14 13:18:33,-9.552733267930511,a58c907a-7fe0-4eef-a5a8-3f8ea37bbc9c,37.3496295,-107.9167115
2019-06-21 13:10:13,-12.420190483287959,a58c907a-7fe0-4eef-a5a8-3f8ea37bbc9c,37.3496295,-107.9167115
2019-06-26 13:18:34,-6.098307175870459,a58c907a-7fe0-4eef-a5a8-3f8ea37bbc9c,37.3496295,-107.9167115
2019-07-03 13:10:14,-12.169561468142698,a58c907a-7fe0-4eef-a5a8-3f8ea37bbc9c,37.3496295,-107.9167115
2019-07-08 13:18:35,-7.973483956144296,a58c907a-7fe0-4eef-a5a8-3f8ea37bbc9c,37.3496295,-107.9167115
2019-07-15 13:10:14,-9.582712532389984,a58c907a-7fe0-4eef-a5a8-3f8ea37bbc9c,37.3496295,-107.9167115
2019-07-20 13:18:36,-11.03977132669762,a58c907a-7fe0-4eef-a5a8-3f8ea37bbc9c,37.3496295,-107.9167115
2019-07-27 13:10:15,-14.34606996907138,a58c907a-7fe0-4eef-a5a8-3f8ea37bbc9c,37.3496295,-107.9167115
2019-08-01 13:18:36,-11.15162904002762,a58c907a-7fe0-4eef-a5a8-3f8ea37bbc9c,37.3496295,-107.9167115
2019-08-08 13:10:33,-12.225289331819598,a58c907a-7fe0-4eef-a5a8-3f8ea37bbc9c,37.3496295,-107.9167115
2019-08-13 13:18:38,-12.195061559154635,a58c907a-7fe0-4eef-a5a8-3f8ea37bbc9c,37.3496295,-107.9167115
2019-08-20 13:10:34,-10.507713304218736,a58c907a-7fe0-4eef-a5a8-3f8ea37bbc9c,37.3496295,-107.9167115
2019-08-25 13:18:38,-7.933917212548062,a58c907a-7fe0-4eef-a5a8-3f8ea37bbc9c,37.3496295,-107.9167115
2019-09-01 13:10:35,-11.123582059921763,a58c907a-7fe0-4eef-a5a8-3f8ea37bbc9c,37.3496295,-107.9167115
2019-09-06 13:18:39,-9.955789506522406,a58c907a-7fe0-4eef-a5a8-3f8ea37bbc9c,37.3496295,-107.9167115
2019-09-13 13:10:35,-10.688650650735223,a58c907a-7fe0-4eef-a5a8-3f8ea37bbc9c,37.3496295,-107.9167115
2019-09-18 13:18:39,-9.32407990306383,a58c907a-7fe0-4eef-a5a8-3f8ea37bbc9c,37.3496295,-107.9167115
2019-09-25 13:10:36,-11.586292281386763,a58c907a-7fe0-4eef-a5a8-3f8ea37bbc9c,37.3496295,-107.9167115
2019-09-30 13:18:40,-10.208374151451808,a58c907a-7fe0-4eef-a5a8-3f8ea37bbc9c,37.3496295,-107.9167115
2019-10-07 13:10:36,-13.23704063695017,a58c907a-7fe0-4eef-a5a8-3f8ea37bbc9c,37.3496295,-107.9167115
2019-10-12 13:18:40,-10.216465337993515,a58c907a-7fe0-4eef-a5a8-3f8ea37bbc9c,37.3496295,-107.9167115
2019-10-19 13:10:36,-10.918206856492638,a58c907a-7fe0-4eef-a5a8-3f8ea37bbc9c,37.3496295,-107.9167115
2019-10-24 13:18:39,-12.49335885428042,a58c907a-7fe0-4eef-a5a8-3f8ea37bbc9c,37.3496295,-107.9167115
2019-10-31 13:10:36,-13.696914915746898,a58c907a-7fe0-4eef-a5a8-3f8ea37bbc9c,37.3496295,-107.9167115
2019-11-05 13:18:40,-11.408627478387064,a58c907a-7fe0-4eef-a5a8-3f8ea37bbc9c,37.3496295,-107.9167115
2019-11-12 13:10:36,-12.653492983790983,a58c907a-7fe0-4eef-a5a8-3f8ea37bbc9c,37.3496295,-107.9167115
2019-11-17 13:18:40,-10.758185258271164,a58c907a-7fe0-4eef-a5a8-3f8ea37bbc9c,37.3496295,-107.9167115
2019-11-24 13:10:36,-12.651767896707407,a58c907a-7fe0-4eef-a5a8-3f8ea37bbc9c,37.3496295,-107.9167115
2019-11-29 13:18:39,-8.87641083461474,a58c907a-7fe0-4eef-a5a8-3f8ea37bbc9c,37.3496295,-107.9167115
2019-12-06 13:10:35,-10.664416696681776,a58c907a-7fe0-4eef-a5a8-3f8ea37bbc9c,37.3496295,-107.9167115
2019-12-11 13:18:39,-6.574399711245535,a58c907a-7fe0-4eef-a5a8-3f8ea37bbc9c,37.3496295,-107.9167115
2019-12-18 13:10:35,-9.152958544073503,a58c907a-7fe0-4eef-a5a8-3f8ea37bbc9c,37.3496295,-107.9167115
2019-12-23 13:18:38,-10.741396011912977,a58c907a-7fe0-4eef-a5a8-3f8ea37bbc9c,37.3496295,-107.9167115
2019-12-30 13:10:34,-10.512349706106397,a58c907a-7fe0-4eef-a5a8-3f8ea37bbc9c,37.3496295,-107.9167115
2020-01-04 13:18:38,-10.45840388218664,a58c907a-7fe0-4eef-a5a8-3f8ea37bbc9c,37.3496295,-107.9167115
2020-01-11 13:10:34,-11.118248233009659,a58c907a-7fe0-4eef-a5a8-3f8ea37bbc9c,37.3496295,-107.9167115
2020-01-16 13:18:37,-7.579197965762557,a58c907a-7fe0-4eef-a5a8-3f8ea37bbc9c,37.3496295,-107.9167115
2020-01-23 13:10:33,-12.594700130158976,a58c907a-7fe0-4eef-a5a8-3f8ea37bbc9c,37.3496295,-107.9167115
2020-01-28 13:18:37,-10.497097823283399,a58c907a-7fe0-4eef-a5a8-3f8ea37bbc9c,37.3496295,-107.9167115
2020-02-04 13:10:33,-11.217449578880116,a58c907a-7fe0-4eef-a5a8-3f8ea37bbc9c,37.3496295,-107.9167115
2020-02-09 13:18:36,-9.1496826545307,a58c907a-7fe0-4eef-a5a8-3f8ea37bbc9c,37.3496295,-107.9167115
2020-02-16 13:10:33,-12.156473463022088,a58c907a-7fe0-4eef-a5a8-3f8ea37bbc9c,37.3496295,-107.9167115
2020-02-21 13:18:36,-8.084124235322887,a58c907a-7fe0-4eef-a5a8-3f8ea37bbc9c,37.3496295,-107.9167115
2020-02-28 13:10:32,-9.801548875512356,a58c907a-7fe0-4eef-a5a8-3f8ea37bbc9c,37.3496295,-107.9167115
2020-03-04 13:18:36,-10.880578836728322,a58c907a-7fe0-4eef-a5a8-3f8ea37bbc9c,37.3496295,-107.9167115
2020-03-11 13:10:32,-12.147378508250766,a58c907a-7fe0-4eef-a5a8-3f8ea37bbc9c,37.3496295,-107.9167115
2020-03-16 13:18:36,-11.07125071970388,a58c907a-7fe0-4eef-a5a8-3f8ea37bbc9c,37.3496295,-107.9167115
2020-03-23 13:10:33,-9.754580358553476,a58c907a-7fe0-4eef-a5a8-3f8ea37bbc9c,37.3496295,-107.9167115
2020-03-28 13:18:36,-15.079164715914334,a58c907a-7fe0-4eef-a5a8-3f8ea37bbc9c,37.3496295,-107.9167115
2020-04-04 13:10:33,-13.39920993095495,a58c907a-7fe0-4eef-a5a8-3f8ea37bbc9c,37.3496295,-107.9167115
2020-04-09 13:18:37,-11.088872603439608,a58c907a-7fe0-4eef-a5a8-3f8ea37bbc9c,37.3496295,-107.9167115
2020-04-16 13:10:33,-13.26121950558079,a58c907a-7fe0-4eef-a5a8-3f8ea37bbc9c,37.3496295,-107.9167115
2020-04-21 13:18:37,-9.336525862607193,a58c907a-7fe0-4eef-a5a8-3f8ea37bbc9c,37.3496295,-107.9167115
2020-04-28 13:10:34,-12.878262177758995,a58c907a-7fe0-4eef-a5a8-3f8ea37bbc9c,37.3496295,-107.9167115
2020-05-03 13:18:38,-13.46194474148004,a58c907a-7fe0-4eef-a5a8-3f8ea37bbc9c,37.3496295,-107.9167115
2020-05-10 13:10:34,-11.876180947030242,a58c907a-7fe0-4eef-a5a8-3f8ea37bbc9c,37.3496295,-107.9167115
2020-05-15 13:18:39,-11.545419226572328,a58c907a-7fe0-4eef-a5a8-3f8ea37bbc9c,37.3496295,-107.9167115
2020-05-22 13:10:35,-11.899375286410166,a58c907a-7fe0-4eef-a5a8-3f8ea37bbc9c,37.3496295,-107.9167115
2020-05-27 13:18:39,-10.099196119277746,a58c907a-7fe0-4eef-a5a8-3f8ea37bbc9c,37.3496295,-107.9167115
2020-06-03 13:10:36,-13.240728195276489,a58c907a-7fe0-4eef-a5a8-3f8ea37bbc9c,37.3496295,-107.9167115
2020-06-08 13:18:40,-10.708765267800601,a58c907a-7fe0-4eef-a5a8-3f8ea37bbc9c,37.3496295,-107.9167115
2020-06-15 13:10:37,-9.297047280206346,a58c907a-7fe0-4eef-a5a8-3f8ea37bbc9c,37.3496295,-107.9167115
2020-06-20 13:18:41,-13.451497499622732,a58c907a-7fe0-4eef-a5a8-3f8ea37bbc9c,37.3496295,-107.9167115
2020-06-27 13:10:37,-13.322098151569987,a58c907a-7fe0-4eef-a5a8-3f8ea37bbc9c,37.3496295,-107.9167115
2020-07-02 13:18:41,-12.092504279562474,a58c907a-7fe0-4eef-a5a8-3f8ea37bbc9c,37.3496295,-107.9167115
2020-07-09 13:10:38,-14.30495608146725,a58c907a-7fe0-4eef-a5a8-3f8ea37bbc9c,37.3496295,-107.9167115
2020-07-14 13:18:42,-12.424342714748416,a58c907a-7fe0-4eef-a5a8-3f8ea37bbc9c,37.3496295,-107.9167115
2020-07-21 13:10:39,-12.244169455064046,a58c907a-7fe0-4eef-a5a8-3f8ea37bbc9c,37.3496295,-107.9167115
2020-07-26 13:18:43,-9.155372930112767,a58c907a-7fe0-4eef-a5a8-3f8ea37bbc9c,37.3496295,-107.9167115
2020-08-02 13:10:40,-10.05280049503896,a58c907a-7fe0-4eef-a5a8-3f8ea37bbc9c,37.3496295,-107.9167115
2020-08-07 13:18:43,-9.481309815707853,a58c907a-7fe0-4eef-a5a8-3f8ea37bbc9c,37.3496295,-107.9167115
2020-08-14 13:10:40,-9.962899885024319,a58c907a-7fe0-4eef-a5a8-3f8ea37bbc9c,37.3496295,-107.9167115
2020-08-19 13:18:44,-12.731823089310135,a58c907a-7fe0-4eef-a5a8-3f8ea37bbc9c,37.3496295,-107.9167115
2020-08-26 13:10:41,-10.371911729920534,a58c907a-7fe0-4eef-a5a8-3f8ea37bbc9c,37.3496295,-107.9167115
2020-08-31 13:18:45,-11.492608972068814,a58c907a-7fe0-4eef-a5a8-3f8ea37bbc9c,37.3496295,-107.9167115
2020-09-07 13:10:41,-11.29014025273989,a58c907a-7fe0-4eef-a5a8-3f8ea37bbc9c,37.3496295,-107.9167115
2020-09-12 13:18:45,-11.493042919917551,a58c907a-7fe0-4eef-a5a8-3f8ea37bbc9c,37.3496295,-107.9167115
2020-09-19 13:10:42,-14.793198958364206,a58c907a-7fe0-4eef-a5a8-3f8ea37bbc9c,37.3496295,-107.9167115
2020-09-24 13:18:46,-11.287554151115163,a58c907a-7fe0-4eef-a5a8-3f8ea37bbc9c,37.3496295,-107.9167115
2020-10-01 13:10:42,-13.73323739821862,a58c907a-7fe0-4eef-a5a8-3f8ea37bbc9c,37.3496295,-107.9167115
2020-10-06 13:18:46,-13.680559809278453,a58c907a-7fe0-4eef-a5a8-3f8ea37bbc9c,37.3496295,-107.9167115
2020-10-13 13:10:42,-10.537186758690904,a58c907a-7fe0-4eef-a5a8-3f8ea37bbc9c,37.3496295,-107.9167115
2020-10-18 13:18:46,-9.697990185207265,a58c907a-7fe0-4eef-a5a8-3f8ea37bbc9c,37.3496295,-107.9167115
2020-10-25 13:10:42,-11.30843968936322,a58c907a-7fe0-4eef-a5a8-3f8ea37bbc9c,37.3496295,-107.9167115
2020-10-30 13:18:46,-10.284445822614279,a58c907a-7fe0-4eef-a5a8-3f8ea37bbc9c,37.3496295,-107.9167115
2020-11-06 13:10:42,-14.434466852263368,a58c907a-7fe0-4eef-a5a8-3f8ea37bbc9c,37.3496295,-107.9167115
2020-11-11 13:18:46,-14.082027739450755,a58c907a-7fe0-4eef-a5a8-3f8ea37bbc9c,37.3496295,-107.9167115
2020-11-18 13:10:42,-11.82495445526265,a58c907a-7fe0-4eef-a5a8-3f8ea37bbc9c,37.3496295,-107.9167115
2020-11-23 13:18:45,-11.503406200916706,a58c907a-7fe0-4eef-a5a8-3f8ea37bbc9c,37.3496295,-107.9167115
2020-11-30 13:10:41,-14.720501886040482,a58c907a-7fe0-4eef-a5a8-3f8ea37bbc9c,37.3496295,-107.9167115
2020-12-05 13:18:45,-14.30511051506654,a58c907a-7fe0-4eef-a5a8-3f8ea37bbc9c,37.3496295,-107.9167115
2020-12-12 13:10:41,-14.099612475668371,a58c907a-7fe0-4eef-a5a8-3f8ea37bbc9c,37.3496295,-107.9167115
2020-12-17 13:18:45,-10.897630262191502,a58c907a-7fe0-4eef-a5a8-3f8ea37bbc9c,37.3496295,-107.9167115
2020-12-24 13:10:40,-10.517305620482333,a58c907a-7fe0-4eef-a5a8-3f8ea37bbc9c,37.3496295,-107.9167115
2020-12-29 13:18:44,-12.275899533824221,a58c907a-7fe0-4eef-a5a8-3f8ea37bbc9c,37.3496295,-107.9167115
2021-01-05 13:10:40,-11.892933098998082,a58c907a-7fe0-4eef-a5a8-3f8ea37bbc9c,37.3496295,-107.9167115
2021-01-10 13:18:43,-11.997809801177603,a58c907a-7fe0-4eef-a5a8-3f8ea37bbc9c,37.3496295,-107.9167115
2021-01-17 13:10:39,-13.606386314263307,a58c907a-7fe0-4eef-a5a8-3f8ea37bbc9c,37.3496295,-107.9167115
2021-01-22 13:18:43,-12.230451240016452,a58c907a-7fe0-4eef-a5a8-3f8ea37bbc9c,37.3496295,-107.9167115
2021-01-29 13:10:39,-14.447423042868795,a58c907a-7fe0-4eef-a5a8-3f8ea37bbc9c,37.3496295,-107.9167115
2021-02-03 13:18:43,-12.333906321685769,a58c907a-7fe0-4eef-a5a8-3f8ea37bbc9c,37.3496295,-107.9167115
2021-02-10 13:10:39,-10.529976097746141,a58c907a-7fe0-4eef-a5a8-3f8ea37bbc9c,37.3496295,-107.9167115
2021-02-15 13:18:42,-9.398262740367619,a58c907a-7fe0-4eef-a5a8-3f8ea37bbc9c,37.3496295,-107.9167115
2021-02-22 13:10:38,-14.032179128429732,a58c907a-7fe0-4eef-a5a8-3f8ea37bbc9c,37.3496295,-107.9167115
2021-02-27 13:18:42,-11.556780739897013,a58c907a-7fe0-4eef-a5a8-3f8ea37bbc9c,37.3496295,-107.9167115
2021-03-06 13:10:38,-11.236998168586203,a58c907a-7fe0-4eef-a5a8-3f8ea37bbc9c,37.3496295,-107.9167115
2021-03-11 13:18:42,-11.610462165171516,a58c907a-7fe0-4eef-a5a8-3f8ea37bbc9c,37.3496295,-107.9167115
2021-03-18 13:10:38,-14.136419238211957,a58c907a-7fe0-4eef-a5a8-3f8ea37bbc9c,37.3496295,-107.9167115
2021-03-23 13:18:42,-13.259135316227527,a58c907a-7fe0-4eef-a5a8-3f8ea37bbc9c,37.3496295,-107.9167115
2021-03-30 13:10:39,-11.32521121480809,a58c907a-7fe0-4eef-a5a8-3f8ea37bbc9c,37.3496295,-107.9167115
2021-04-04 13:18:43,-11.51767247270171,a58c907a-7fe0-4eef-a5a8-3f8ea37bbc9c,37.3496295,-107.9167115
2021-04-11 13:10:39,-12.35111288059098,a58c907a-7fe0-4eef-a5a8-3f8ea37bbc9c,37.3496295,-107.9167115
2021-04-16 13:18:43,-12.379584315120475,a58c907a-7fe0-4eef-a5a8-3f8ea37bbc9c,37.3496295,-107.9167115
2021-04-23 13:10:40,-12.035173097257939,a58c907a-7fe0-4eef-a5a8-3f8ea37bbc9c,37.3496295,-107.9167115
2021-04-28 13:18:43,-12.49437760982683,a58c907a-7fe0-4eef-a5a8-3f8ea37bbc9c,37.3496295,-107.9167115
2021-05-05 13:10:40,-10.26262135411973,a58c907a-7fe0-4eef-a5a8-3f8ea37bbc9c,37.3496295,-107.9167115
2021-05-10 13:18:44,-9.599868748421338,a58c907a-7fe0-4eef-a5a8-3f8ea37bbc9c,37.3496295,-107.9167115
2021-05-17 13:10:41,-12.893358005422373,a58c907a-7fe0-4eef-a5a8-3f8ea37bbc9c,37.3496295,-107.9167115
2021-05-22 13:18:45,-11.414945767185822,a58c907a-7fe0-4eef-a5a8-3f8ea37bbc9c,37.3496295,-107.9167115
2021-05-29 13:10:41,-10.73296605009882,a58c907a-7fe0-4eef-a5a8-3f8ea37bbc9c,37.3496295,-107.9167115
2021-06-03 13:18:45,-11.960461965775059,a58c907a-7fe0-4eef-a5a8-3f8ea37bbc9c,37.3496295,-107.9167115
2021-06-10 13:10:42,-9.650276483685692,a58c907a-7fe0-4eef-a5a8-3f8ea37bbc9c,37.3496295,-107.9167115
2021-06-15 13:18:46,-10.362288080841239,a58c907a-7fe0-4eef-a5a8-3f8ea37bbc9c,37.3496295,-107.9167115
2021-06-22 13:10:43,-11.558900763689577,a58c907a-7fe0-4eef-a5a8-3f8ea37bbc9c,37.3496295,-107.9167115
2021-06-27 13:18:47,-8.873945377913076,a58c907a-7fe0-4eef-a5a8-3f8ea37bbc9c,37.3496295,-107.9167115
2021-07-04 13:10:44,-11.370179197680862,a58c907a-7fe0-4eef-a5a8-3f8ea37bbc9c,37.3496295,-107.9167115
2021-07-09 13:18:48,-11.635866105006393,a58c907a-7fe0-4eef-a5a8-3f8ea37bbc9c,37.3496295,-107.9167115
2021-07-16 13:10:44,-11.996993862210658,a58c907a-7fe0-4eef-a5a8-3f8ea37bbc9c,37.3496295,-107.9167115
2021-07-21 13:18:48,-12.048639610033035,a58c907a-7fe0-4eef-a5a8-3f8ea37bbc9c,37.3496295,-107.9167115
2021-07-28 13:10:45,-10.961422928895395,a58c907a-7fe0-4eef-a5a8-3f8ea37bbc9c,37.3496295,-107.9167115
2021-08-02 13:18:49,-8.303656358358289,a58c907a-7fe0-4eef-a5a8-3f8ea37bbc9c,37.3496295,-107.9167115
2021-08-09 13:10:46,-7.999618303975682,a58c907a-7fe0-4eef-a5a8-3f8ea37bbc9c,37.3496295,-107.9167115
2021-08-14 13:18:50,-11.420236369136855,a58c907a-7fe0-4eef-a5a8-3f8ea37bbc9c,37.3496295,-107.9167115
2021-08-21 13:10:46,-15.940069350196229,a58c907a-7fe0-4eef-a5a8-3f8ea37bbc9c,37.3496295,-107.9167115
2021-08-26 13:18:50,-12.807467698806757,a58c907a-7fe0-4eef-a5a8-3f8ea37bbc9c,37.3496295,-107.9167115
2021-09-02 13:10:47,-9.824273949187662,a58c907a-7fe0-4eef-a5a8-3f8ea37bbc9c,37.3496295,-107.9167115
2021-09-07 13:18:51,-13.37267385922865,a58c907a-7fe0-4eef-a5a8-3f8ea37bbc9c,37.3496295,-107.9167115
2021-09-14 13:10:47,-13.031757597363393,a58c907a-7fe0-4eef-a5a8-3f8ea37bbc9c,37.3496295,-107.9167115
2021-09-19 13:18:51,-9.699133914260692,a58c907a-7fe0-4eef-a5a8-3f8ea37bbc9c,37.3496295,-107.9167115
2021-09-26 13:10:48,-13.07478253161046,a58c907a-7fe0-4eef-a5a8-3f8ea37bbc9c,37.3496295,-107.9167115
2021-10-01 13:18:52,-10.54704998887881,a58c907a-7fe0-4eef-a5a8-3f8ea37bbc9c,37.3496295,-107.9167115
2021-10-08 13:10:48,-11.85770264047731,a58c907a-7fe0-4eef-a5a8-3f8ea37bbc9c,37.3496295,-107.9167115
2021-10-13 13:18:52,-9.872633773055865,a58c907a-7fe0-4eef-a5a8-3f8ea37bbc9c,37.3496295,-107.9167115
2021-10-20 13:10:48,-12.249088008263513,a58c907a-7fe0-4eef-a5a8-3f8ea37bbc9c,37.3496295,-107.9167115
2021-10-25 13:18:52,-15.302386147273042,a58c907a-7fe0-4eef-a5a8-3f8ea37bbc9c,37.3496295,-107.9167115
2021-11-01 13:10:48,-12.907671805053697,a58c907a-7fe0-4eef-a5a8-3f8ea37bbc9c,37.3496295,-107.9167115
2021-11-06 13:18:52,-12.149534640183383,a58c907a-7fe0-4eef-a5a8-3f8ea37bbc9c,37.3496295,-107.9167115
2021-11-13 13:10:48,-15.068788701529245,a58c907a-7fe0-4eef-a5a8-3f8ea37bbc9c,37.3496295,-107.9167115
2021-11-18 13:18:51,-13.524258230300486,a58c907a-7fe0-4eef-a5a8-3f8ea37bbc9c,37.3496295,-107.9167115
2021-11-25 13:10:47,-15.489990331936099,a58c907a-7fe0-4eef-a5a8-3f8ea37bbc9c,37.3496295,-107.9167115
2021-11-30 13:18:51,-13.831600251084591,a58c907a-7fe0-4eef-a5a8-3f8ea37bbc9c,37.3496295,-107.9167115
2021-12-07 13:10:47,-14.429496263145424,a58c907a-7fe0-4eef-a5a8-3f8ea37bbc9c,37.3496295,-107.9167115
2021-12-12 13:18:50,-11.65074085382531,a58c907a-7fe0-4eef-a5a8-3f8ea37bbc9c,37.3496295,-107.9167115
2021-12-19 13:10:46,-14.053648949083538,a58c907a-7fe0-4eef-a5a8-3f8ea37bbc9c,37.3496295,-107.9167115
2021-12-24 13:18:50,-8.525836446207455,a58c907a-7fe0-4eef-a5a8-3f8ea37bbc9c,37.3496295,-107.9167115
2014-10-09 01:09:33,-12.486827089618428,a58c907a-7fe0-4eef-a5a8-3f8ea37bbc9c,37.3496295,-107.9167115
2014-10-14 13:17:59,-9.707373799807218,a58c907a-7fe0-4eef-a5a8-3f8ea37bbc9c,37.3496295,-107.9167115
2014-10-21 13:09:55,-12.050831277602976,a58c907a-7fe0-4eef-a5a8-3f8ea37bbc9c,37.3496295,-107.9167115
2014-11-07 13:17:59,-7.751709662985807,a58c907a-7fe0-4eef-a5a8-3f8ea37bbc9c,37.3496295,-107.9167115
2014-11-14 13:09:55,-12.935977561755609,a58c907a-7fe0-4eef-a5a8-3f8ea37bbc9c,37.3496295,-107.9167115
2014-11-26 01:09:33,-9.301713104386593,a58c907a-7fe0-4eef-a5a8-3f8ea37bbc9c,37.3496295,-107.9167115
2014-12-01 13:17:58,-10.806920089648347,a58c907a-7fe0-4eef-a5a8-3f8ea37bbc9c,37.3496295,-107.9167115
2014-12-08 13:09:54,-10.423949936509656,a58c907a-7fe0-4eef-a5a8-3f8ea37bbc9c,37.3496295,-107.9167115
2014-12-20 01:09:32,-12.935726008855543,a58c907a-7fe0-4eef-a5a8-3f8ea37bbc9c,37.3496295,-107.9167115
2014-12-25 13:17:57,-10.309873977630309,a58c907a-7fe0-4eef-a5a8-3f8ea37bbc9c,37.3496295,-107.9167115
2015-01-01 13:09:53,-15.990145900653044,a58c907a-7fe0-4eef-a5a8-3f8ea37bbc9c,37.3496295,-107.9167115
2015-01-13 01:09:31,-11.928719057565619,a58c907a-7fe0-4eef-a5a8-3f8ea37bbc9c,37.3496295,-107.9167115
2015-01-18 13:17:57,-12.709204118007378,a58c907a-7fe0-4eef-a5a8-3f8ea37bbc9c,37.3496295,-107.9167115
2015-02-06 01:09:30,-11.104013385970966,a58c907a-7fe0-4eef-a5a8-3f8ea37bbc9c,37.3496295,-107.9167115
2015-02-11 13:17:56,-9.305501714373275,a58c907a-7fe0-4eef-a5a8-3f8ea37bbc9c,37.3496295,-107.9167115
2015-02-18 13:09:52,-15.796431976424799,a58c907a-7fe0-4eef-a5a8-3f8ea37bbc9c,37.3496295,-107.9167115
2015-03-02 13:09:52,-10.507848603491922,a58c907a-7fe0-4eef-a5a8-3f8ea37bbc9c,37.3496295,-107.9167115
2015-03-07 13:17:56,-11.170720387079434,a58c907a-7fe0-4eef-a5a8-3f8ea37bbc9c,37.3496295,-107.9167115
2015-03-14 01:09:31,-10.358785203485569,a58c907a-7fe0-4eef-a5a8-3f8ea37bbc9c,37.3496295,-107.9167115
2015-03-26 13:09:53,-14.86856692742271,a58c907a-7fe0-4eef-a5a8-3f8ea37bbc9c,37.3496295,-107.9167115
2015-03-31 13:17:57,-9.194990494424971,a58c907a-7fe0-4eef-a5a8-3f8ea37bbc9c,37.3496295,-107.9167115
2015-04-07 01:09:31,-6.621578523372079,a58c907a-7fe0-4eef-a5a8-3f8ea37bbc9c,37.3496295,-107.9167115
2015-04-24 13:17:58,-9.541418742175416,a58c907a-7fe0-4eef-a5a8-3f8ea37bbc9c,37.3496295,-107.9167115
2015-05-01 01:09:33,-10.151038258549875,a58c907a-7fe0-4eef-a5a8-3f8ea37bbc9c,37.3496295,-107.9167115
2015-05-13 13:09:55,-8.804204847310906,a58c907a-7fe0-4eef-a5a8-3f8ea37bbc9c,37.3496295,-107.9167115
2015-05-18 13:17:59,-11.916046795285688,a58c907a-7fe0-4eef-a5a8-3f8ea37bbc9c,37.3496295,-107.9167115
2015-05-25 01:09:34,-4.553748846391344,a58c907a-7fe0-4eef-a5a8-3f8ea37bbc9c,37.3496295,-107.9167115
2015-06-06 13:09:57,-7.674722601365075,a58c907a-7fe0-4eef-a5a8-3f8ea37bbc9c,37.3496295,-107.9167115
2015-06-11 13:18:01,-11.060136989556536,a58c907a-7fe0-4eef-a5a8-3f8ea37bbc9c,37.3496295,-107.9167115
2015-06-30 13:09:58,-9.563660612198072,a58c907a-7fe0-4eef-a5a8-3f8ea37bbc9c,37.3496295,-107.9167115
2015-07-05 13:18:01,-8.385368674323324,a58c907a-7fe0-4eef-a5a8-3f8ea37bbc9c,37.3496295,-107.9167115
2015-07-12 01:09:36,-11.858638764060208,a58c907a-7fe0-4eef-a5a8-3f8ea37bbc9c,37.3496295,-107.9167115
2015-07-24 13:09:59,-11.770702948077346,a58c907a-7fe0-4eef-a5a8-3f8ea37bbc9c,37.3496295,-107.9167115
2015-07-29 13:18:03,-10.244517614163207,a58c907a-7fe0-4eef-a5a8-3f8ea37bbc9c,37.3496295,-107.9167115
2015-08-17 13:10:00,-9.676063012217895,a58c907a-7fe0-4eef-a5a8-3f8ea37bbc9c,37.3496295,-107.9167115
2015-08-22 13:18:04,-10.541155019002897,a58c907a-7fe0-4eef-a5a8-3f8ea37bbc9c,37.3496295,-107.9167115
2015-09-10 13:10:01,-9.890553745770717,a58c907a-7fe0-4eef-a5a8-3f8ea37bbc9c,37.3496295,-107.9167115
2015-10-04 13:10:01,-13.57446506534403,a58c907a-7fe0-4eef-a5a8-3f8ea37bbc9c,37.3496295,-107.9167115
2015-10-09 13:18:05,-12.005473368653607,a58c907a-7fe0-4eef-a5a8-3f8ea37bbc9c,37.3496295,-107.9167115
2015-10-28 13:10:01,-8.442641609774915,a58c907a-7fe0-4eef-a5a8-3f8ea37bbc9c,37.3496295,-107.9167115
2015-11-02 13:18:05,-12.441392510469287,a58c907a-7fe0-4eef-a5a8-3f8ea37bbc9c,37.3496295,-107.9167115
2015-11-21 13:09:55,-11.554740448680207,a58c907a-7fe0-4eef-a5a8-3f8ea37bbc9c,37.3496295,-107.9167115
2015-11-26 13:17:59,-13.16068228420762,a58c907a-7fe0-4eef-a5a8-3f8ea37bbc9c,37.3496295,-107.9167115
2015-12-15 13:09:55,-12.625266580932738,a58c907a-7fe0-4eef-a5a8-3f8ea37bbc9c,37.3496295,-107.9167115
2015-12-20 13:17:58,-10.275473422776582,a58c907a-7fe0-4eef-a5a8-3f8ea37bbc9c,37.3496295,-107.9167115
2016-01-08 13:09:54,-12.27178189393892,a58c907a-7fe0-4eef-a5a8-3f8ea37bbc9c,37.3496295,-107.9167115
2016-01-13 13:17:58,-10.7425518024085,a58c907a-7fe0-4eef-a5a8-3f8ea37bbc9c,37.3496295,-107.9167115
2016-01-20 01:09:45,-13.106530546525963,a58c907a-7fe0-4eef-a5a8-3f8ea37bbc9c,37.3496295,-107.9167115
2016-02-01 13:09:53,-10.940140803908582,a58c907a-7fe0-4eef-a5a8-3f8ea37bbc9c,37.3496295,-107.9167115
2016-02-01 13:09:53,-11.247279293104011,a58c907a-7fe0-4eef-a5a8-3f8ea37bbc9c,37.3496295,-107.9167115
2016-02-06 13:17:57,-8.370766864201999,a58c907a-7fe0-4eef-a5a8-3f8ea37bbc9c,37.3496295,-107.9167115
2016-02-13 01:09:31,-9.953626801599597,a58c907a-7fe0-4eef-a5a8-3f8ea37bbc9c,37.3496295,-107.9167115
2016-02-25 13:09:53,-13.23930525624214,a58c907a-7fe0-4eef-a5a8-3f8ea37bbc9c,37.3496295,-107.9167115
2016-03-01 13:17:57,-11.422718629335334,a58c907a-7fe0-4eef-a5a8-3f8ea37bbc9c,37.3496295,-107.9167115
2016-03-20 13:09:53,-14.190671632142188,a58c907a-7fe0-4eef-a5a8-3f8ea37bbc9c,37.3496295,-107.9167115
2016-04-13 13:09:54,-14.8426280700334,a58c907a-7fe0-4eef-a5a8-3f8ea37bbc9c,37.3496295,-107.9167115
2016-04-18 13:17:58,-7.431749407893817,a58c907a-7fe0-4eef-a5a8-3f8ea37bbc9c,37.3496295,-107.9167115
2016-04-25 01:09:33,-9.752981484380495,a58c907a-7fe0-4eef-a5a8-3f8ea37bbc9c,37.3496295,-107.9167115
2016-05-12 13:18:02,-13.933114446921632,a58c907a-7fe0-4eef-a5a8-3f8ea37bbc9c,37.3496295,-107.9167115
2016-05-19 01:09:34,-5.726267940930022,a58c907a-7fe0-4eef-a5a8-3f8ea37bbc9c,37.3496295,-107.9167115
2016-05-31 13:09:57,-10.888488561302172,a58c907a-7fe0-4eef-a5a8-3f8ea37bbc9c,37.3496295,-107.9167115
2016-06-05 13:18:04,-11.821423655859755,a58c907a-7fe0-4eef-a5a8-3f8ea37bbc9c,37.3496295,-107.9167115
2016-06-29 13:18:05,-11.038348111311244,a58c907a-7fe0-4eef-a5a8-3f8ea37bbc9c,37.3496295,-107.9167115
2016-07-18 13:09:59,-13.72767231350119,a58c907a-7fe0-4eef-a5a8-3f8ea37bbc9c,37.3496295,-107.9167115
2016-07-23 13:18:06,-13.542802886693243,a58c907a-7fe0-4eef-a5a8-3f8ea37bbc9c,37.3496295,-107.9167115
2016-07-30 01:09:38,-10.670193777944936,a58c907a-7fe0-4eef-a5a8-3f8ea37bbc9c,37.3496295,-107.9167115
2016-08-11 13:10:01,-10.59102401677209,a58c907a-7fe0-4eef-a5a8-3f8ea37bbc9c,37.3496295,-107.9167115
2016-08-16 13:18:08,-14.328024679531783,a58c907a-7fe0-4eef-a5a8-3f8ea37bbc9c,37.3496295,-107.9167115
2016-09-04 13:10:02,-11.561019035249121,a58c907a-7fe0-4eef-a5a8-3f8ea37bbc9c,37.3496295,-107.9167115
2016-09-09 13:18:09,-11.301638461665622,a58c907a-7fe0-4eef-a5a8-3f8ea37bbc9c,37.3496295,-107.9167115
2016-09-16 01:09:41,-9.780181564246256,a58c907a-7fe0-4eef-a5a8-3f8ea37bbc9c,37.3496295,-107.9167115
2016-09-28 13:10:14,-11.686056845577735,a58c907a-7fe0-4eef-a5a8-3f8ea37bbc9c,37.3496295,-107.9167115
2016-10-03 13:18:15,-11.405005831544683,a58c907a-7fe0-4eef-a5a8-3f8ea37bbc9c,37.3496295,-107.9167115
2016-10-10 01:09:38,-8.536315771167056,a58c907a-7fe0-4eef-a5a8-3f8ea37bbc9c,37.3496295,-107.9167115
2016-10-22 13:10:14,-12.28273291459828,a58c907a-7fe0-4eef-a5a8-3f8ea37bbc9c,37.3496295,-107.9167115
2016-10-27 13:18:15,-10.225989023655579,a58c907a-7fe0-4eef-a5a8-3f8ea37bbc9c,37.3496295,-107.9167115
2016-11-03 01:09:38,-15.069539332975626,a58c907a-7fe0-4eef-a5a8-3f8ea37bbc9c,37.3496295,-107.9167115
2016-11-15 13:10:14,-11.49104806364023,a58c907a-7fe0-4eef-a5a8-3f8ea37bbc9c,37.3496295,-107.9167115
2016-11-20 13:18:14,-11.305145176655458,a58c907a-7fe0-4eef-a5a8-3f8ea37bbc9c,37.3496295,-107.9167115
2016-11-27 01:09:38,-8.604027602943127,a58c907a-7fe0-4eef-a5a8-3f8ea37bbc9c,37.3496295,-107.9167115
2016-12-09 13:10:13,-12.68862404764012,a58c907a-7fe0-4eef-a5a8-3f8ea37bbc9c,37.3496295,-107.9167115
2016-12-14 13:18:14,-11.399776169842927,a58c907a-7fe0-4eef-a5a8-3f8ea37bbc9c,37.3496295,-107.9167115
2016-12-21 01:09:37,-8.537896657533112,a58c907a-7fe0-4eef-a5a8-3f8ea37bbc9c,37.3496295,-107.9167115
2017-01-02 13:10:11,-9.156790212250108,a58c907a-7fe0-4eef-a5a8-3f8ea37bbc9c,37.3496295,-107.9167115
2017-01-07 13:18:12,-10.734360242774098,a58c907a-7fe0-4eef-a5a8-3f8ea37bbc9c,37.3496295,-107.9167115
2017-01-14 01:09:35,-7.580648057805016,a58c907a-7fe0-4eef-a5a8-3f8ea37bbc9c,37.3496295,-107.9167115
2017-01-26 13:10:11,-9.438925547810754,a58c907a-7fe0-4eef-a5a8-3f8ea37bbc9c,37.3496295,-107.9167115
2017-01-31 13:18:11,-9.119247391320563,a58c907a-7fe0-4eef-a5a8-3f8ea37bbc9c,37.3496295,-107.9167115
2017-02-07 13:10:16,-9.75602777560824,a58c907a-7fe0-4eef-a5a8-3f8ea37bbc9c,37.3496295,-107.9167115
2017-02-12 13:18:17,-15.836488164579638,a58c907a-7fe0-4eef-a5a8-3f8ea37bbc9c,37.3496295,-107.9167115
2016-10-28 01:09:11,-11.649142191390943,a58c907a-7fe0-4eef-a5a8-3f8ea37bbc9c,37.3496295,-107.9167115
2016-11-21 01:09:10,-10.800167422452922,a58c907a-7fe0-4eef-a5a8-3f8ea37bbc9c,37.3496295,-107.9167115
2016-12-15 01:08:55,-10.97210322860726,a58c907a-7fe0-4eef-a5a8-3f8ea37bbc9c,37.3496295,-107.9167115
2017-01-08 01:08:53,-6.140842690480959,a58c907a-7fe0-4eef-a5a8-3f8ea37bbc9c,37.3496295,-107.9167115
2017-02-01 01:08:53,-7.638531611988874,a58c907a-7fe0-4eef-a5a8-3f8ea37bbc9c,37.3496295,-107.9167115
2017-02-25 01:08:52,-9.208909244647705,a58c907a-7fe0-4eef-a5a8-3f8ea37bbc9c,37.3496295,-107.9167115
2017-03-09 01:08:52,-8.865726229217412,a58c907a-7fe0-4eef-a5a8-3f8ea37bbc9c,37.3496295,-107.9167115
2017-03-21 01:08:53,-9.085516191978932,a58c907a-7fe0-4eef-a5a8-3f8ea37bbc9c,37.3496295,-107.9167115
2017-04-02 01:08:53,-10.518954230658885,a58c907a-7fe0-4eef-a5a8-3f8ea37bbc9c,37.3496295,-107.9167115
2017-04-26 01:08:54,-10.68751934042394,a58c907a-7fe0-4eef-a5a8-3f8ea37bbc9c,37.3496295,-107.9167115
2017-05-08 01:08:55,-7.364573763325335,a58c907a-7fe0-4eef-a5a8-3f8ea37bbc9c,37.3496295,-107.9167115
2017-05-20 01:08:55,-10.789805423072444,a58c907a-7fe0-4eef-a5a8-3f8ea37bbc9c,37.3496295,-107.9167115
2017-06-01 01:08:56,-9.840576272376952,a58c907a-7fe0-4eef-a5a8-3f8ea37bbc9c,37.3496295,-107.9167115
2017-06-13 01:08:57,-10.31135647960378,a58c907a-7fe0-4eef-a5a8-3f8ea37bbc9c,37.3496295,-107.9167115
2017-06-25 01:08:57,-8.381747388903902,a58c907a-7fe0-4eef-a5a8-3f8ea37bbc9c,37.3496295,-107.9167115
2017-07-07 01:08:58,-7.120556743394248,a58c907a-7fe0-4eef-a5a8-3f8ea37bbc9c,37.3496295,-107.9167115
2017-07-31 01:08:59,-9.047883685480814,a58c907a-7fe0-4eef-a5a8-3f8ea37bbc9c,37.3496295,-107.9167115
2017-08-12 01:09:00,-8.265597123523698,a58c907a-7fe0-4eef-a5a8-3f8ea37bbc9c,37.3496295,-107.9167115
2017-08-24 01:09:01,-9.962635856377082,a58c907a-7fe0-4eef-a5a8-3f8ea37bbc9c,37.3496295,-107.9167115
2017-09-05 01:09:01,-9.91072800214677,a58c907a-7fe0-4eef-a5a8-3f8ea37bbc9c,37.3496295,-107.9167115
2017-09-17 01:09:02,-8.661076114949488,a58c907a-7fe0-4eef-a5a8-3f8ea37bbc9c,37.3496295,-107.9167115
2017-09-29 01:09:02,-8.010733039521492,a58c907a-7fe0-4eef-a5a8-3f8ea37bbc9c,37.3496295,-107.9167115
2017-10-11 01:09:02,-12.321735574967636,a58c907a-7fe0-4eef-a5a8-3f8ea37bbc9c,37.3496295,-107.9167115
2017-10-23 01:09:02,-15.734390343127213,a58c907a-7fe0-4eef-a5a8-3f8ea37bbc9c,37.3496295,-107.9167115
2017-11-04 01:09:02,-10.945810407154958,a58c907a-7fe0-4eef-a5a8-3f8ea37bbc9c,37.3496295,-107.9167115
2017-11-28 01:09:02,-14.251074374667873,a58c907a-7fe0-4eef-a5a8-3f8ea37bbc9c,37.3496295,-107.9167115
2017-12-10 01:09:01,-11.766069482617223,a58c907a-7fe0-4eef-a5a8-3f8ea37bbc9c,37.3496295,-107.9167115
2017-12-22 01:09:01,-14.543856657461555,a58c907a-7fe0-4eef-a5a8-3f8ea37bbc9c,37.3496295,-107.9167115
2018-01-03 01:09:00,-13.352252904462647,a58c907a-7fe0-4eef-a5a8-3f8ea37bbc9c,37.3496295,-107.9167115
2018-01-15 01:09:00,-11.922080096545375,a58c907a-7fe0-4eef-a5a8-3f8ea37bbc9c,37.3496295,-107.9167115
2018-01-27 01:08:59,-11.888697760878905,a58c907a-7fe0-4eef-a5a8-3f8ea37bbc9c,37.3496295,-107.9167115
2018-02-08 01:08:59,-13.763296947967918,a58c907a-7fe0-4eef-a5a8-3f8ea37bbc9c,37.3496295,-107.9167115
2018-02-20 01:08:59,-10.741705242500348,a58c907a-7fe0-4eef-a5a8-3f8ea37bbc9c,37.3496295,-107.9167115
2018-03-04 01:08:59,-10.688815974104983,a58c907a-7fe0-4eef-a5a8-3f8ea37bbc9c,37.3496295,-107.9167115
2018-04-09 01:09:00,-13.4583780991883,a58c907a-7fe0-4eef-a5a8-3f8ea37bbc9c,37.3496295,-107.9167115
2018-04-21 01:09:00,-14.636260852440019,a58c907a-7fe0-4eef-a5a8-3f8ea37bbc9c,37.3496295,-107.9167115
2018-05-03 01:09:01,-8.531702349987485,a58c907a-7fe0-4eef-a5a8-3f8ea37bbc9c,37.3496295,-107.9167115
2018-05-15 01:09:01,-11.566800763416046,a58c907a-7fe0-4eef-a5a8-3f8ea37bbc9c,37.3496295,-107.9167115
2018-05-27 01:09:02,-9.541918956134667,a58c907a-7fe0-4eef-a5a8-3f8ea37bbc9c,37.3496295,-107.9167115
2018-06-08 01:09:03,-13.068956422187558,a58c907a-7fe0-4eef-a5a8-3f8ea37bbc9c,37.3496295,-107.9167115
2018-06-20 01:09:04,-11.18334891465436,a58c907a-7fe0-4eef-a5a8-3f8ea37bbc9c,37.3496295,-107.9167115
2018-07-02 01:09:04,-11.472554208377293,a58c907a-7fe0-4eef-a5a8-3f8ea37bbc9c,37.3496295,-107.9167115
2018-07-14 01:09:05,-7.772266953551858,a58c907a-7fe0-4eef-a5a8-3f8ea37bbc9c,37.3496295,-107.9167115
2018-07-26 01:09:06,-10.021509344218682,a58c907a-7fe0-4eef-a5a8-3f8ea37bbc9c,37.3496295,-107.9167115
2018-08-07 01:09:06,-7.893776945565688,a58c907a-7fe0-4eef-a5a8-3f8ea37bbc9c,37.3496295,-107.9167115
2018-08-19 01:09:07,-9.892975737700866,a58c907a-7fe0-4eef-a5a8-3f8ea37bbc9c,37.3496295,-107.9167115
2018-08-31 01:09:08,-9.137494243991785,a58c907a-7fe0-4eef-a5a8-3f8ea37bbc9c,37.3496295,-107.9167115
2018-09-12 01:09:08,-10.600672647836928,a58c907a-7fe0-4eef-a5a8-3f8ea37bbc9c,37.3496295,-107.9167115
2018-09-24 01:09:08,-9.398018976834182,a58c907a-7fe0-4eef-a5a8-3f8ea37bbc9c,37.3496295,-107.9167115
2018-10-06 01:09:09,-12.658510924073095,a58c907a-7fe0-4eef-a5a8-3f8ea37bbc9c,37.3496295,-107.9167115
2018-10-18 01:09:09,-6.253875156256593,a58c907a-7fe0-4eef-a5a8-3f8ea37bbc9c,37.3496295,-107.9167115
2018-10-30 01:09:09,-14.097913766212356,a58c907a-7fe0-4eef-a5a8-3f8ea37bbc9c,37.3496295,-107.9167115
2018-11-11 01:09:09,-13.503499640645892,a58c907a-7fe0-4eef-a5a8-3f8ea37bbc9c,37.3496295,-107.9167115
2018-11-23 01:09:09,-10.113648970523537,a58c907a-7fe0-4eef-a5a8-3f8ea37bbc9c,37.3496295,-107.9167115
2018-12-05 01:09:08,-14.938536251031922,a58c907a-7fe0-4eef-a5a8-3f8ea37bbc9c,37.3496295,-107.9167115
2018-12-17 01:09:08,-13.806244099797858,a58c907a-7fe0-4eef-a5a8-3f8ea37bbc9c,37.3496295,-107.9167115
2019-01-10 01:09:07,-10.166290016266341,a58c907a-7fe0-4eef-a5a8-3f8ea37bbc9c,37.3496295,-107.9167115
2019-01-22 01:09:06,-8.088197759340675,a58c907a-7fe0-4eef-a5a8-3f8ea37bbc9c,37.3496295,-107.9167115
2019-02-03 01:09:06,-9.34619866934013,a58c907a-7fe0-4eef-a5a8-3f8ea37bbc9c,37.3496295,-107.9167115
2019-02-15 01:09:06,-9.514225938561182,a58c907a-7fe0-4eef-a5a8-3f8ea37bbc9c,37.3496295,-107.9167115
2019-02-27 01:09:06,-8.37604247051064,a58c907a-7fe0-4eef-a5a8-3f8ea37bbc9c,37.3496295,-107.9167115
2019-03-11 01:09:06,-9.718962839441902,a58c907a-7fe0-4eef-a5a8-3f8ea37bbc9c,37.3496295,-107.9167115
2019-03-23 01:09:06,-11.813482248717051,a58c907a-7fe0-4eef-a5a8-3f8ea37bbc9c,37.3496295,-107.9167115
2019-04-04 01:09:06,-9.192866739929817,a58c907a-7fe0-4eef-a5a8-3f8ea37bbc9c,37.3496295,-107.9167115
2019-04-16 01:09:06,-9.007481443473788,a58c907a-7fe0-4eef-a5a8-3f8ea37bbc9c,37.3496295,-107.9167115
2019-04-28 01:09:07,-10.345585516610695,a58c907a-7fe0-4eef-a5a8-3f8ea37bbc9c,37.3496295,-107.9167115
2019-05-10 01:09:07,-7.509577652439753,a58c907a-7fe0-4eef-a5a8-3f8ea37bbc9c,37.3496295,-107.9167115
2019-05-22 01:09:08,-8.39193607801413,a58c907a-7fe0-4eef-a5a8-3f8ea37bbc9c,37.3496295,-107.9167115
2019-06-03 01:09:09,-8.040492220456516,a58c907a-7fe0-4eef-a5a8-3f8ea37bbc9c,37.3496295,-107.9167115
2019-06-15 01:09:09,-13.145979011879149,a58c907a-7fe0-4eef-a5a8-3f8ea37bbc9c,37.3496295,-107.9167115
2019-06-27 01:09:10,-8.490203513070615,a58c907a-7fe0-4eef-a5a8-3f8ea37bbc9c,37.3496295,-107.9167115
2019-07-09 01:09:11,-7.829455264503503,a58c907a-7fe0-4eef-a5a8-3f8ea37bbc9c,37.3496295,-107.9167115
2019-07-21 01:09:12,-11.57776702243221,a58c907a-7fe0-4eef-a5a8-3f8ea37bbc9c,37.3496295,-107.9167115
2019-08-02 01:09:12,-14.046012707455818,a58c907a-7fe0-4eef-a5a8-3f8ea37bbc9c,37.3496295,-107.9167115
2019-08-14 01:09:13,-9.423562674471171,a58c907a-7fe0-4eef-a5a8-3f8ea37bbc9c,37.3496295,-107.9167115
2019-08-26 01:09:14,-10.332460005671608,a58c907a-7fe0-4eef-a5a8-3f8ea37bbc9c,37.3496295,-107.9167115
2019-09-07 01:09:14,-11.136777367343665,a58c907a-7fe0-4eef-a5a8-3f8ea37bbc9c,37.3496295,-107.9167115
2019-09-19 01:09:15,-14.808808605507124,a58c907a-7fe0-4eef-a5a8-3f8ea37bbc9c,37.3496295,-107.9167115
2019-10-01 01:09:15,-12.836034955983376,a58c907a-7fe0-4eef-a5a8-3f8ea37bbc9c,37.3496295,-107.9167115
2019-10-13 01:09:15,-13.944341670853117,a58c907a-7fe0-4eef-a5a8-3f8ea37bbc9c,37.3496295,-107.9167115
2019-10-25 01:09:15,-11.880443062119815,a58c907a-7fe0-4eef-a5a8-3f8ea37bbc9c,37.3496295,-107.9167115
2019-11-06 01:09:15,-9.737021742806121,a58c907a-7fe0-4eef-a5a8-3f8ea37bbc9c,37.3496295,-107.9167115
2019-11-18 01:09:15,-12.890892742424056,a58c907a-7fe0-4eef-a5a8-3f8ea37bbc9c,37.3496295,-107.9167115
2019-11-30 01:09:15,-10.914418821032491,a58c907a-7fe0-4eef-a5a8-3f8ea37bbc9c,37.3496295,-107.9167115
2019-12-12 01:09:14,-7.335322536328339,a58c907a-7fe0-4eef-a5a8-3f8ea37bbc9c,37.3496295,-107.9167115
2019-12-24 01:09:14,-10.467504716458292,a58c907a-7fe0-4eef-a5a8-3f8ea37bbc9c,37.3496295,-107.9167115
2020-01-05 01:09:13,-5.576469534803934,a58c907a-7fe0-4eef-a5a8-3f8ea37bbc9c,37.3496295,-107.9167115
2020-01-17 01:09:13,-7.313064684375792,a58c907a-7fe0-4eef-a5a8-3f8ea37bbc9c,37.3496295,-107.9167115
2020-01-29 01:09:12,-6.743880279769878,a58c907a-7fe0-4eef-a5a8-3f8ea37bbc9c,37.3496295,-107.9167115
2020-02-10 01:09:12,-12.379053219748098,a58c907a-7fe0-4eef-a5a8-3f8ea37bbc9c,37.3496295,-107.9167115
2020-02-22 01:09:12,-10.684132479536714,a58c907a-7fe0-4eef-a5a8-3f8ea37bbc9c,37.3496295,-107.9167115
2020-03-05 01:09:12,-7.971745135830432,a58c907a-7fe0-4eef-a5a8-3f8ea37bbc9c,37.3496295,-107.9167115
2020-03-17 01:09:12,-8.670298371351901,a58c907a-7fe0-4eef-a5a8-3f8ea37bbc9c,37.3496295,-107.9167115
2020-03-29 01:09:12,-8.71573157129824,a58c907a-7fe0-4eef-a5a8-3f8ea37bbc9c,37.3496295,-107.9167115
2020-04-10 01:09:12,-6.409199609973715,a58c907a-7fe0-4eef-a5a8-3f8ea37bbc9c,37.3496295,-107.9167115
2020-04-22 01:09:13,-11.431263866710067,a58c907a-7fe0-4eef-a5a8-3f8ea37bbc9c,37.3496295,-107.9167115
2020-05-04 01:09:14,-12.501409399685574,a58c907a-7fe0-4eef-a5a8-3f8ea37bbc9c,37.3496295,-107.9167115
2020-05-16 01:09:14,-11.196267488816696,a58c907a-7fe0-4eef-a5a8-3f8ea37bbc9c,37.3496295,-107.9167115
2020-05-28 01:09:15,-7.684124813145241,a58c907a-7fe0-4eef-a5a8-3f8ea37bbc9c,37.3496295,-107.9167115
2020-06-09 01:09:16,-9.28853950286442,a58c907a-7fe0-4eef-a5a8-3f8ea37bbc9c,37.3496295,-107.9167115
2020-06-21 01:09:16,-8.494493252070823,a58c907a-7fe0-4eef-a5a8-3f8ea37bbc9c,37.3496295,-107.9167115
2020-07-15 01:09:18,-8.40806196718013,a58c907a-7fe0-4eef-a5a8-3f8ea37bbc9c,37.3496295,-107.9167115
2020-07-27 01:09:18,-8.580188432179142,a58c907a-7fe0-4eef-a5a8-3f8ea37bbc9c,37.3496295,-107.9167115
2020-08-08 01:09:19,-8.034459278770093,a58c907a-7fe0-4eef-a5a8-3f8ea37bbc9c,37.3496295,-107.9167115
2020-08-20 01:09:20,-10.320558660221689,a58c907a-7fe0-4eef-a5a8-3f8ea37bbc9c,37.3496295,-107.9167115
2020-09-01 01:09:21,-11.63152261140921,a58c907a-7fe0-4eef-a5a8-3f8ea37bbc9c,37.3496295,-107.9167115
2020-09-13 01:09:21,-8.504208845340779,a58c907a-7fe0-4eef-a5a8-3f8ea37bbc9c,37.3496295,-107.9167115
2020-09-25 01:09:21,-9.773406941683472,a58c907a-7fe0-4eef-a5a8-3f8ea37bbc9c,37.3496295,-107.9167115
2020-10-07 01:09:22,-14.7771800604492,a58c907a-7fe0-4eef-a5a8-3f8ea37bbc9c,37.3496295,-107.9167115
2020-10-19 01:09:21,-9.552400212325594,a58c907a-7fe0-4eef-a5a8-3f8ea37bbc9c,37.3496295,-107.9167115
2020-10-31 01:09:22,-8.534572454563707,a58c907a-7fe0-4eef-a5a8-3f8ea37bbc9c,37.3496295,-107.9167115
2020-11-12 01:09:21,-12.029486150131065,a58c907a-7fe0-4eef-a5a8-3f8ea37bbc9c,37.3496295,-107.9167115
2020-11-24 01:09:21,-12.312719539743497,a58c907a-7fe0-4eef-a5a8-3f8ea37bbc9c,37.3496295,-107.9167115
2020-12-06 01:09:21,-10.04413215907152,a58c907a-7fe0-4eef-a5a8-3f8ea37bbc9c,37.3496295,-107.9167115
2020-12-18 01:09:20,-12.115231041204806,a58c907a-7fe0-4eef-a5a8-3f8ea37bbc9c,37.3496295,-107.9167115
2020-12-30 01:09:20,-11.451835783825981,a58c907a-7fe0-4eef-a5a8-3f8ea37bbc9c,37.3496295,-107.9167115
2021-01-11 01:09:19,-10.880523508128325,a58c907a-7fe0-4eef-a5a8-3f8ea37bbc9c,37.3496295,-107.9167115
2021-01-23 01:09:19,-11.285622545742662,a58c907a-7fe0-4eef-a5a8-3f8ea37bbc9c,37.3496295,-107.9167115
2021-02-04 01:09:18,-10.960221119861975,a58c907a-7fe0-4eef-a5a8-3f8ea37bbc9c,37.3496295,-107.9167115
2021-02-16 01:09:18,-11.014033824729076,a58c907a-7fe0-4eef-a5a8-3f8ea37bbc9c,37.3496295,-107.9167115
2021-02-28 01:09:18,-10.642487011318487,a58c907a-7fe0-4eef-a5a8-3f8ea37bbc9c,37.3496295,-107.9167115
2021-03-12 01:09:18,-10.6527298494292,a58c907a-7fe0-4eef-a5a8-3f8ea37bbc9c,37.3496295,-107.9167115
2021-03-24 01:09:18,-12.63562810924344,a58c907a-7fe0-4eef-a5a8-3f8ea37bbc9c,37.3496295,-107.9167115
2021-04-05 01:09:18,-8.215815967072752,a58c907a-7fe0-4eef-a5a8-3f8ea37bbc9c,37.3496295,-107.9167115
2021-04-17 01:09:19,-9.52720421859457,a58c907a-7fe0-4eef-a5a8-3f8ea37bbc9c,37.3496295,-107.9167115
2021-04-29 01:09:19,-11.870885011771524,a58c907a-7fe0-4eef-a5a8-3f8ea37bbc9c,37.3496295,-107.9167115
2021-05-11 01:09:20,-11.414579605622686,a58c907a-7fe0-4eef-a5a8-3f8ea37bbc9c,37.3496295,-107.9167115
2021-05-23 01:09:20,-12.027142705082356,a58c907a-7fe0-4eef-a5a8-3f8ea37bbc9c,37.3496295,-107.9167115
2021-06-04 01:09:21,-11.105723896960917,a58c907a-7fe0-4eef-a5a8-3f8ea37bbc9c,37.3496295,-107.9167115
2021-06-16 01:09:22,-6.771906732046969,a58c907a-7fe0-4eef-a5a8-3f8ea37bbc9c,37.3496295,-107.9167115
2021-06-28 01:09:23,-14.224955908887383,a58c907a-7fe0-4eef-a5a8-3f8ea37bbc9c,37.3496295,-107.9167115
2021-07-10 01:09:23,-11.9143256274248,a58c907a-7fe0-4eef-a5a8-3f8ea37bbc9c,37.3496295,-107.9167115
2021-07-22 01:09:24,-9.899085717268655,a58c907a-7fe0-4eef-a5a8-3f8ea37bbc9c,37.3496295,-107.9167115
2021-08-03 01:09:25,-11.484405891861059,a58c907a-7fe0-4eef-a5a8-3f8ea37bbc9c,37.3496295,-107.9167115
2021-08-15 01:09:25,-8.978512756809579,a58c907a-7fe0-4eef-a5a8-3f8ea37bbc9c,37.3496295,-107.9167115
2021-08-27 01:09:26,-11.403301097724018,a58c907a-7fe0-4eef-a5a8-3f8ea37bbc9c,37.3496295,-107.9167115
2021-09-08 01:09:27,-11.8989664197749,a58c907a-7fe0-4eef-a5a8-3f8ea37bbc9c,37.3496295,-107.9167115
2021-09-20 01:09:27,-11.948708708286112,a58c907a-7fe0-4eef-a5a8-3f8ea37bbc9c,37.3496295,-107.9167115
2021-10-14 01:09:27,-9.847451608030378,a58c907a-7fe0-4eef-a5a8-3f8ea37bbc9c,37.3496295,-107.9167115
2021-10-26 01:09:27,-10.412592003384775,a58c907a-7fe0-4eef-a5a8-3f8ea37bbc9c,37.3496295,-107.9167115
2021-11-07 01:09:27,-15.11467184333656,a58c907a-7fe0-4eef-a5a8-3f8ea37bbc9c,37.3496295,-107.9167115
2021-11-19 01:09:27,-14.696737996125897,a58c907a-7fe0-4eef-a5a8-3f8ea37bbc9c,37.3496295,-107.9167115
2021-12-01 01:09:26,-10.423018193792878,a58c907a-7fe0-4eef-a5a8-3f8ea37bbc9c,37.3496295,-107.9167115
2021-12-13 01:09:26,-8.137551552894703,a58c907a-7fe0-4eef-a5a8-3f8ea37bbc9c,37.3496295,-107.9167115
2016-10-04 01:09:10,-10.487771547932937,a58c907a-7fe0-4eef-a5a8-3f8ea37bbc9c,37.3496295,-107.9167115
