,station_id,cell_id,lat,lon
0,CDEC:ADM,76b55900-eb3d-4d25-a538-f74302ffe72d,41.993149,-120.1787155
1,CDEC:AGP,f191fe19-0e81-4bc9-9980-29738a05a49b,37.7271545,-119.1366695
2,CDEC:ALP,f6106ef5-e6fd-423b-9034-59bce18319da,38.9181445,-120.205665
3,CDEC:BCB,0a54de9c-d804-4681-9f7f-9f770a0f6d2e,37.0706085,-118.7683605
4,CDEC:BCH,4f383fb2-6cc7-48a8-9bdb-9c5d150e6eae,36.364939,-118.2922535
5,CDEC:BFL,7cf8af73-1abf-40ad-9788-0d757201eeb0,41.227481999999995,-122.8017965
6,CDEC:BGP,30641173-db10-4320-ab1e-c46e765a9011,37.092107999999996,-118.49886599999999
7,CDEC:BIM,30ab5128-9a8f-4446-b781-faf8bafb677f,36.725784000000004,-118.8402255
8,CDEC:BKL,df01bf44-46b8-4541-b0a4-ed1fae16ac38,39.814023,-121.3195755
9,CDEC:BLA,6dd37e24-0a9c-4749-8ab6-7e26d42925d6,40.780052,-121.7866995
10,CDEC:BLC,018cf1a1-f945-4097-9c47-0c4690538bb5,39.67588,-120.61889
11,CDEC:BLD,962f6718-ce02-4d13-b28c-e159d1adc2d4,38.4905185,-119.8014235
12,CDEC:BLK,c89dc6ca-6d69-41ce-954d-b51f64aaacb1,38.708156,-120.0439685
13,CDEC:BLS,4bb8fe22-653c-4611-a3d8-de5b2c62d13d,38.166357500000004,-120.0529515
14,CDEC:BMW,d674ee8e-49f1-44c9-890d-4e04997522a1,38.9251335,-119.9182045
15,CDEC:BNK,65565709-caca-4ed5-a8b6-2794da371708,41.2004515,-122.5233185
16,CDEC:BSK,c89dc6ca-6d69-41ce-954d-b51f64aaacb1,38.708156,-120.0439685
17,CDEC:CDP,76b55900-eb3d-4d25-a538-f74302ffe72d,41.993149,-120.1787155
18,CDEC:CHM,f11515e9-f2a0-4f8c-9f2d-12b9e2dc8569,37.406736499999994,-119.4870125
19,CDEC:CHP,cc66f524-dd2b-4d3f-bf96-4941edca2879,36.466145,-118.5437815
20,CDEC:CRL,09288a61-d120-4cee-ac46-5a275a8f005c,36.7833635,-118.4270005
21,CDEC:CSL,51ebe834-adf4-474e-871e-28ebca2bd0cc,38.911155,-120.3763445
22,CDEC:CSV,4f383fb2-6cc7-48a8-9bdb-9c5d150e6eae,36.364939,-118.2922535
23,CDEC:CWD,4f383fb2-6cc7-48a8-9bdb-9c5d150e6eae,36.364939,-118.2922535
24,CDEC:CWF,76b55900-eb3d-4d25-a538-f74302ffe72d,41.993149,-120.1787155
25,CDEC:CXS,c89dc6ca-6d69-41ce-954d-b51f64aaacb1,38.708156,-120.0439685
26,CDEC:DAN,70bfdc00-dbd2-4c44-8039-04a547f91f76,37.89748,-119.2624335
27,CDEC:DDM,01be2cc7-ef77-4e4d-80ed-c4f8139162c3,38.279274,-119.6127765
28,CDEC:DPO,9023330c-2766-4585-b6fe-63593c519e03,37.634731,-119.0827705
29,CDEC:DSS,76b55900-eb3d-4d25-a538-f74302ffe72d,41.993149,-120.1787155
30,CDEC:EBB,962f6718-ce02-4d13-b28c-e159d1adc2d4,38.4905185,-119.8014235
31,CDEC:EP5,f6106ef5-e6fd-423b-9034-59bce18319da,38.9181445,-120.205665
32,CDEC:FDC,c89dc6ca-6d69-41ce-954d-b51f64aaacb1,38.708156,-120.0439685
33,CDEC:FLL,d674ee8e-49f1-44c9-890d-4e04997522a1,38.9251335,-119.9182045
34,CDEC:FRN,f6106ef5-e6fd-423b-9034-59bce18319da,38.9181445,-120.205665
35,CDEC:FRW,ddc760c7-dc6e-4fd4-ac1a-987ba3f79748,36.408328999999995,-118.5797145
36,CDEC:GEM,690ae8d4-c0d0-4dad-a7c4-67f3df07cc78,37.798170999999996,-119.1995515
37,CDEC:GIN,dbf421d4-0295-4a9f-9e20-88ac299360b1,37.762671499999996,-119.7744735
38,CDEC:GKS,51ebe834-adf4-474e-871e-28ebca2bd0cc,38.911155,-120.3763445
39,CDEC:GNF,5ec8a57d-8d5f-4331-b1fb-9d766f42991a,36.5672195,-118.7683605
40,CDEC:GNL,403090bc-fc9e-44fb-921b-f7eea63e9740,38.194603,-119.8912545
41,CDEC:GRM,232ef8b4-938f-42d7-a6e4-647d5280edd2,37.556436500000004,-119.2354845
42,CDEC:GRV,cc8b7ef5-1c86-4bd2-8cb9-969c7df1884e,37.470930499999994,-119.2893835
43,CDEC:GRZ,018cf1a1-f945-4097-9c47-0c4690538bb5,39.67588,-120.61889
44,CDEC:HGM,d674ee8e-49f1-44c9-890d-4e04997522a1,38.9251335,-119.9182045
45,CDEC:HIG,65565709-caca-4ed5-a8b6-2794da371708,41.2004515,-122.5233185
46,CDEC:HMB,df01bf44-46b8-4541-b0a4-ed1fae16ac38,39.814023,-121.3195755
47,CDEC:HNT,39dd8dce-b4a1-4db5-bc31-fba72181cf5e,37.2209785,-119.2175185
48,CDEC:HOR,d674ee8e-49f1-44c9-890d-4e04997522a1,38.9251335,-119.9182045
49,CDEC:HRK,df01bf44-46b8-4541-b0a4-ed1fae16ac38,39.814023,-121.3195755
50,CDEC:HRS,49b01e43-f719-450f-b7c6-556b08e9ef4d,38.152231,-119.6666755
51,CDEC:HVN,d674ee8e-49f1-44c9-890d-4e04997522a1,38.9251335,-119.9182045
52,CDEC:HYS,51ebe834-adf4-474e-871e-28ebca2bd0cc,38.911155,-120.3763445
53,CDEC:IDC,018cf1a1-f945-4097-9c47-0c4690538bb5,39.67588,-120.61889
54,CDEC:IDP,018cf1a1-f945-4097-9c47-0c4690538bb5,39.67588,-120.61889
55,CDEC:INN,018cf1a1-f945-4097-9c47-0c4690538bb5,39.67588,-120.61889
56,CDEC:KTL,147d5eb4-e574-47e4-994a-8a2908c06050,39.7864165,-120.8794015
57,CDEC:LBD,74f8c8bc-2f60-4232-b447-43459d5d22f0,38.50458,-119.62176
58,CDEC:LLP,6dd37e24-0a9c-4749-8ab6-7e26d42925d6,40.780052,-121.7866995
59,CDEC:LVM,01be2cc7-ef77-4e4d-80ed-c4f8139162c3,38.279274,-119.6127765
60,CDEC:LVT,01be2cc7-ef77-4e4d-80ed-c4f8139162c3,38.279274,-119.6127765
61,CDEC:MDW,018cf1a1-f945-4097-9c47-0c4690538bb5,39.67588,-120.61889
62,CDEC:MED,00c4db22-a423-41a4-ada6-a8b1b04153a4,41.166647499999996,-121.9394135
63,CDEC:MHP,ec0952b6-f119-4f40-bf47-343d71245ddc,37.6205015,-119.028872
64,CDEC:MNT,74f8c8bc-2f60-4232-b447-43459d5d22f0,38.50458,-119.62176
65,CDEC:MRL,d674ee8e-49f1-44c9-890d-4e04997522a1,38.9251335,-119.9182045
66,CDEC:MSK,d674ee8e-49f1-44c9-890d-4e04997522a1,38.9251335,-119.9182045
67,CDEC:MTM,b5c7343d-a4a9-4da9-aee3-36539a545af6,36.740183,-118.7054785
68,CDEC:PDS,17da8ab4-6dd8-481e-a025-7574765ef9b1,38.0603395,-119.6666755
69,CDEC:PET,65565709-caca-4ed5-a8b6-2794da371708,41.2004515,-122.5233185
70,CDEC:PSC,4f383fb2-6cc7-48a8-9bdb-9c5d150e6eae,36.364939,-118.2922535
71,CDEC:PSN,74f8c8bc-2f60-4232-b447-43459d5d22f0,38.50458,-119.62176
72,CDEC:QUA,d563ff8c-31c3-44a9-8fd3-2f8bc68b21b4,36.314286,-118.6156465
73,CDEC:RBP,51ebe834-adf4-474e-871e-28ebca2bd0cc,38.911155,-120.3763445
74,CDEC:RCC,018cf1a1-f945-4097-9c47-0c4690538bb5,39.67588,-120.61889
75,CDEC:RCK,cbe04952-a2ae-4525-98c5-a644c9a5ddc5,37.4495385,-118.7593775
76,CDEC:RP2,f6106ef5-e6fd-423b-9034-59bce18319da,38.9181445,-120.205665
77,CDEC:RRM,7cf8af73-1abf-40ad-9788-0d757201eeb0,41.227481999999995,-122.8017965
78,CDEC:RTL,147d5eb4-e574-47e4-994a-8a2908c06050,39.7864165,-120.8794015
79,CDEC:SCN,c89dc6ca-6d69-41ce-954d-b51f64aaacb1,38.708156,-120.0439685
80,CDEC:SCT,7cf8af73-1abf-40ad-9788-0d757201eeb0,41.227481999999995,-122.8017965
81,CDEC:SDF,65565709-caca-4ed5-a8b6-2794da371708,41.2004515,-122.5233185
82,CDEC:SDW,74f8c8bc-2f60-4232-b447-43459d5d22f0,38.50458,-119.62176
83,CDEC:SHM,7cf8af73-1abf-40ad-9788-0d757201eeb0,41.227481999999995,-122.8017965
84,CDEC:SIL,c89dc6ca-6d69-41ce-954d-b51f64aaacb1,38.708156,-120.0439685
85,CDEC:SLM,962f6718-ce02-4d13-b28c-e159d1adc2d4,38.4905185,-119.8014235
86,CDEC:SLT,65565709-caca-4ed5-a8b6-2794da371708,41.2004515,-122.5233185
87,CDEC:SPS,01be2cc7-ef77-4e4d-80ed-c4f8139162c3,38.279274,-119.6127765
88,CDEC:SPT,962f6718-ce02-4d13-b28c-e159d1adc2d4,38.4905185,-119.8014235
89,CDEC:SQV,f6106ef5-e6fd-423b-9034-59bce18319da,38.9181445,-120.205665
90,CDEC:SSM,147d5eb4-e574-47e4-994a-8a2908c06050,39.7864165,-120.8794015
91,CDEC:SWM,6e96bf06-cbc5-45b5-a36b-e37864226099,37.178046499999994,-118.561748
92,CDEC:TCC,f6106ef5-e6fd-423b-9034-59bce18319da,38.9181445,-120.205665
93,CDEC:TK2,f6106ef5-e6fd-423b-9034-59bce18319da,38.9181445,-120.205665
94,CDEC:TMR,c7e3f62c-a812-4342-8e4c-3a6a5dd96255,37.156571,-119.1995515
95,CDEC:TNY,a8e91cfa-724a-4114-a9d4-291785ff31f8,37.833653999999996,-119.4510805
96,CDEC:TUM,2dde4be2-b6fd-47e8-b53d-88b59d74fde1,37.8762105,-119.3432825
97,CDEC:UBC,b2e9cb6b-b45a-4cab-8333-247cb4c0b51b,37.19236,-118.9390405
98,CDEC:UTY,46f21569-8ecf-4c46-b65b-d80fa83a20d5,36.682572,-118.4270005
99,CDEC:VLC,643c05b6-03bc-4024-8000-2228f4b5a7ad,37.385326,-118.912091
100,CDEC:VRG,fb078c7e-4975-4c7f-8f42-180386ac8c3c,38.0391175,-119.3073495
101,CDEC:VVL,51ebe834-adf4-474e-871e-28ebca2bd0cc,38.911155,-120.3763445
102,CDEC:WC3,f6106ef5-e6fd-423b-9034-59bce18319da,38.9181445,-120.205665
103,CDEC:WHW,dba335b6-9d97-4a89-9ff3-888a8a45575f,37.862028,-119.6576925
104,CDEC:WTM,057fb61e-ce45-4423-9ef2-b52d8c1237e9,36.343234499999994,-118.5886975
105,CDEC:WWC,50f7b567-4066-4437-a335-71aff4c94a2c,37.0347625,-118.912091
106,SNOTEL:1000_OR_SNTL,5e252b65-58dd-421f-a0db-3d4669bfb235,42.7892825,-121.9753465
107,SNOTEL:1005_CO_SNTL,efada0af-09bf-4013-a1c6-0837f8ff59c5,37.854935499999996,-105.4373615
108,SNOTEL:1009_MT_SNTL,517aefce-a617-4251-acb9-c5faf0b7fdf3,46.913419,-110.8542025
109,SNOTEL:1010_OR_SNTL,0a0ea690-5b73-4459-91d5-a6948d132a48,42.696921,-120.798553
110,SNOTEL:1011_WA_SNTL,e6d48180-814d-494b-99cc-0be5cd1a0eaf,48.693141,-121.912464
111,SNOTEL:1012_WA_SNTL,cdfc27f0-b990-45f7-bac6-7c674cd157ac,46.178208,-121.9304305
112,SNOTEL:1013_UT_SNTL,2222b7b3-f48b-4cea-90bf-8e7245d002ea,41.685289499999996,-111.4201415
113,SNOTEL:1014_CO_SNTL,cad51334-b3af-4c23-85c3-451c3447560a,39.7657045,-105.90448549999999
114,SNOTEL:1015_WY_SNTL,8116acfb-8035-4d34-b9b9-b0af2c5697df,41.071904,-106.9465315
115,SNOTEL:1016_ID_SNTL,c66f40ed-f72e-4012-991c-1f3726e5c8ad,45.186647,-115.9746
116,SNOTEL:1017_NM_SNTL,6afdc499-9686-4451-b207-13df777df662,36.002412,-106.5512725
117,SNOTEL:1030_CO_SNTL,02cf33c2-c8e2-48b9-bf72-92506e97e251,40.398034499999994,-106.6051715
118,SNOTEL:1031_CO_SNTL,8c45801f-6377-42e1-ae0a-9b53593ff843,40.398034499999994,-105.8505865
119,SNOTEL:1032_CO_SNTL,9f0599d8-81f3-4ab5-b275-48a6ddaaae5b,40.5347195,-105.8865195
120,SNOTEL:1033_CO_SNTL,86257c69-a8f1-43b1-9e07-73129e2c3fbc,40.8140545,-106.748902
121,SNOTEL:1034_NM_SNTL,43be1328-02b0-4cc1-8e9b-75842908cee3,33.358253500000004,-107.8268805
122,SNOTEL:1039_UT_SNTL,eeb0a123-9482-4946-ab3f-9e63541cb655,40.562023499999995,-111.6537035
123,SNOTEL:1040_CO_SNTL,f62e6b4d-7f9d-4139-bac4-59f084fb09cd,39.599784,-106.51534
124,SNOTEL:1043_WA_SNTL,c59f438c-f00a-476a-938e-efd828e0d083,47.880235,-117.088511
125,SNOTEL:1044_OR_SNTL,7acd0d51-ff30-42a3-9338-590432bd0e43,43.190109,-122.1370425
126,SNOTEL:1045_WY_SNTL,3b5bfd37-070c-4ee9-a470-c9338851e270,41.3557235,-106.2278795
127,SNOTEL:1046_WY_SNTL,3b5bfd37-070c-4ee9-a470-c9338851e270,41.3557235,-106.2278795
128,SNOTEL:1048_NM_SNTL,43be1328-02b0-4cc1-8e9b-75842908cee3,33.358253500000004,-107.8268805
129,SNOTEL:1050_CA_SNTL,d674ee8e-49f1-44c9-890d-4e04997522a1,38.9251335,-119.9182045
130,SNOTEL:1051_CA_SNTL,c89dc6ca-6d69-41ce-954d-b51f64aaacb1,38.708156,-120.0439685
131,SNOTEL:1052_CA_SNTL,74f8c8bc-2f60-4232-b447-43459d5d22f0,38.50458,-119.62176
132,SNOTEL:1053_ID_SNTL,2f5c1968-2c34-4539-a9f4-38298d0de925,48.971065499999995,-115.9566335
133,SNOTEL:1054_UT_SNTL,10162c55-772d-49d2-8b1b-b1f9c86254b2,40.936319,-111.8154005
134,SNOTEL:1058_CO_SNTL,c340219b-307b-412b-9368-b50639bd372d,37.4281405,-106.6231375
135,SNOTEL:1061_CO_SNTL,02cf33c2-c8e2-48b9-bf72-92506e97e251,40.398034499999994,-106.6051715
136,SNOTEL:1065_UT_SNTL,24cd85fa-6aee-4556-bb8a-b6696eb72a19,37.527945,-113.0550755
137,SNOTEL:1066_UT_SNTL,24cd85fa-6aee-4556-bb8a-b6696eb72a19,37.527945,-113.0550755
138,SNOTEL:1067_CA_SNTL,c89dc6ca-6d69-41ce-954d-b51f64aaacb1,38.708156,-120.0439685
139,SNOTEL:1068_WA_SNTL,bfda850c-3027-4e91-afcb-cca5e73e4a03,47.2742445,-121.3375425
140,SNOTEL:1077_OR_SNTL,5e252b65-58dd-421f-a0db-3d4669bfb235,42.7892825,-121.9753465
141,SNOTEL:1079_OR_SNTL,f78ea076-10a1-45dc-a848-c08e129c6a28,46.23416,-117.3939385
142,SNOTEL:1082_WY_SNTL,ce76ce00-c8b5-4597-8ca3-1ec9db795b50,43.5687975,-111.213529
143,SNOTEL:1084_OR_SNTL,a6861fc3-2315-451b-9b95-c06d1ea96b4b,44.613976,-122.2268745
144,SNOTEL:1085_WA_SNTL,9474e816-b673-4e6d-83e0-28c274945bef,47.0666095,-121.5890705
145,SNOTEL:1098_UT_SNTL,2222b7b3-f48b-4cea-90bf-8e7245d002ea,41.685289499999996,-111.4201415
146,SNOTEL:1099_UT_SNTL,ad44deb7-e56d-47bd-8d64-7147493e0aee,37.9754145,-111.8333665
147,SNOTEL:1100_CO_SNTL,b99b0ffd-6fa9-482c-8511-f7b87e705d35,38.708156,-106.4255085
148,SNOTEL:1101_CO_SNTL,e833aad1-6da3-4413-b25e-b2ab5b2029c0,39.294562,-106.5512725
149,SNOTEL:1104_WA_SNTL,cdfc27f0-b990-45f7-bac6-7c674cd157ac,46.178208,-121.9304305
150,SNOTEL:1105_MT_SNTL,f46e7d90-a754-44a8-b262-63f5c401a0ab,45.218295,-110.2343655
151,SNOTEL:1107_WA_SNTL,0f46ad2b-4b1f-4232-8e46-be7122d53b86,47.7112645,-123.4485835
152,SNOTEL:1109_WA_SNTL,cdfc27f0-b990-45f7-bac6-7c674cd157ac,46.178208,-121.9304305
153,SNOTEL:1110_NV_SNTL,8ca1aaab-07de-4532-a99f-4ab8bce2f862,36.307047499999996,-115.678156
154,SNOTEL:1111_NV_SNTL,8ca1aaab-07de-4532-a99f-4ab8bce2f862,36.307047499999996,-115.678156
155,SNOTEL:1113_UT_SNTL,2222b7b3-f48b-4cea-90bf-8e7245d002ea,41.685289499999996,-111.4201415
156,SNOTEL:1114_UT_SNTL,2222b7b3-f48b-4cea-90bf-8e7245d002ea,41.685289499999996,-111.4201415
157,SNOTEL:1115_UT_SNTL,2222b7b3-f48b-4cea-90bf-8e7245d002ea,41.685289499999996,-111.4201415
158,SNOTEL:1119_WY_SNTL,8116acfb-8035-4d34-b9b9-b0af2c5697df,41.071904,-106.9465315
159,SNOTEL:1120_CO_SNTL,f62e6b4d-7f9d-4139-bac4-59f084fb09cd,39.599784,-106.51534
160,SNOTEL:1121_AZ_SNTL,c0e85162-6ff4-401b-b01e-cc6d7a51eac0,34.9710915,-111.509973
161,SNOTEL:1122_CO_SNTL,e4473542-1804-41c0-82b2-eaddc245845d,40.432232,-105.7338055
162,SNOTEL:1123_CO_SNTL,e4473542-1804-41c0-82b2-eaddc245845d,40.432232,-105.7338055
163,SNOTEL:1124_CO_SNTL,aa0d6340-c817-48c9-8727-8d3457606381,37.8691195,-106.6051715
164,SNOTEL:1127_AZ_SNTL,1135e377-22e6-4290-b4cd-e6739de7fd8a,33.650385,-109.3091005
165,SNOTEL:1128_CO_SNTL,f25cdbec-2f14-42c5-a6ef-a60f3a90caff,38.4905185,-106.335677
166,SNOTEL:1129_WA_SNTL,06ec1554-a0ea-41cf-85f8-43f4b48c7599,46.3582945,-121.0770305
167,SNOTEL:1131_WY_SNTL,02c3ec4a-8de4-4284-9ec1-5a942d3d098e,44.581993999999995,-107.1980595
168,SNOTEL:1132_WY_SNTL,c5a82752-3e4b-43ec-8011-9111b9bfcb89,44.164622,-107.1261945
169,SNOTEL:1133_WY_SNTL,679fe096-5475-4d4d-b0f8-81e32de889aa,43.0064475,-109.7582585
170,SNOTEL:1134_WY_SNTL,990e5974-9c60-4c9a-ba23-ddce13971178,42.5713525,-108.8419765
171,SNOTEL:1135_UT_SNTL,064d7f3e-8bbd-49cd-b360-5c4590a19b9e,40.7936545,-110.8811525
172,SNOTEL:1136_NV_SNTL,875622b7-5253-43d2-8e0f-348767860eb9,41.7791425,-116.0284985
173,SNOTEL:1138_NM_SNTL,eb1d889a-c427-49e1-95a1-fa6577002c9b,35.2356645,-108.2670545
174,SNOTEL:1139_AZ_SNTL,a2588440-600e-41da-b2b9-1f5632ecdef6,34.860599500000006,-111.6087875
175,SNOTEL:1140_AZ_SNTL,972ab3b1-7445-4f57-a1a1-c3be4c257869,34.742577999999995,-111.4111585
176,SNOTEL:1141_CO_SNTL,09f879b9-4378-479e-949b-cdc3bec8f59f,38.994985,-106.7578855
177,SNOTEL:1143_AZ_SNTL,e925f8e6-6eee-4fa7-9034-41eb9917df5e,37.456669500000004,-108.4467175
178,SNOTEL:1144_MT_SNTL,d37ccc2e-7127-48ec-9425-2e77681c3635,48.4315575,-113.9354245
179,SNOTEL:1146_UT_SNTL,ba4b2f3f-c8e3-4535-9781-426e4f77ba4c,39.495881,-111.7255685
180,SNOTEL:1147_NV_SNTL,38793f95-324b-4f01-b1a7-45e1c9353bc1,39.565167,-115.8398525
181,SNOTEL:1148_UT_SNTL,55d3e9a6-e153-43c3-a66c-cd60711ff4a9,37.5777975,-112.9023615
182,SNOTEL:1149_UT_SNTL,ad44deb7-e56d-47bd-8d64-7147493e0aee,37.9754145,-111.8333665
183,SNOTEL:1150_NV_SNTL,38793f95-324b-4f01-b1a7-45e1c9353bc1,39.565167,-115.8398525
184,SNOTEL:1152_NV_SNTL,38793f95-324b-4f01-b1a7-45e1c9353bc1,39.565167,-115.8398525
185,SNOTEL:1154_UT_SNTL,55d3e9a6-e153-43c3-a66c-cd60711ff4a9,37.5777975,-112.9023615
186,SNOTEL:1155_NV_SNTL,38793f95-324b-4f01-b1a7-45e1c9353bc1,39.565167,-115.8398525
187,SNOTEL:1156_UT_SNTL,7b636fe2-1760-45c5-afce-505f2e927163,38.483487,-112.390322
188,SNOTEL:1159_WA_SNTL,dc31c331-837b-4b59-b184-051321e9489c,48.7227805,-120.6548225
189,SNOTEL:1160_CO_SNTL,12bde9ee-0e0a-49ac-ab19-b410adb61b3c,37.5991525,-107.2339925
190,SNOTEL:1161_CO_SNTL,9f0599d8-81f3-4ab5-b275-48a6ddaaae5b,40.5347195,-105.8865195
191,SNOTEL:1162_UT_SNTL,c0568d62-49c7-4d9f-beba-ac0fb3e064c5,40.882007,-110.5397925
192,SNOTEL:1166_OR_SNTL,a6861fc3-2315-451b-9b95-c06d1ea96b4b,44.613976,-122.2268745
193,SNOTEL:1167_OR_SNTL,a6861fc3-2315-451b-9b95-c06d1ea96b4b,44.613976,-122.2268745
194,SNOTEL:1168_NM_SNTL,e3473791-6153-49bc-a2ed-0b1e3e243942,36.473369000000005,-105.1948165
195,SNOTEL:1169_NM_SNTL,e3473791-6153-49bc-a2ed-0b1e3e243942,36.473369000000005,-105.1948165
196,SNOTEL:1170_NM_SNTL,e3473791-6153-49bc-a2ed-0b1e3e243942,36.473369000000005,-105.1948165
197,SNOTEL:1171_WA_SNTL,47e625fa-e2df-43ce-84dd-8ac21fdda75a,48.5208855,-120.735671
198,SNOTEL:1172_NM_SNTL,674e34ce-8b77-422b-ab14-c6c3a0183e39,37.006073,-106.2727945
199,SNOTEL:1184_UT_SNTL,9813294e-a28e-45c0-976d-a6fa65d87927,39.134482,-111.4381075
200,SNOTEL:1185_CO_SNTL,548ff935-a421-4f4c-8eef-0bb19ed6c5f8,37.7910725,-108.1772235
201,SNOTEL:1186_CO_SNTL,cad51334-b3af-4c23-85c3-451c3447560a,39.7657045,-105.90448549999999
202,SNOTEL:1187_CO_SNTL,f9f7132d-56a2-43e2-baba-312f34dbaeed,40.199347,-105.5990585
203,SNOTEL:1192_UT_SNTL,a28a3caf-eea2-414f-8003-62ac82daaafa,40.739226,-110.6206405
204,SNOTEL:1195_NV_SNTL,f1f17cee-3fca-44bc-8974-b72d5f995a4a,40.3569745,-116.8639325
205,SNOTEL:1196_WY_SNTL,14c19b34-6359-4d3f-865e-0b9852a0e958,41.328745999999995,-106.3716095
206,SNOTEL:1197_UT_SNTL,55d3e9a6-e153-43c3-a66c-cd60711ff4a9,37.5777975,-112.9023615
207,SNOTEL:1214_UT_SNTL,93b8483d-a510-42ff-865e-33d5a8784dc4,40.4937435,-112.6149005
208,SNOTEL:1215_UT_SNTL,20b97bae-60d6-466d-aca9-334d9b2d63b6,37.8691195,-109.4438475
209,SNOTEL:1216_UT_SNTL,0a820e12-033b-45d6-9ef9-d70f4c5e5b63,39.889883,-111.2494615
210,SNOTEL:1222_UT_SNTL,ad9f3d28-ef5a-4851-a5e4-5e2f7b63d17b,39.322364500000006,-111.4920065
211,SNOTEL:1223_UT_SNTL,cfe58efd-ce2a-495a-90cd-6826f704ebee,40.295338,-111.2584445
212,SNOTEL:1224_UT_SNTL,9813294e-a28e-45c0-976d-a6fa65d87927,39.134482,-111.4381075
213,SNOTEL:1225_UT_SNTL,7bc3c413-4709-4ddd-a2ad-99f6cad9436c,40.677939499999994,-110.9530175
214,SNOTEL:1226_UT_SNTL,ad9f3d28-ef5a-4851-a5e4-5e2f7b63d17b,39.322364500000006,-111.4920065
215,SNOTEL:1227_UT_SNTL,ad9f3d28-ef5a-4851-a5e4-5e2f7b63d17b,39.322364500000006,-111.4920065
216,SNOTEL:1228_UT_SNTL,9813294e-a28e-45c0-976d-a6fa65d87927,39.134482,-111.4381075
217,SNOTEL:1231_WA_SNTL,06ec1554-a0ea-41cf-85f8-43f4b48c7599,46.3582945,-121.0770305
218,SNOTEL:1236_UT_SNTL,19b5e6ce-c1a0-4cce-85f5-248c9f1abb6e,39.67588,-110.4319945
219,SNOTEL:1242_NV_SNTL,d674ee8e-49f1-44c9-890d-4e04997522a1,38.9251335,-119.9182045
220,SNOTEL:1243_NV_SNTL,a5080351-033f-4cfa-ad27-019fc84e052c,40.895589,-115.211032
221,SNOTEL:1244_NV_SNTL,0efc68ba-5786-4c54-8028-e6f92efa6757,40.943105,-115.094251
222,SNOTEL:1247_UT_SNTL,93b8483d-a510-42ff-865e-33d5a8784dc4,40.4937435,-112.6149005
223,SNOTEL:1248_UT_SNTL,55d3e9a6-e153-43c3-a66c-cd60711ff4a9,37.5777975,-112.9023615
224,SNOTEL:1249_UT_SNTL,ad44deb7-e56d-47bd-8d64-7147493e0aee,37.9754145,-111.8333665
225,SNOTEL:1251_CO_SNTL,f9f7132d-56a2-43e2-baba-312f34dbaeed,40.199347,-105.5990585
226,SNOTEL:1252_CO_SNTL,8116acfb-8035-4d34-b9b9-b0af2c5697df,41.071904,-106.9465315
227,SNOTEL:1254_NM_SNTL,9c43edf0-541f-4dbb-9fe1-42cc83d453bd,36.125859,-105.5271935
228,SNOTEL:1256_WA_SNTL,c59f438c-f00a-476a-938e-efd828e0d083,47.880235,-117.088511
229,SNOTEL:1257_WA_SNTL,2f266b81-aad3-4c26-ac69-1bd04a208bf7,46.7843995,-121.7507675
230,SNOTEL:1258_CA_SNTL,76b55900-eb3d-4d25-a538-f74302ffe72d,41.993149,-120.1787155
231,SNOTEL:1259_WA_SNTL,dc31c331-837b-4b59-b184-051321e9489c,48.7227805,-120.6548225
232,SNOTEL:1261_UT_SNTL,ad44deb7-e56d-47bd-8d64-7147493e0aee,37.9754145,-111.8333665
233,SNOTEL:1262_NV_SNTL,875622b7-5253-43d2-8e0f-348767860eb9,41.7791425,-116.0284985
234,SNOTEL:1263_WA_SNTL,cdfc27f0-b990-45f7-bac6-7c674cd157ac,46.178208,-121.9304305
235,SNOTEL:1269_UT_SNTL,ad44deb7-e56d-47bd-8d64-7147493e0aee,37.9754145,-111.8333665
236,SNOTEL:1271_AZ_SNTL,f6a782f0-4b17-4989-815c-2398b77b09dd,33.9787815,-109.50673
237,SNOTEL:1272_NV_SNTL,5308a803-69e6-43cd-89db-66e93f9f83af,41.6651605,-115.327813
238,SNOTEL:1277_CA_SNTL,147d5eb4-e574-47e4-994a-8a2908c06050,39.7864165,-120.8794015
239,SNOTEL:1278_UT_SNTL,7b636fe2-1760-45c5-afce-505f2e927163,38.483487,-112.390322
240,SNOTEL:1280_UT_SNTL,ba4b2f3f-c8e3-4535-9781-426e4f77ba4c,39.495881,-111.7255685
241,SNOTEL:1286_MT_SNTL,cacaa17b-0b1b-4fe2-a4c1-7728e6c154c1,45.6720715,-113.9533905
242,SNOTEL:1287_MT_SNTL,e9759e79-461c-425e-af17-0a88be1a441f,44.473122000000004,-112.9832105
243,SNOTEL:2029_ID_SNTL,0cda0c4a-405b-4e16-8922-964190929d80,42.7629075,-116.8998645
244,SNOTEL:301_CA_SNTL,76b55900-eb3d-4d25-a538-f74302ffe72d,41.993149,-120.1787155
245,SNOTEL:302_OR_SNTL,c07ab5f6-14a9-4b0b-a9af-9f7db6e8c220,45.262572500000005,-117.1693595
246,SNOTEL:303_CO_SNTL,2ca6a37f-67f5-4905-864b-ddf98d956ebb,37.35677,-105.2307495
247,SNOTEL:304_OR_SNTL,78ccacb3-4eb9-4d95-b244-f3a709e39fd1,45.1042805,-119.4959955
248,SNOTEL:305_CO_SNTL,cad51334-b3af-4c23-85c3-451c3447560a,39.7657045,-105.90448549999999
249,SNOTEL:306_ID_SNTL,36b98590-a7e6-4e00-8c7d-f0f3d25bafec,43.9515875,-115.273914
250,SNOTEL:308_AZ_SNTL,972ab3b1-7445-4f57-a1a1-c3be4c257869,34.742577999999995,-111.4111585
251,SNOTEL:311_MT_SNTL,0b9543d3-3cf9-4f28-b8eb-fd22c1956153,48.126665,-115.624257
252,SNOTEL:312_ID_SNTL,36b98590-a7e6-4e00-8c7d-f0f3d25bafec,43.9515875,-115.273914
253,SNOTEL:313_MT_SNTL,4f13c5e6-14c0-44cf-a2b0-4ef9bb3704fd,46.240373500000004,-113.7737275
254,SNOTEL:316_NM_SNTL,674e34ce-8b77-422b-ab14-c6c3a0183e39,37.006073,-106.2727945
255,SNOTEL:317_WY_SNTL,8116acfb-8035-4d34-b9b9-b0af2c5697df,41.071904,-106.9465315
256,SNOTEL:319_ID_SNTL,c66f40ed-f72e-4012-991c-1f3726e5c8ad,45.186647,-115.9746
257,SNOTEL:320_ID_SNTL,af0463d4-f20f-4d13-bd0f-5834e2e8717b,43.607837,-113.9264415
258,SNOTEL:321_NV_SNTL,5308a803-69e6-43cd-89db-66e93f9f83af,41.6651605,-115.327813
259,SNOTEL:322_CO_SNTL,f9f7132d-56a2-43e2-baba-312f34dbaeed,40.199347,-105.5990585
260,SNOTEL:324_ID_SNTL,c07ab5f6-14a9-4b0b-a9af-9f7db6e8c220,45.262572500000005,-117.1693595
261,SNOTEL:325_WY_SNTL,c5a82752-3e4b-43ec-8011-9111b9bfcb89,44.164622,-107.1261945
262,SNOTEL:326_WY_SNTL,e776d9b6-2180-4f50-90bf-77f7b920fc3b,44.805499999999995,-109.6594435
263,SNOTEL:327_CO_SNTL,69d48a07-3007-4b3f-bec6-c097509a56d9,37.720049,-107.5214535
264,SNOTEL:328_MT_SNTL,10a46ea0-13da-4cef-9aa6-ff48aa46881c,44.7863765,-111.70760250000001
265,SNOTEL:329_UT_SNTL,9813294e-a28e-45c0-976d-a6fa65d87927,39.134482,-111.4381075
266,SNOTEL:330_UT_SNTL,7bc3c413-4709-4ddd-a2ad-99f6cad9436c,40.677939499999994,-110.9530175
267,SNOTEL:331_OR_SNTL,631ed3c9-7863-4e7c-86fa-4bfb043f2851,44.830989,-118.1844555
268,SNOTEL:332_UT_SNTL,b59438b9-aadc-4899-9afb-fe71974c5c3a,41.4635215,-111.5009895
269,SNOTEL:333_UT_SNTL,b59438b9-aadc-4899-9afb-fe71974c5c3a,41.4635215,-111.5009895
270,SNOTEL:334_NV_SNTL,38793f95-324b-4f01-b1a7-45e1c9353bc1,39.565167,-115.8398525
271,SNOTEL:335_CO_SNTL,cad51334-b3af-4c23-85c3-451c3447560a,39.7657045,-105.90448549999999
272,SNOTEL:336_NV_SNTL,03428fd9-01cc-4a57-ab6e-f4e8f265c094,41.8929225,-115.857819
273,SNOTEL:337_NV_SNTL,f1f17cee-3fca-44bc-8974-b72d5f995a4a,40.3569745,-116.8639325
274,SNOTEL:338_ID_SNTL,c66f40ed-f72e-4012-991c-1f3726e5c8ad,45.186647,-115.9746
275,SNOTEL:339_UT_SNTL,7b636fe2-1760-45c5-afce-505f2e927163,38.483487,-112.390322
276,SNOTEL:340_NV_SNTL,d674ee8e-49f1-44c9-890d-4e04997522a1,38.9251335,-119.9182045
277,SNOTEL:341_OR_SNTL,dd7f64aa-3556-409b-bc86-71dc28b6fd45,42.079884500000006,-123.3407855
278,SNOTEL:342_WY_SNTL,990e5974-9c60-4c9a-ba23-ddce13971178,42.5713525,-108.8419765
279,SNOTEL:344_OR_SNTL,71f41513-6ac9-4d2e-97eb-6cd3b84f7043,42.379208,-122.3526385
280,SNOTEL:345_CO_SNTL,d64197fc-0723-4c61-9ce8-ff2554e24154,39.876097,-107.6023015
281,SNOTEL:346_MT_SNTL,89a7b0ef-1ec8-490f-9207-c93aa57a147f,47.1766355,-114.330683
282,SNOTEL:347_MT_SNTL,b1936012-0d31-4b92-8d60-c24903b2e569,44.5883915,-111.1147145
283,SNOTEL:348_UT_SNTL,9813294e-a28e-45c0-976d-a6fa65d87927,39.134482,-111.4381075
284,SNOTEL:349_MT_SNTL,4f13c5e6-14c0-44cf-a2b0-4ef9bb3704fd,46.240373500000004,-113.7737275
285,SNOTEL:350_WY_SNTL,333458b2-c1a9-47a3-8ae0-92053ad28ae3,44.479532,-110.036736
286,SNOTEL:354_SD_SNTL,ab89875f-3b86-4c6a-8d66-767017570dfc,42.5713525,-106.0931315
287,SNOTEL:355_MT_SNTL,6de38d5b-ccce-4ff2-90ed-1c7035491518,45.407812,-112.9562605
288,SNOTEL:356_CA_SNTL,c89dc6ca-6d69-41ce-954d-b51f64aaacb1,38.708156,-120.0439685
289,SNOTEL:358_WY_SNTL,6bc3e088-5139-43f2-9b2a-ade1cedeae47,44.799126,-107.8448465
290,SNOTEL:360_MT_SNTL,517aefce-a617-4251-acb9-c5faf0b7fdf3,46.913419,-110.8542025
291,SNOTEL:363_MT_SNTL,f46e7d90-a754-44a8-b262-63f5c401a0ab,45.218295,-110.2343655
292,SNOTEL:364_UT_SNTL,7b636fe2-1760-45c5-afce-505f2e927163,38.483487,-112.390322
293,SNOTEL:365_MT_SNTL,e467a17f-a729-4938-87a1-ac25157eed63,45.502333,-110.9620005
294,SNOTEL:366_UT_SNTL,eeb0a123-9482-4946-ab3f-9e63541cb655,40.562023499999995,-111.6537035
295,SNOTEL:368_UT_SNTL,a28a3caf-eea2-414f-8003-62ac82daaafa,40.739226,-110.6206405
296,SNOTEL:370_ID_SNTL,c66f40ed-f72e-4012-991c-1f3726e5c8ad,45.186647,-115.9746
297,SNOTEL:373_NV_SNTL,42a21eb9-10fd-4986-825b-9ea55ce13935,41.9664375,-118.1934385
298,SNOTEL:375_WA_SNTL,bb65d7a1-a5d5-4c89-9ef9-f0f1db06cc58,46.624231,-121.382458
299,SNOTEL:376_WA_SNTL,c59f438c-f00a-476a-938e-efd828e0d083,47.880235,-117.088511
300,SNOTEL:377_WY_SNTL,6bc3e088-5139-43f2-9b2a-ade1cedeae47,44.799126,-107.8448465
301,SNOTEL:379_WY_SNTL,692c41af-2210-4dd6-916d-c99e76807447,43.672847000000004,-109.3809655
302,SNOTEL:380_CO_SNTL,6662f7d0-4afc-4fed-b930-e0408ee10bc7,38.890181999999996,-106.9555145
303,SNOTEL:381_MT_SNTL,4f13c5e6-14c0-44cf-a2b0-4ef9bb3704fd,46.240373500000004,-113.7737275
304,SNOTEL:385_MT_SNTL,b1936012-0d31-4b92-8d60-c24903b2e569,44.5883915,-111.1147145
305,SNOTEL:386_CO_SNTL,fb32a838-cf3b-47a2-9e22-395a730f4f4f,37.6631815,-107.7999305
306,SNOTEL:387_CO_SNTL,fb32a838-cf3b-47a2-9e22-395a730f4f4f,37.6631815,-107.7999305
307,SNOTEL:388_OR_SNTL,ea185683-4427-44c3-84e1-706cf16781ce,43.51019049999999,-121.9753465
308,SNOTEL:389_WY_SNTL,ab89875f-3b86-4c6a-8d66-767017570dfc,42.5713525,-106.0931315
309,SNOTEL:390_UT_SNTL,55d3e9a6-e153-43c3-a66c-cd60711ff4a9,37.5777975,-112.9023615
310,SNOTEL:392_UT_SNTL,064d7f3e-8bbd-49cd-b360-5c4590a19b9e,40.7936545,-110.8811525
311,SNOTEL:393_UT_SNTL,064d7f3e-8bbd-49cd-b360-5c4590a19b9e,40.7936545,-110.8811525
312,SNOTEL:396_UT_SNTL,50d7ad3f-57f0-45e1-911d-b0efff9deb8f,40.841244,-110.0008035
313,SNOTEL:398_OR_SNTL,8edd6091-10fa-4617-8dc8-e0ce1d5b84f7,45.0408405,-121.9304305
314,SNOTEL:399_UT_SNTL,0a820e12-033b-45d6-9ef9-d70f4c5e5b63,39.889883,-111.2494615
315,SNOTEL:401_OR_SNTL,8edd6091-10fa-4617-8dc8-e0ce1d5b84f7,45.0408405,-121.9304305
316,SNOTEL:402_WY_SNTL,02c3ec4a-8de4-4284-9ec1-5a942d3d098e,44.581993999999995,-107.1980595
317,SNOTEL:403_MT_SNTL,05938de0-622b-4e0a-a82b-2a128e5be0b0,44.97733,-111.9501475
318,SNOTEL:406_OR_SNTL,71f41513-6ac9-4d2e-97eb-6cd3b84f7043,42.379208,-122.3526385
319,SNOTEL:407_MT_SNTL,e776d9b6-2180-4f50-90bf-77f7b920fc3b,44.805499999999995,-109.6594435
320,SNOTEL:409_CO_SNTL,a4339b9a-871e-44c2-9bb4-bcbfe9d590d7,37.8478425,-108.2670545
321,SNOTEL:410_MT_SNTL,4f13c5e6-14c0-44cf-a2b0-4ef9bb3704fd,46.240373500000004,-113.7737275
322,SNOTEL:411_ID_SNTL,440d7558-67fd-43b4-826b-26d02663f871,46.562501499999996,-115.2918805
323,SNOTEL:412_CO_SNTL,f9f7132d-56a2-43e2-baba-312f34dbaeed,40.199347,-105.5990585
324,SNOTEL:413_MT_SNTL,99a2d4a9-63a0-43a7-976d-2a1ed822186d,46.8397315,-112.507103
325,SNOTEL:414_MT_SNTL,99a2d4a9-63a0-43a7-976d-2a1ed822186d,46.8397315,-112.507103
326,SNOTEL:415_CO_SNTL,be57eab6-a495-427f-8a36-9d118c03e7d8,39.4889485,-106.1649975
327,SNOTEL:416_AZ_SNTL,1135e377-22e6-4290-b4cd-e6739de7fd8a,33.650385,-109.3091005
328,SNOTEL:417_NV_SNTL,a5080351-033f-4cfa-ad27-019fc84e052c,40.895589,-115.211032
329,SNOTEL:418_WA_SNTL,9474e816-b673-4e6d-83e0-28c274945bef,47.0666095,-121.5890705
330,SNOTEL:419_WY_SNTL,df7e906a-07f3-4a46-b9a5-0200427c26f7,42.299527,-110.6745395
331,SNOTEL:420_WA_SNTL,360f1bcc-aa60-4052-a18a-b33da5745ff4,47.3595055,-121.5711045
332,SNOTEL:422_OR_SNTL,e27143af-fdc0-4f6f-8a28-f57b78da75dc,45.363648,-118.4629335
333,SNOTEL:423_ID_SNTL,36b98590-a7e6-4e00-8c7d-f0f3d25bafec,43.9515875,-115.273914
334,SNOTEL:424_ID_SNTL,10a46ea0-13da-4cef-9aa6-ff48aa46881c,44.7863765,-111.70760250000001
335,SNOTEL:426_CO_SNTL,02cf33c2-c8e2-48b9-bf72-92506e97e251,40.398034499999994,-106.6051715
336,SNOTEL:428_CA_SNTL,51ebe834-adf4-474e-871e-28ebca2bd0cc,38.911155,-120.3763445
337,SNOTEL:430_CO_SNTL,2ca6a37f-67f5-4905-864b-ddf98d956ebb,37.35677,-105.2307495
338,SNOTEL:431_CO_SNTL,0623939d-b33f-41cb-ade2-3c4a776de49a,37.0777755,-106.45245800000001
339,SNOTEL:432_UT_SNTL,cfe58efd-ce2a-495a-90cd-6826f704ebee,40.295338,-111.2584445
340,SNOTEL:433_MT_SNTL,4f13c5e6-14c0-44cf-a2b0-4ef9bb3704fd,46.240373500000004,-113.7737275
341,SNOTEL:434_OR_SNTL,a6861fc3-2315-451b-9b95-c06d1ea96b4b,44.613976,-122.2268745
342,SNOTEL:436_MT_SNTL,cacaa17b-0b1b-4fe2-a4c1-7728e6c154c1,45.6720715,-113.9533905
343,SNOTEL:437_MT_SNTL,517aefce-a617-4251-acb9-c5faf0b7fdf3,46.913419,-110.8542025
344,SNOTEL:438_CO_SNTL,9f0599d8-81f3-4ab5-b275-48a6ddaaae5b,40.5347195,-105.8865195
345,SNOTEL:439_ID_SNTL,36b98590-a7e6-4e00-8c7d-f0f3d25bafec,43.9515875,-115.273914
346,SNOTEL:444_UT_SNTL,9813294e-a28e-45c0-976d-a6fa65d87927,39.134482,-111.4381075
347,SNOTEL:448_MT_SNTL,05938de0-622b-4e0a-a82b-2a128e5be0b0,44.97733,-111.9501475
348,SNOTEL:449_WY_SNTL,8116acfb-8035-4d34-b9b9-b0af2c5697df,41.071904,-106.9465315
349,SNOTEL:450_ID_SNTL,695c7749-a3b8-4158-bd14-59d1f2c3e736,43.484125,-114.8247565
350,SNOTEL:451_WY_SNTL,02c3ec4a-8de4-4284-9ec1-5a942d3d098e,44.581993999999995,-107.1980595
351,SNOTEL:452_UT_SNTL,ad44deb7-e56d-47bd-8d64-7147493e0aee,37.9754145,-111.8333665
352,SNOTEL:455_UT_SNTL,b59438b9-aadc-4899-9afb-fe71974c5c3a,41.4635215,-111.5009895
353,SNOTEL:457_CO_SNTL,02cf33c2-c8e2-48b9-bf72-92506e97e251,40.398034499999994,-106.6051715
354,SNOTEL:458_MT_SNTL,dca30f20-582e-40ef-be6d-aa7858be4baa,48.1326605,-113.0191425
355,SNOTEL:460_WY_SNTL,695bed09-0ad9-406e-b489-69408adeea06,43.3862775,-110.1265675
356,SNOTEL:462_CA_SNTL,962f6718-ce02-4d13-b28c-e159d1adc2d4,38.4905185,-119.8014235
357,SNOTEL:463_CA_SNTL,f6106ef5-e6fd-423b-9034-59bce18319da,38.9181445,-120.205665
358,SNOTEL:464_OR_SNTL,631ed3c9-7863-4e7c-86fa-4bfb043f2851,44.830989,-118.1844555
359,SNOTEL:465_CO_SNTL,d10a90c7-3db0-43c6-b04b-fe8b4c3f206e,37.7910725,-108.01552649999999
360,SNOTEL:466_ID_SNTL,b1077b69-4b02-458e-8a4b-e68695ac534f,46.494518,-115.7949365
361,SNOTEL:467_CO_SNTL,86257c69-a8f1-43b1-9e07-73129e2c3fbc,40.8140545,-106.748902
362,SNOTEL:470_OR_SNTL,e27143af-fdc0-4f6f-8a28-f57b78da75dc,45.363648,-118.4629335
363,SNOTEL:472_WY_SNTL,e776d9b6-2180-4f50-90bf-77f7b920fc3b,44.805499999999995,-109.6594435
364,SNOTEL:474_UT_SNTL,10162c55-772d-49d2-8b1b-b1f9c86254b2,40.936319,-111.8154005
365,SNOTEL:475_UT_SNTL,9813294e-a28e-45c0-976d-a6fa65d87927,39.134482,-111.4381075
366,SNOTEL:476_NV_SNTL,875622b7-5253-43d2-8e0f-348767860eb9,41.7791425,-116.0284985
367,SNOTEL:477_OR_SNTL,65894307-d4eb-4b2e-a0fa-bd83a102dc30,42.756312,-118.6875125
368,SNOTEL:478_WA_SNTL,bfda850c-3027-4e91-afcb-cca5e73e4a03,47.2742445,-121.3375425
369,SNOTEL:480_MT_SNTL,f46e7d90-a754-44a8-b262-63f5c401a0ab,45.218295,-110.2343655
370,SNOTEL:481_UT_SNTL,a28a3caf-eea2-414f-8003-62ac82daaafa,40.739226,-110.6206405
371,SNOTEL:482_MT_SNTL,d37ccc2e-7127-48ec-9425-2e77681c3635,48.4315575,-113.9354245
372,SNOTEL:483_OR_SNTL,71f41513-6ac9-4d2e-97eb-6cd3b84f7043,42.379208,-122.3526385
373,SNOTEL:484_ID_SNTL,6bf06917-011b-4029-8fbe-a8dfea3bc598,42.359297,-111.563872
374,SNOTEL:485_CO_SNTL,75ced1b1-1fc2-42d3-a4f8-44aa1978c8ef,39.384880499999994,-106.1919465
375,SNOTEL:486_NM_SNTL,1135e377-22e6-4290-b4cd-e6739de7fd8a,33.650385,-109.3091005
376,SNOTEL:487_MT_SNTL,f3e36cea-5eb2-495a-87f4-947395f325b0,46.3582945,-112.2645575
377,SNOTEL:488_AZ_SNTL,a2588440-600e-41da-b2b9-1f5632ecdef6,34.860599500000006,-111.6087875
378,SNOTEL:489_ID_SNTL,f3332d55-ecc8-4644-9deb-180e42abb2eb,43.8221025,-114.267801
379,SNOTEL:490_ID_SNTL,695c7749-a3b8-4158-bd14-59d1f2c3e736,43.484125,-114.8247565
380,SNOTEL:491_NM_SNTL,9c43edf0-541f-4dbb-9fe1-42cc83d453bd,36.125859,-105.5271935
381,SNOTEL:493_ID_SNTL,6bf06917-011b-4029-8fbe-a8dfea3bc598,42.359297,-111.563872
382,SNOTEL:494_OR_SNTL,631ed3c9-7863-4e7c-86fa-4bfb043f2851,44.830989,-118.1844555
383,SNOTEL:495_UT_SNTL,9813294e-a28e-45c0-976d-a6fa65d87927,39.134482,-111.4381075
384,SNOTEL:497_WY_SNTL,695bed09-0ad9-406e-b489-69408adeea06,43.3862775,-110.1265675
385,SNOTEL:498_NV_SNTL,42a21eb9-10fd-4986-825b-9ea55ce13935,41.9664375,-118.1934385
386,SNOTEL:499_WY_SNTL,491846d3-f81a-4777-b49f-0a0c74168395,43.9386515,-110.4409775
387,SNOTEL:500_MT_SNTL,d37ccc2e-7127-48ec-9425-2e77681c3635,48.4315575,-113.9354245
388,SNOTEL:503_NV_SNTL,a5080351-033f-4cfa-ad27-019fc84e052c,40.895589,-115.211032
389,SNOTEL:505_CO_SNTL,552a5638-8fd2-46de-8569-5f5512102264,39.655135,-105.868553
390,SNOTEL:507_WA_SNTL,6d0ff6eb-0411-4863-b4e7-90958db98115,47.347334000000004,-120.681772
391,SNOTEL:508_CA_SNTL,d674ee8e-49f1-44c9-890d-4e04997522a1,38.9251335,-119.9182045
392,SNOTEL:509_WY_SNTL,df7e906a-07f3-4a46-b9a5-0200427c26f7,42.299527,-110.6745395
393,SNOTEL:510_MT_SNTL,0b9543d3-3cf9-4f28-b8eb-fd22c1956153,48.126665,-115.624257
394,SNOTEL:512_WY_SNTL,c5a82752-3e4b-43ec-8011-9111b9bfcb89,44.164622,-107.1261945
395,SNOTEL:514_UT_SNTL,55d3e9a6-e153-43c3-a66c-cd60711ff4a9,37.5777975,-112.9023615
396,SNOTEL:519_AZ_SNTL,0aeaffd7-9089-49e7-85ad-2314f32cbf7c,34.3652575,-111.0069165
397,SNOTEL:520_ID_SNTL,b1077b69-4b02-458e-8a4b-e68695ac534f,46.494518,-115.7949365
398,SNOTEL:521_UT_SNTL,c0568d62-49c7-4d9f-beba-ac0fb3e064c5,40.882007,-110.5397925
399,SNOTEL:522_UT_SNTL,50d7ad3f-57f0-45e1-911d-b0efff9deb8f,40.841244,-110.0008035
400,SNOTEL:523_OR_SNTL,e27143af-fdc0-4f6f-8a28-f57b78da75dc,45.363648,-118.4629335
401,SNOTEL:524_ID_SNTL,3330a979-98df-4a38-ac3f-0b45374f8e3d,44.415402,-113.3964355
402,SNOTEL:525_WY_SNTL,990e5974-9c60-4c9a-ba23-ddce13971178,42.5713525,-108.8419765
403,SNOTEL:526_OR_SNTL,a6861fc3-2315-451b-9b95-c06d1ea96b4b,44.613976,-122.2268745
404,SNOTEL:528_UT_SNTL,50d7ad3f-57f0-45e1-911d-b0efff9deb8f,40.841244,-110.0008035
405,SNOTEL:529_OR_SNTL,fe33672e-7ea7-4c5d-8639-96b2cc7edb0c,43.8998275,-122.029245
406,SNOTEL:530_MT_SNTL,440d7558-67fd-43b4-826b-26d02663f871,46.562501499999996,-115.2918805
407,SNOTEL:531_CO_SNTL,59ac7ee6-8fa8-4888-bb77-2be6781dddaf,39.357102,-106.0571995
408,SNOTEL:532_NM_SNTL,674e34ce-8b77-422b-ab14-c6c3a0183e39,37.006073,-106.2727945
409,SNOTEL:533_UT_SNTL,dc237027-8dae-4da7-91ec-501701ecd943,41.3557235,-111.4830235
410,SNOTEL:535_ID_SNTL,b5d7b6b8-4e5d-4b5e-8976-c72e99f57769,47.456778,-115.7051055
411,SNOTEL:540_CA_SNTL,018cf1a1-f945-4097-9c47-0c4690538bb5,39.67588,-120.61889
412,SNOTEL:541_CA_SNTL,018cf1a1-f945-4097-9c47-0c4690538bb5,39.67588,-120.61889
413,SNOTEL:542_CO_SNTL,a0c947fb-f00e-4331-ad3a-402908e08b57,39.0438405,-106.6500875
414,SNOTEL:543_UT_SNTL,19b5e6ce-c1a0-4cce-85f5-248c9f1abb6e,39.67588,-110.4319945
415,SNOTEL:548_NV_SNTL,875622b7-5253-43d2-8e0f-348767860eb9,41.7791425,-116.0284985
416,SNOTEL:549_NV_SNTL,875622b7-5253-43d2-8e0f-348767860eb9,41.7791425,-116.0284985
417,SNOTEL:550_ID_SNTL,36b98590-a7e6-4e00-8c7d-f0f3d25bafec,43.9515875,-115.273914
418,SNOTEL:552_OR_SNTL,a6861fc3-2315-451b-9b95-c06d1ea96b4b,44.613976,-122.2268745
419,SNOTEL:553_WA_SNTL,cdfc27f0-b990-45f7-bac6-7c674cd157ac,46.178208,-121.9304305
420,SNOTEL:554_WY_SNTL,df7e906a-07f3-4a46-b9a5-0200427c26f7,42.299527,-110.6745395
421,SNOTEL:555_WY_SNTL,695bed09-0ad9-406e-b489-69408adeea06,43.3862775,-110.1265675
422,SNOTEL:556_CO_SNTL,e833aad1-6da3-4413-b25e-b2ab5b2029c0,39.294562,-106.5512725
423,SNOTEL:558_OR_SNTL,dd7f64aa-3556-409b-bc86-71dc28b6fd45,42.079884500000006,-123.3407855
424,SNOTEL:559_UT_SNTL,50d7ad3f-57f0-45e1-911d-b0efff9deb8f,40.841244,-110.0008035
425,SNOTEL:560_WY_SNTL,692c41af-2210-4dd6-916d-c99e76807447,43.672847000000004,-109.3809655
426,SNOTEL:562_MT_SNTL,89a7b0ef-1ec8-490f-9207-c93aa57a147f,47.1766355,-114.330683
427,SNOTEL:563_OR_SNTL,408b4482-ff63-4a1f-9cf9-ca820cd51b39,44.2483345,-118.5168325
428,SNOTEL:564_CO_SNTL,f9f7132d-56a2-43e2-baba-312f34dbaeed,40.199347,-105.5990585
429,SNOTEL:565_CO_SNTL,8c45801f-6377-42e1-ae0a-9b53593ff843,40.398034499999994,-105.8505865
430,SNOTEL:566_UT_SNTL,c7f13d88-b4af-4484-9547-52197f778c08,40.548373,-110.3511465
431,SNOTEL:568_MT_SNTL,10a46ea0-13da-4cef-9aa6-ff48aa46881c,44.7863765,-111.70760250000001
432,SNOTEL:569_NV_SNTL,42a21eb9-10fd-4986-825b-9ea55ce13935,41.9664375,-118.1934385
433,SNOTEL:570_NV_SNTL,a5080351-033f-4cfa-ad27-019fc84e052c,40.895589,-115.211032
434,SNOTEL:571_WY_SNTL,ab89875f-3b86-4c6a-8d66-767017570dfc,42.5713525,-106.0931315
435,SNOTEL:572_UT_SNTL,20b97bae-60d6-466d-aca9-334d9b2d63b6,37.8691195,-109.4438475
436,SNOTEL:575_CA_SNTL,01be2cc7-ef77-4e4d-80ed-c4f8139162c3,38.279274,-119.6127765
437,SNOTEL:576_MT_SNTL,3330a979-98df-4a38-ac3f-0b45374f8e3d,44.415402,-113.3964355
438,SNOTEL:577_WY_SNTL,491846d3-f81a-4777-b49f-0a0c74168395,43.9386515,-110.4409775
439,SNOTEL:579_UT_SNTL,064d7f3e-8bbd-49cd-b360-5c4590a19b9e,40.7936545,-110.8811525
440,SNOTEL:580_CO_SNTL,4ddee9a9-feaf-4daa-9100-0d4188f7b827,37.363910000000004,-106.5422895
441,SNOTEL:582_UT_SNTL,b59438b9-aadc-4899-9afb-fe71974c5c3a,41.4635215,-111.5009895
442,SNOTEL:583_UT_SNTL,24cd85fa-6aee-4556-bb8a-b6696eb72a19,37.527945,-113.0550755
443,SNOTEL:585_WY_SNTL,0adbba56-85f8-49e0-9b11-000622238d91,43.3862775,-109.8750395
444,SNOTEL:587_CA_SNTL,74f8c8bc-2f60-4232-b447-43459d5d22f0,38.50458,-119.62176
445,SNOTEL:588_ID_SNTL,cfd2c7fc-c29a-4a32-a11d-d04fa2dd660d,46.1408745,-114.5013625
446,SNOTEL:589_CO_SNTL,57e18a9f-8327-4d6c-b2b4-c2b337341e86,37.833653999999996,-108.2221395
447,SNOTEL:590_MT_SNTL,e467a17f-a729-4938-87a1-ac25157eed63,45.502333,-110.9620005
448,SNOTEL:591_WA_SNTL,cdfc27f0-b990-45f7-bac6-7c674cd157ac,46.178208,-121.9304305
449,SNOTEL:592_UT_SNTL,24cd85fa-6aee-4556-bb8a-b6696eb72a19,37.527945,-113.0550755
450,SNOTEL:593_UT_SNTL,55d3e9a6-e153-43c3-a66c-cd60711ff4a9,37.5777975,-112.9023615
451,SNOTEL:596_UT_SNTL,10162c55-772d-49d2-8b1b-b1f9c86254b2,40.936319,-111.8154005
452,SNOTEL:597_WY_SNTL,695bed09-0ad9-406e-b489-69408adeea06,43.3862775,-110.1265675
453,SNOTEL:600_ID_SNTL,b5d7b6b8-4e5d-4b5e-8976-c72e99f57769,47.456778,-115.7051055
454,SNOTEL:603_MT_SNTL,678f1920-0bc3-4687-af71-35d61030b1a0,45.596695499999996,-111.9591305
455,SNOTEL:604_MT_SNTL,4f13c5e6-14c0-44cf-a2b0-4ef9bb3704fd,46.240373500000004,-113.7737275
456,SNOTEL:605_OR_SNTL,e27143af-fdc0-4f6f-8a28-f57b78da75dc,45.363648,-118.4629335
457,SNOTEL:606_WA_SNTL,47e625fa-e2df-43ce-84dd-8ac21fdda75a,48.5208855,-120.735671
458,SNOTEL:607_CO_SNTL,02cf33c2-c8e2-48b9-bf72-92506e97e251,40.398034499999994,-106.6051715
459,SNOTEL:610_ID_SNTL,d17b55c5-7848-4b79-a735-983aec995c52,42.1665015,-114.1959355
460,SNOTEL:612_UT_SNTL,0a820e12-033b-45d6-9ef9-d70f4c5e5b63,39.889883,-111.2494615
461,SNOTEL:613_MT_SNTL,d37ccc2e-7127-48ec-9425-2e77681c3635,48.4315575,-113.9354245
462,SNOTEL:614_OR_SNTL,a6861fc3-2315-451b-9b95-c06d1ea96b4b,44.613976,-122.2268745
463,SNOTEL:615_NV_SNTL,d674ee8e-49f1-44c9-890d-4e04997522a1,38.9251335,-119.9182045
464,SNOTEL:616_WY_SNTL,692c41af-2210-4dd6-916d-c99e76807447,43.672847000000004,-109.3809655
465,SNOTEL:617_AZ_SNTL,f6a782f0-4b17-4989-815c-2398b77b09dd,33.9787815,-109.50673
466,SNOTEL:619_OR_SNTL,fe33672e-7ea7-4c5d-8639-96b2cc7edb0c,43.8998275,-122.029245
467,SNOTEL:620_ID_SNTL,3330a979-98df-4a38-ac3f-0b45374f8e3d,44.415402,-113.3964355
468,SNOTEL:621_UT_SNTL,7b636fe2-1760-45c5-afce-505f2e927163,38.483487,-112.390322
469,SNOTEL:622_CO_SNTL,87d6c782-c43b-473f-84da-d2a519d8f1fc,39.050816999999995,-108.05145949999999
470,SNOTEL:623_ID_SNTL,b5d7b6b8-4e5d-4b5e-8976-c72e99f57769,47.456778,-115.7051055
471,SNOTEL:625_WY_SNTL,253c2443-b820-4c13-bf6d-ba7a5426f52d,43.464568,-107.2429755
472,SNOTEL:626_UT_SNTL,55d3e9a6-e153-43c3-a66c-cd60711ff4a9,37.5777975,-112.9023615
473,SNOTEL:627_ID_SNTL,830bc2b9-592d-4334-842a-213ba4c0a347,44.843728999999996,-114.267801
474,SNOTEL:628_UT_SNTL,eeb0a123-9482-4946-ab3f-9e63541cb655,40.562023499999995,-111.6537035
475,SNOTEL:629_CO_SNTL,5c4dff48-4afa-4922-949e-f64db583f392,37.854935499999996,-107.7280655
476,SNOTEL:633_CA_SNTL,74f8c8bc-2f60-4232-b447-43459d5d22f0,38.50458,-119.62176
477,SNOTEL:637_ID_SNTL,36b98590-a7e6-4e00-8c7d-f0f3d25bafec,43.9515875,-115.273914
478,SNOTEL:640_AZ_SNTL,c0e85162-6ff4-401b-b01e-cc6d7a51eac0,34.9710915,-111.509973
479,SNOTEL:642_WA_SNTL,9474e816-b673-4e6d-83e0-28c274945bef,47.0666095,-121.5890705
480,SNOTEL:643_UT_SNTL,50d7ad3f-57f0-45e1-911d-b0efff9deb8f,40.841244,-110.0008035
481,SNOTEL:644_WA_SNTL,dc31c331-837b-4b59-b184-051321e9489c,48.7227805,-120.6548225
482,SNOTEL:645_ID_SNTL,0d0b742e-c324-4140-8f62-746210d79080,48.306233500000005,-116.0734145
483,SNOTEL:646_MT_SNTL,89a7b0ef-1ec8-490f-9207-c93aa57a147f,47.1766355,-114.330683
484,SNOTEL:647_OR_SNTL,c07ab5f6-14a9-4b0b-a9af-9f7db6e8c220,45.262572500000005,-117.1693595
485,SNOTEL:648_WA_SNTL,6c94136d-5040-4c09-b1fd-c02dbff210e6,47.801853,-123.1251895
486,SNOTEL:649_MT_SNTL,dca30f20-582e-40ef-be6d-aa7858be4baa,48.1326605,-113.0191425
487,SNOTEL:650_ID_SNTL,cfd2c7fc-c29a-4a32-a11d-d04fa2dd660d,46.1408745,-114.5013625
488,SNOTEL:651_OR_SNTL,e13f9c1b-dca0-4c63-a64c-76f6bc725156,45.426729,-121.8585655
489,SNOTEL:652_NV_SNTL,d674ee8e-49f1-44c9-890d-4e04997522a1,38.9251335,-119.9182045
490,SNOTEL:654_ID_SNTL,0cda0c4a-405b-4e16-8922-964190929d80,42.7629075,-116.8998645
491,SNOTEL:655_OR_SNTL,e13f9c1b-dca0-4c63-a64c-76f6bc725156,45.426729,-121.8585655
492,SNOTEL:657_MT_SNTL,99a2d4a9-63a0-43a7-976d-2a1ed822186d,46.8397315,-112.507103
493,SNOTEL:658_CO_SNTL,e833aad1-6da3-4413-b25e-b2ab5b2029c0,39.294562,-106.5512725
494,SNOTEL:661_WY_SNTL,679fe096-5475-4d4d-b0f8-81e32de889aa,43.0064475,-109.7582585
495,SNOTEL:662_MT_SNTL,cfd2c7fc-c29a-4a32-a11d-d04fa2dd660d,46.1408745,-114.5013625
496,SNOTEL:663_CO_SNTL,f9f7132d-56a2-43e2-baba-312f34dbaeed,40.199347,-105.5990585
497,SNOTEL:664_MT_SNTL,d37ccc2e-7127-48ec-9425-2e77681c3635,48.4315575,-113.9354245
498,SNOTEL:665_NM_SNTL,2ca6a37f-67f5-4905-864b-ddf98d956ebb,37.35677,-105.2307495
499,SNOTEL:666_OR_SNTL,e13f9c1b-dca0-4c63-a64c-76f6bc725156,45.426729,-121.8585655
500,SNOTEL:667_MT_SNTL,89a7b0ef-1ec8-490f-9207-c93aa57a147f,47.1766355,-114.330683
501,SNOTEL:669_CO_SNTL,3527e00e-1aee-46ce-ad9d-8122cff4c202,39.0717425,-107.1531435
502,SNOTEL:670_MT_SNTL,f46e7d90-a754-44a8-b262-63f5c401a0ab,45.218295,-110.2343655
503,SNOTEL:671_OR_SNTL,c64f2bf3-90f0-4a96-b3a8-9f8db46dce92,44.447475499999996,-119.9271875
504,SNOTEL:672_WA_SNTL,360f1bcc-aa60-4052-a18a-b33da5745ff4,47.3595055,-121.5711045
505,SNOTEL:673_WY_SNTL,8116acfb-8035-4d34-b9b9-b0af2c5697df,41.071904,-106.9465315
506,SNOTEL:676_WY_SNTL,692c41af-2210-4dd6-916d-c99e76807447,43.672847000000004,-109.3809655
507,SNOTEL:677_ID_SNTL,6bf06917-011b-4029-8fbe-a8dfea3bc598,42.359297,-111.563872
508,SNOTEL:680_CO_SNTL,94d9d95f-32b2-470d-95f8-dbd843d6def3,38.8202275,-106.5961885
509,SNOTEL:681_WA_SNTL,47e625fa-e2df-43ce-84dd-8ac21fdda75a,48.5208855,-120.735671
510,SNOTEL:682_CO_SNTL,35aecf7e-5f0b-4533-995c-3cb4165d44b5,39.0229065,-107.9975605
511,SNOTEL:683_WY_SNTL,e776d9b6-2180-4f50-90bf-77f7b920fc3b,44.805499999999995,-109.6594435
512,SNOTEL:684_UT_SNTL,eeb0a123-9482-4946-ab3f-9e63541cb655,40.562023499999995,-111.6537035
513,SNOTEL:686_UT_SNTL,0a820e12-033b-45d6-9ef9-d70f4c5e5b63,39.889883,-111.2494615
514,SNOTEL:689_WY_SNTL,ce76ce00-c8b5-4597-8ca3-1ec9db795b50,43.5687975,-111.213529
515,SNOTEL:690_MT_SNTL,517aefce-a617-4251-acb9-c5faf0b7fdf3,46.913419,-110.8542025
516,SNOTEL:691_UT_SNTL,9813294e-a28e-45c0-976d-a6fa65d87927,39.134482,-111.4381075
517,SNOTEL:693_MT_SNTL,dca30f20-582e-40ef-be6d-aa7858be4baa,48.1326605,-113.0191425
518,SNOTEL:694_UT_SNTL,7b636fe2-1760-45c5-afce-505f2e927163,38.483487,-112.390322
519,SNOTEL:696_MT_SNTL,f46e7d90-a754-44a8-b262-63f5c401a0ab,45.218295,-110.2343655
520,SNOTEL:698_NV_SNTL,5308a803-69e6-43cd-89db-66e93f9f83af,41.6651605,-115.327813
521,SNOTEL:699_WA_SNTL,47e625fa-e2df-43ce-84dd-8ac21fdda75a,48.5208855,-120.735671
522,SNOTEL:700_MT_SNTL,630bae26-a6cc-4a36-bbe5-40dc15b38dea,46.091057500000005,-110.4319945
523,SNOTEL:702_WA_SNTL,bb65d7a1-a5d5-4c89-9ef9-f0f1db06cc58,46.624231,-121.382458
524,SNOTEL:704_ID_SNTL,0bd47ec1-0e3c-43bf-a491-534d06beb19f,43.2686525,-115.3457795
525,SNOTEL:706_OR_SNTL,0a0ea690-5b73-4459-91d5-a6948d132a48,42.696921,-120.798553
526,SNOTEL:708_NM_SNTL,6afdc499-9686-4451-b207-13df777df662,36.002412,-106.5512725
527,SNOTEL:709_CO_SNTL,02cf33c2-c8e2-48b9-bf72-92506e97e251,40.398034499999994,-106.6051715
528,SNOTEL:710_OR_SNTL,ea185683-4427-44c3-84e1-706cf16781ce,43.51019049999999,-121.9753465
529,SNOTEL:712_OR_SNTL,b98777af-0c7c-44f7-9c03-85d6d412856c,45.621832,-121.7058515
530,SNOTEL:713_CO_SNTL,7610b45e-5652-4604-ab5b-99344f71616b,37.89748,-107.7190825
531,SNOTEL:714_UT_SNTL,ad9f3d28-ef5a-4851-a5e4-5e2f7b63d17b,39.322364500000006,-111.4920065
532,SNOTEL:715_NM_SNTL,e3473791-6153-49bc-a2ed-0b1e3e243942,36.473369000000005,-105.1948165
533,SNOTEL:717_CO_SNTL,d64197fc-0723-4c61-9ce8-ff2554e24154,39.876097,-107.6023015
534,SNOTEL:718_CO_SNTL,9f0599d8-81f3-4ab5-b275-48a6ddaaae5b,40.5347195,-105.8865195
535,SNOTEL:720_UT_SNTL,a28a3caf-eea2-414f-8003-62ac82daaafa,40.739226,-110.6206405
536,SNOTEL:723_UT_SNTL,93b8483d-a510-42ff-865e-33d5a8784dc4,40.4937435,-112.6149005
537,SNOTEL:724_CA_SNTL,f6106ef5-e6fd-423b-9034-59bce18319da,38.9181445,-120.205665
538,SNOTEL:726_OR_SNTL,a6861fc3-2315-451b-9b95-c06d1ea96b4b,44.613976,-122.2268745
539,SNOTEL:727_MT_SNTL,cacaa17b-0b1b-4fe2-a4c1-7728e6c154c1,45.6720715,-113.9533905
540,SNOTEL:728_WA_SNTL,dc31c331-837b-4b59-b184-051321e9489c,48.7227805,-120.6548225
541,SNOTEL:729_OR_SNTL,ea185683-4427-44c3-84e1-706cf16781ce,43.51019049999999,-121.9753465
542,SNOTEL:730_WY_SNTL,df7e906a-07f3-4a46-b9a5-0200427c26f7,42.299527,-110.6745395
543,SNOTEL:731_WY_SNTL,3b5bfd37-070c-4ee9-a470-c9338851e270,41.3557235,-106.2278795
544,SNOTEL:732_WY_SNTL,8116acfb-8035-4d34-b9b9-b0af2c5697df,41.071904,-106.9465315
545,SNOTEL:733_OR_SNTL,a6861fc3-2315-451b-9b95-c06d1ea96b4b,44.613976,-122.2268745
546,SNOTEL:734_WA_SNTL,bfda850c-3027-4e91-afcb-cca5e73e4a03,47.2742445,-121.3375425
547,SNOTEL:735_ID_SNTL,cfd2c7fc-c29a-4a32-a11d-d04fa2dd660d,46.1408745,-114.5013625
548,SNOTEL:736_OR_SNTL,c07ab5f6-14a9-4b0b-a9af-9f7db6e8c220,45.262572500000005,-117.1693595
549,SNOTEL:738_ID_SNTL,0d0b742e-c324-4140-8f62-746210d79080,48.306233500000005,-116.0734145
550,SNOTEL:739_CO_SNTL,35eee1cd-f92a-4ba5-af03-fb5347490f41,37.641844500000005,-108.0065435
551,SNOTEL:741_ID_SNTL,6bf06917-011b-4029-8fbe-a8dfea3bc598,42.359297,-111.563872
552,SNOTEL:742_UT_SNTL,ad9f3d28-ef5a-4851-a5e4-5e2f7b63d17b,39.322364500000006,-111.4920065
553,SNOTEL:743_OR_SNTL,a6861fc3-2315-451b-9b95-c06d1ea96b4b,44.613976,-122.2268745
554,SNOTEL:744_NM_SNTL,6afdc499-9686-4451-b207-13df777df662,36.002412,-106.5512725
555,SNOTEL:745_OR_SNTL,5e252b65-58dd-421f-a0db-3d4669bfb235,42.7892825,-121.9753465
556,SNOTEL:746_NV_SNTL,5308a803-69e6-43cd-89db-66e93f9f83af,41.6651605,-115.327813
557,SNOTEL:747_ID_SNTL,b1077b69-4b02-458e-8a4b-e68695ac534f,46.494518,-115.7949365
558,SNOTEL:748_WA_SNTL,cdfc27f0-b990-45f7-bac6-7c674cd157ac,46.178208,-121.9304305
559,SNOTEL:749_ID_SNTL,ce76ce00-c8b5-4597-8ca3-1ec9db795b50,43.5687975,-111.213529
560,SNOTEL:751_WY_SNTL,02c3ec4a-8de4-4284-9ec1-5a942d3d098e,44.581993999999995,-107.1980595
561,SNOTEL:752_ID_SNTL,b1077b69-4b02-458e-8a4b-e68695ac534f,46.494518,-115.7949365
562,SNOTEL:754_MT_SNTL,e467a17f-a729-4938-87a1-ac25157eed63,45.502333,-110.9620005
563,SNOTEL:755_NM_SNTL,43be1328-02b0-4cc1-8e9b-75842908cee3,33.358253500000004,-107.8268805
564,SNOTEL:756_OR_SNTL,0a0ea690-5b73-4459-91d5-a6948d132a48,42.696921,-120.798553
565,SNOTEL:757_NM_SNTL,1135e377-22e6-4290-b4cd-e6739de7fd8a,33.650385,-109.3091005
566,SNOTEL:761_ID_SNTL,6bf06917-011b-4029-8fbe-a8dfea3bc598,42.359297,-111.563872
567,SNOTEL:762_CO_SNTL,85f0acd8-4008-472d-bf40-e35e0e2934e4,37.932915,-107.2070425
568,SNOTEL:763_UT_SNTL,7bc3c413-4709-4ddd-a2ad-99f6cad9436c,40.677939499999994,-110.9530175
569,SNOTEL:764_WY_SNTL,491846d3-f81a-4777-b49f-0a0c74168395,43.9386515,-110.4409775
570,SNOTEL:765_WY_SNTL,df7e906a-07f3-4a46-b9a5-0200427c26f7,42.299527,-110.6745395
571,SNOTEL:767_OR_SNTL,a6a9febf-ea16-4223-83d4-8e459e2af85a,44.261202499999996,-119.0198885
572,SNOTEL:770_ID_SNTL,6bf06917-011b-4029-8fbe-a8dfea3bc598,42.359297,-111.563872
573,SNOTEL:771_CA_SNTL,01be2cc7-ef77-4e4d-80ed-c4f8139162c3,38.279274,-119.6127765
574,SNOTEL:773_CO_SNTL,efada0af-09bf-4013-a1c6-0837f8ff59c5,37.854935499999996,-105.4373615
575,SNOTEL:777_WA_SNTL,cdfc27f0-b990-45f7-bac6-7c674cd157ac,46.178208,-121.9304305
576,SNOTEL:778_CA_SNTL,962f6718-ce02-4d13-b28c-e159d1adc2d4,38.4905185,-119.8014235
577,SNOTEL:779_WY_SNTL,df7e906a-07f3-4a46-b9a5-0200427c26f7,42.299527,-110.6745395
578,SNOTEL:780_CO_SNTL,ce9da6bf-cf6e-4edb-b579-5a0853b2ed17,37.698729,-107.7819645
579,SNOTEL:781_MT_SNTL,517aefce-a617-4251-acb9-c5faf0b7fdf3,46.913419,-110.8542025
580,SNOTEL:782_ID_SNTL,da6ce150-5daf-4a91-9fdd-a85854462b08,44.3768905,-116.3339265
581,SNOTEL:784_CA_SNTL,f6106ef5-e6fd-423b-9034-59bce18319da,38.9181445,-120.205665
582,SNOTEL:786_WY_SNTL,de9c541b-ce5e-4cc6-9ddd-03f85dc5b3d5,43.275193,-109.4438475
583,SNOTEL:787_MT_SNTL,d37ccc2e-7127-48ec-9425-2e77681c3635,48.4315575,-113.9354245
584,SNOTEL:790_UT_SNTL,c0568d62-49c7-4d9f-beba-ac0fb3e064c5,40.882007,-110.5397925
585,SNOTEL:791_WA_SNTL,bfda850c-3027-4e91-afcb-cca5e73e4a03,47.2742445,-121.3375425
586,SNOTEL:792_ID_SNTL,f3332d55-ecc8-4644-9deb-180e42abb2eb,43.8221025,-114.267801
587,SNOTEL:793_CO_SNTL,8c45801f-6377-42e1-ae0a-9b53593ff843,40.398034499999994,-105.8505865
588,SNOTEL:794_OR_SNTL,0a0ea690-5b73-4459-91d5-a6948d132a48,42.696921,-120.798553
589,SNOTEL:795_UT_SNTL,cfe58efd-ce2a-495a-90cd-6826f704ebee,40.295338,-111.2584445
590,SNOTEL:797_CO_SNTL,003fdfbd-c766-4312-b029-bd4cfba6ebef,37.492316,-107.7011165
591,SNOTEL:798_WY_SNTL,02c3ec4a-8de4-4284-9ec1-5a942d3d098e,44.581993999999995,-107.1980595
592,SNOTEL:801_OR_SNTL,ea185683-4427-44c3-84e1-706cf16781ce,43.51019049999999,-121.9753465
593,SNOTEL:803_ID_SNTL,b5d7b6b8-4e5d-4b5e-8976-c72e99f57769,47.456778,-115.7051055
594,SNOTEL:804_WA_SNTL,cdfc27f0-b990-45f7-bac6-7c674cd157ac,46.178208,-121.9304305
595,SNOTEL:805_ID_SNTL,af0463d4-f20f-4d13-bd0f-5834e2e8717b,43.607837,-113.9264415
596,SNOTEL:806_WY_SNTL,333458b2-c1a9-47a3-8ae0-92053ad28ae3,44.479532,-110.036736
597,SNOTEL:809_CA_SNTL,f6106ef5-e6fd-423b-9034-59bce18319da,38.9181445,-120.205665
598,SNOTEL:810_OR_SNTL,5e252b65-58dd-421f-a0db-3d4669bfb235,42.7892825,-121.9753465
599,SNOTEL:811_NV_SNTL,875622b7-5253-43d2-8e0f-348767860eb9,41.7791425,-116.0284985
600,SNOTEL:812_OR_SNTL,c07ab5f6-14a9-4b0b-a9af-9f7db6e8c220,45.262572500000005,-117.1693595
601,SNOTEL:814_UT_SNTL,eeb0a123-9482-4946-ab3f-9e63541cb655,40.562023499999995,-111.6537035
602,SNOTEL:815_OR_SNTL,fe33672e-7ea7-4c5d-8639-96b2cc7edb0c,43.8998275,-122.029245
603,SNOTEL:816_WY_SNTL,40c4f8cd-b0ca-4d37-b91e-b69e5dff7f9a,44.722584499999996,-110.512843
604,SNOTEL:817_WA_SNTL,47e625fa-e2df-43ce-84dd-8ac21fdda75a,48.5208855,-120.735671
605,SNOTEL:818_WY_SNTL,02c3ec4a-8de4-4284-9ec1-5a942d3d098e,44.581993999999995,-107.1980595
606,SNOTEL:819_WY_SNTL,692c41af-2210-4dd6-916d-c99e76807447,43.672847000000004,-109.3809655
607,SNOTEL:820_UT_SNTL,eeb0a123-9482-4946-ab3f-9e63541cb655,40.562023499999995,-111.6537035
608,SNOTEL:822_WY_SNTL,695bed09-0ad9-406e-b489-69408adeea06,43.3862775,-110.1265675
609,SNOTEL:823_UT_SNTL,2222b7b3-f48b-4cea-90bf-8e7245d002ea,41.685289499999996,-111.4201415
610,SNOTEL:824_WA_SNTL,f78ea076-10a1-45dc-a848-c08e129c6a28,46.23416,-117.3939385
611,SNOTEL:825_CO_SNTL,02cf33c2-c8e2-48b9-bf72-92506e97e251,40.398034499999994,-106.6051715
612,SNOTEL:826_WY_SNTL,990e5974-9c60-4c9a-ba23-ddce13971178,42.5713525,-108.8419765
613,SNOTEL:827_CO_SNTL,d64197fc-0723-4c61-9ce8-ff2554e24154,39.876097,-107.6023015
614,SNOTEL:830_ID_SNTL,36b98590-a7e6-4e00-8c7d-f0f3d25bafec,43.9515875,-115.273914
615,SNOTEL:831_WY_SNTL,551e2612-8a22-4c44-8290-78dc0e4af85d,42.96702,-110.6116575
616,SNOTEL:832_WA_SNTL,6d0ff6eb-0411-4863-b4e7-90958db98115,47.347334000000004,-120.681772
617,SNOTEL:833_UT_SNTL,50d7ad3f-57f0-45e1-911d-b0efff9deb8f,40.841244,-110.0008035
618,SNOTEL:834_CA_SNTL,f6106ef5-e6fd-423b-9034-59bce18319da,38.9181445,-120.205665
619,SNOTEL:835_MT_SNTL,cfd2c7fc-c29a-4a32-a11d-d04fa2dd660d,46.1408745,-114.5013625
620,SNOTEL:837_WY_SNTL,491846d3-f81a-4777-b49f-0a0c74168395,43.9386515,-110.4409775
621,SNOTEL:838_CO_SNTL,f9f7132d-56a2-43e2-baba-312f34dbaeed,40.199347,-105.5990585
622,SNOTEL:839_CO_SNTL,0c31f316-6718-4a43-a9f1-ed552e45bd0f,37.7271545,-107.2699245
623,SNOTEL:840_CO_SNTL,3789f7a5-5743-4005-844d-602dadb33030,37.4994435,-106.865683
624,SNOTEL:841_WA_SNTL,6d0ff6eb-0411-4863-b4e7-90958db98115,47.347334000000004,-120.681772
625,SNOTEL:842_CO_SNTL,f62e6b4d-7f9d-4139-bac4-59f084fb09cd,39.599784,-106.51534
626,SNOTEL:844_UT_SNTL,93b8483d-a510-42ff-865e-33d5a8784dc4,40.4937435,-112.6149005
627,SNOTEL:845_ID_SNTL,695c7749-a3b8-4158-bd14-59d1f2c3e736,43.484125,-114.8247565
628,SNOTEL:847_MT_SNTL,dca30f20-582e-40ef-be6d-aa7858be4baa,48.1326605,-113.0191425
629,SNOTEL:848_CA_SNTL,f6106ef5-e6fd-423b-9034-59bce18319da,38.9181445,-120.205665
630,SNOTEL:849_NV_SNTL,38793f95-324b-4f01-b1a7-45e1c9353bc1,39.565167,-115.8398525
631,SNOTEL:850_MT_SNTL,4f13c5e6-14c0-44cf-a2b0-4ef9bb3704fd,46.240373500000004,-113.7737275
632,SNOTEL:852_WY_SNTL,8116acfb-8035-4d34-b9b9-b0af2c5697df,41.071904,-106.9465315
633,SNOTEL:854_NM_SNTL,9c43edf0-541f-4dbb-9fe1-42cc83d453bd,36.125859,-105.5271935
634,SNOTEL:855_ID_SNTL,c66f40ed-f72e-4012-991c-1f3726e5c8ad,45.186647,-115.9746
635,SNOTEL:857_CO_SNTL,2ca6a37f-67f5-4905-864b-ddf98d956ebb,37.35677,-105.2307495
636,SNOTEL:858_MT_SNTL,b1936012-0d31-4b92-8d60-c24903b2e569,44.5883915,-111.1147145
637,SNOTEL:859_WY_SNTL,8116acfb-8035-4d34-b9b9-b0af2c5697df,41.071904,-106.9465315
638,SNOTEL:861_AZ_SNTL,a2588440-600e-41da-b2b9-1f5632ecdef6,34.860599500000006,-111.6087875
639,SNOTEL:862_MT_SNTL,e776d9b6-2180-4f50-90bf-77f7b920fc3b,44.805499999999995,-109.6594435
640,SNOTEL:863_WA_SNTL,bb65d7a1-a5d5-4c89-9ef9-f0f1db06cc58,46.624231,-121.382458
641,SNOTEL:864_UT_SNTL,0a820e12-033b-45d6-9ef9-d70f4c5e5b63,39.889883,-111.2494615
642,SNOTEL:865_UT_SNTL,ad44deb7-e56d-47bd-8d64-7147493e0aee,37.9754145,-111.8333665
643,SNOTEL:868_WY_SNTL,551e2612-8a22-4c44-8290-78dc0e4af85d,42.96702,-110.6116575
644,SNOTEL:869_CO_SNTL,8c45801f-6377-42e1-ae0a-9b53593ff843,40.398034499999994,-105.8505865
645,SNOTEL:871_ID_SNTL,5308a803-69e6-43cd-89db-66e93f9f83af,41.6651605,-115.327813
646,SNOTEL:872_WY_SNTL,ab89875f-3b86-4c6a-8d66-767017570dfc,42.5713525,-106.0931315
647,SNOTEL:873_OR_SNTL,631ed3c9-7863-4e7c-86fa-4bfb043f2851,44.830989,-118.1844555
648,SNOTEL:874_CO_SNTL,3789f7a5-5743-4005-844d-602dadb33030,37.4994435,-106.865683
649,SNOTEL:876_MT_SNTL,99a2d4a9-63a0-43a7-976d-2a1ed822186d,46.8397315,-112.507103
650,SNOTEL:877_AZ_SNTL,0aeaffd7-9089-49e7-85ad-2314f32cbf7c,34.3652575,-111.0069165
651,SNOTEL:878_WY_SNTL,692c41af-2210-4dd6-916d-c99e76807447,43.672847000000004,-109.3809655
652,SNOTEL:895_ID_SNTL,f3332d55-ecc8-4644-9deb-180e42abb2eb,43.8221025,-114.267801
653,SNOTEL:896_UT_SNTL,10162c55-772d-49d2-8b1b-b1f9c86254b2,40.936319,-111.8154005
654,SNOTEL:897_WA_SNTL,360f1bcc-aa60-4052-a18a-b33da5745ff4,47.3595055,-121.5711045
655,SNOTEL:899_WA_SNTL,360f1bcc-aa60-4052-a18a-b33da5745ff4,47.3595055,-121.5711045
656,SNOTEL:901_MT_SNTL,89a7b0ef-1ec8-490f-9207-c93aa57a147f,47.1766355,-114.330683
657,SNOTEL:902_AZ_SNTL,1135e377-22e6-4290-b4cd-e6739de7fd8a,33.650385,-109.3091005
658,SNOTEL:904_CO_SNTL,0d9f0708-5e8d-4eb8-b946-6441ef955516,37.456669500000004,-108.01552649999999
659,SNOTEL:905_CO_SNTL,9e5bc091-13c7-46ec-8c17-8e315b7e535c,37.4780595,-108.096375
660,SNOTEL:906_UT_SNTL,93b8483d-a510-42ff-865e-33d5a8784dc4,40.4937435,-112.6149005
661,SNOTEL:907_UT_SNTL,ad44deb7-e56d-47bd-8d64-7147493e0aee,37.9754145,-111.8333665
662,SNOTEL:909_WA_SNTL,e6d48180-814d-494b-99cc-0be5cd1a0eaf,48.693141,-121.912464
663,SNOTEL:911_WA_SNTL,360f1bcc-aa60-4052-a18a-b33da5745ff4,47.3595055,-121.5711045
664,SNOTEL:912_WA_SNTL,8e7f826f-8dc9-490a-9282-98d899a07cc7,47.777711499999995,-121.6968685
665,SNOTEL:913_CO_SNTL,02cf33c2-c8e2-48b9-bf72-92506e97e251,40.398034499999994,-106.6051715
666,SNOTEL:915_ID_SNTL,830bc2b9-592d-4334-842a-213ba4c0a347,44.843728999999996,-114.267801
667,SNOTEL:917_MT_SNTL,9ea23099-dd30-4b26-9de7-5d42d5dae87b,46.790549999999996,-109.5157135
668,SNOTEL:918_MT_SNTL,2f5c1968-2c34-4539-a9f4-38298d0de925,48.971065499999995,-115.9566335
669,SNOTEL:919_MT_SNTL,eab40c22-0c15-4291-a6ce-e085a7f0f1e4,46.482148,-110.7104725
670,SNOTEL:920_SD_SNTL,ab89875f-3b86-4c6a-8d66-767017570dfc,42.5713525,-106.0931315
671,SNOTEL:921_NM_SNTL,9c43edf0-541f-4dbb-9fe1-42cc83d453bd,36.125859,-105.5271935
672,SNOTEL:922_NM_SNTL,9c43edf0-541f-4dbb-9fe1-42cc83d453bd,36.125859,-105.5271935
673,SNOTEL:923_WY_SNTL,990e5974-9c60-4c9a-ba23-ddce13971178,42.5713525,-108.8419765
674,SNOTEL:924_MT_SNTL,b1936012-0d31-4b92-8d60-c24903b2e569,44.5883915,-111.1147145
675,SNOTEL:925_OR_SNTL,e13f9c1b-dca0-4c63-a64c-76f6bc725156,45.426729,-121.8585655
676,SNOTEL:926_ID_SNTL,af0463d4-f20f-4d13-bd0f-5834e2e8717b,43.607837,-113.9264415
677,SNOTEL:927_AZ_SNTL,c0e85162-6ff4-401b-b01e-cc6d7a51eac0,34.9710915,-111.509973
678,SNOTEL:929_MT_SNTL,e467a17f-a729-4938-87a1-ac25157eed63,45.502333,-110.9620005
679,SNOTEL:930_MT_SNTL,4f13c5e6-14c0-44cf-a2b0-4ef9bb3704fd,46.240373500000004,-113.7737275
680,SNOTEL:935_CO_SNTL,7f215a89-2a17-42f0-a2fb-f18fbc888cef,39.5859395,-105.805671
681,SNOTEL:936_CO_SNTL,a5366d95-7b9d-4b1b-a16f-99e56fab08f5,39.627465,-105.7787215
682,SNOTEL:937_CO_SNTL,7a266524-6e76-4d06-963f-6f977e356574,39.4612125,-105.9134685
683,SNOTEL:939_CO_SNTL,fde3221a-9ce3-45a9-857f-bd196b07aa05,39.3015135,-106.1110985
684,SNOTEL:941_WA_SNTL,2f266b81-aad3-4c26-ac69-1bd04a208bf7,46.7843995,-121.7507675
685,SNOTEL:942_WA_SNTL,cdb446bc-e801-404f-9911-9ba5c687f6af,47.2010545,-121.7777165
686,SNOTEL:945_OR_SNTL,0a0ea690-5b73-4459-91d5-a6948d132a48,42.696921,-120.798553
687,SNOTEL:972_UT_SNTL,10162c55-772d-49d2-8b1b-b1f9c86254b2,40.936319,-111.8154005
688,SNOTEL:974_WA_SNTL,9448e70e-32ff-4c47-b6e7-ccb1df91743b,47.93443,-123.4216335
689,SNOTEL:975_WA_SNTL,47e625fa-e2df-43ce-84dd-8ac21fdda75a,48.5208855,-120.735671
690,SNOTEL:978_ID_SNTL,da6ce150-5daf-4a91-9fdd-a85854462b08,44.3768905,-116.3339265
691,SNOTEL:981_MT_SNTL,e776d9b6-2180-4f50-90bf-77f7b920fc3b,44.805499999999995,-109.6594435
692,SNOTEL:982_WY_SNTL,ab89875f-3b86-4c6a-8d66-767017570dfc,42.5713525,-106.0931315
693,SNOTEL:984_WA_SNTL,f78ea076-10a1-45dc-a848-c08e129c6a28,46.23416,-117.3939385
694,SNOTEL:988_ID_SNTL,2f5c1968-2c34-4539-a9f4-38298d0de925,48.971065499999995,-115.9566335
695,SNOTEL:989_ID_SNTL,f78ea076-10a1-45dc-a848-c08e129c6a28,46.23416,-117.3939385
696,SNOTEL:990_WA_SNTL,cde149fe-708b-4a35-bea8-959eb9da4e0b,48.929770000000005,-121.1938115
697,SNOTEL:992_UT_SNTL,064d7f3e-8bbd-49cd-b360-5c4590a19b9e,40.7936545,-110.8811525
698,SNOTEL:998_WA_SNTL,cde149fe-708b-4a35-bea8-959eb9da4e0b,48.929770000000005,-121.1938115
699,SNOTEL:999_WA_SNTL,e6d48180-814d-494b-99cc-0be5cd1a0eaf,48.693141,-121.912464
